class_id,class_name,mesh
451,SystemPortal2X4,test_portal_4m.geo
691,HumanBaseFemale,avatar_hum_f_nude_caucasian_v01.geo
692,HumanBaseMale,avatar_hum_m_nude_caucasian_v01.geo
709,MolderLight,molder_pointlight.geo
832,SystemPortal2X2,test_portal_2m.geo
1400,ParticleLocationProxy,particle_proxy.geo
1912,GBB_FilterActorType,Molder_Filter_Actor_Type.geo
1928,GBB_LocalTeleporter,Molder_Local_Teleporter.geo
1929,GBB_BridgeTeleporter,Molder_Bridge_Teleporter.geo
1930,GBBType_Alarm,Molder_Alarm.geo
1997,GBB_FilterActorProperties,Molder_Filter_Actor_Prop.geo
1998,GBB_FilterCreatureProperties,Molder_Filter_Creature_Prop.geo
1999,GBB_FilterManifestationProperties,Molder_Filter_Manifestation_Prop.geo
2000,GBB_FilterOnOff,Molder_Filter_OnOff.geo
2001,GBB_PartyCounter,Molder_Party_Counter.geo
2002,GBB_TeamCounter,Molder_Team_Counter.geo
2003,GBB_PlayerCounter,Molder_Player_Counter.geo
2079,SystemDefaultExit,exit.geo
2441,GBB_GlobalTimer,Molder_Timer.geo
2442,GBB_PartyTimer,Molder_Timer.geo
2443,GBB_TeamTimer,Molder_Timer.geo
2444,GBB_PlayerTimer,Molder_Timer.geo
2454,GBB_WaypointTeleporter,Molder_Local_Teleporter.geo
2458,GBBType_WaypointTeleporter,Molder_Local_Teleporter.geo
2513,GBB_PatrolPoint_Anchor,Molder_Anchor.geo
2624,TerraTunnel7Offset21R,terra_foreas_cavern_offset8_24m_r_v01.geo
2625,TerraTunnelTurn21,terra_foreas_cavern_turn_24m_v01.geo
2626,TerraTunnelSplit21,terra_foreas_cavern_split16_24m_v01.geo
2627,TerraTunnelTee14,terra_foreas_cavern_tee_16m_v01.geo
2628,TerraForeasCavernEntrance24mv01,terra_foreas_cavern_entrance_24m_v01.geo
2629,TerraTunnel14Offset21R,terra_foreas_cavern_offset16_24m_r_v01.geo
2630,TerraTunnel45Split21,terra_foreas_cavern_split16_8_24m_v01.geo
2631,TerraTunnelStraight21,terra_foreas_cavern_straight_24m_v01.geo
2632,TerraTunnelStraight7,terra_foreas_cavern_straight_8m_v01.geo
2805,TerraTunnelTeeDown14,terra_foreas_cavern_tee_16m_v02.geo
2806,TerraTunnelTeeUp14,terra_foreas_cavern_tee_16m_v03.geo
2807,TerraTunnelEnd,terra_foreas_cavern_endcap_v01.geo
2826,TerraTunnel7Offset21L,terra_foreas_cavern_offset8_24m_l_v01.geo
2827,TerraTunnel14Offset21L,terra_foreas_cavern_offset16_24m_l_v01.geo
2828,TerraTunnelStraight21Ramp14,terra_foreas_cavern_ramp16_24m_v01.geo
2829,TerraTunnelStraight21Ramp7,terra_foreas_cavern_ramp8_24m_v01.geo
2831,TerraTunnelTurn21Ramp7R,terra_foreas_cavern_rampright8_24m_v01.geo
2832,TerraTunnelTurn21Ramp7L,terra_foreas_cavern_rampleft8_24m_v01.geo
2834,TerraTunnelStraightOffset14,terra_foreas_cavern_straight_stacked16_24m_v01.geo
2837,TerraTunnelRoomHalfV01,terra_tunnel_room_half_v01.geo
2838,TerraTunnelRoomHalfV02,terra_tunnel_room_half_v02.geo
2864,TerraTunnelRoomHalfV03,terra_tunnel_room_half_v03.geo
2865,TerraTunnelRoomEnd,terra_tunnel_room_end.geo
2908,TerraTunnelRoomEndV02,terra_tunnel_room_end_v02.geo
2913,TerraTunnelRoomTurnLeft,terra_tunnel_room_half_turn_l.geo
2914,TerraTunnelRoomTurnRight,terra_tunnel_room_half_turn_r.geo
3147,Ammo_Cartridge_1_Standard_Grade,ammo_bullets_v01.geo
3181,Ammo_Rocket_1_Standard_Grade,ammo_rockets_v01.geo
3301,Ammo_Canister_1_Standard_Grade,ammo_gas_v01.geo
3324,TestLightingSkydome,test_light_skydome.geo
3542,TerraTunnelRoomV01,terra_foreas_cavern_room_v01.geo
3543,Sys_CharacterSelectionPod,prop_hum_bed_v01.geo
3544,ArchHumanBaseHeadquartersForeas,arch_hum_fort_headqtrs_v02.geo
3545,ArchHumanBaseShopWeapon,arch_hum_fort_shop_weapon_v02.geo
3546,ArchHumanBaseShopTavernSmall,arch_hum_fort_tavern_v02.geo
3548,ArchHumanBaseRadarV01,prop_hum_radar_v01.geo
3549,ArchHumanBaseWallStraight16,arch_hum_fort_wall_straight_16m_v02.geo
3550,ArchHumanBaseWallStraight8,arch_hum_fort_wall_straight_8m_v02.geo
3551,ArchHumanBaseGate,arch_hum_fort_wall_entrance_32m_v04.geo
3552,ArchHumanBaseWallCornerOut,arch_hum_fort_wall_corner_out_8m_v02.geo
3553,ArchHumanBaseWallCornerIn,arch_hum_fort_wall_corner_in_8m_v02.geo
3554,ArchHumanBaseHospital,arch_hum_fort_hospital_v02.geo
3558,ArchHumBaseButtressLarge,arch_hum_fort_buttress_v02.geo
3562,ArchHumOutpostGenerator,arch_hum_outpost_generator_v02.geo
3569,ArchHumBaseClothingStore,arch_hum_fort_shop_clothing_v02.geo
3570,ArchHumBaseBarracks,arch_hum_fort_barracks_v02.geo
3571,ArchHumBaseArmorShop,arch_hum_fort_shop_armor_v01.geo
3573,ArchHumBaseGarage,arch_hum_fort_garage_v02.geo
3576,ArchHumOutpostHospital,arch_hum_outpost_hospital_v02.geo
3577,ArchHumBasePrison,arch_hum_fort_prison_v02.geo
3578,ArchHumBaseKennel,arch_hum_fort_kennel_v02.geo
3579,ArchHumOutpostWaypoint,arch_hum_outpost_waypoint.geo
3584,SystemAvatarLookModeMaleNude,avatar_hum_m_nude_caucasian_v01.geo
3585,SystemAvatarLookModeFemaleNude,avatar_hum_f_nude_caucasian_v01.geo
3586,SystemAvatarLookModeFemaleStealth,npc_redshirt_f_electric_netgun_stealth_v01.geo
3590,TerraforeasPinholefalls,terra_foreas_pinholefalls.geo
3602,FloraForeasGenTree01V01,flora_foreas_gen_tree01_v01.geo
3603,TerraForeasGenRock02V03,terra_foreas_gen_rock02_v03.geo
3604,FloraForeasGenTree01V02,flora_foreas_gen_tree01_v02.geo
3605,FloraForeasGenTree01V03,flora_foreas_gen_tree01_v03.geo
3606,FloraForeasGenTree01V04,flora_foreas_gen_tree01_v04.geo
3607,TerraForeasGenRock02V02,terra_foreas_gen_rock02_v02.geo
3608,TerraForeasGenRock02V01,terra_foreas_gen_rock02_v01.geo
3609,TerraForeasGenRock01V03,terra_foreas_gen_rock01_v03.geo
3610,TerraForeasGenRock01V01,terra_foreas_gen_rock01_v01.geo
3611,TerraForeasRanjagorgeWallStraight16a,terra_foreas_ranjagorge_wall_straight_16_a.geo
3612,TerraForeasRanjagorgeWallStraight16b,terra_foreas_ranjagorge_wall_straight_16_b.geo
3613,TerraForeasRanjagorgeWallCurveInside,terra_foreas_ranjagorge_wall_curve_inside.geo
3614,FloraForeasGenPalm01V01,flora_foreas_gen_palm01_v01.geo
3628,FloraForeasGenPalm02V01,flora_foreas_gen_palm02_v01.geo
3629,FloraForeasGenPlant01V01,flora_foreas_gen_plant01_v01.geo
3630,FloraForeasGenPlant04V01,flora_foreas_gen_plant04_v01.geo
3631,FloraForeasGenPlant02V01,flora_foreas_gen_plant02_v01.geo
3632,FloraForeasGenPlant03V01,flora_foreas_gen_plant03_v01.geo
3633,FloraForeasGenPlant03V02,flora_foreas_gen_plant03_v02.geo
3635,TerraForeasRanjagorgeWallCurveOutside,terra_foreas_ranjagorge_wall_curve_outside.geo
3636,FloraForeasGenTree01LogV01,flora_foreas_gen_tree01_log_v01.geo
3637,FloraForeasGenTree01LogV02,flora_foreas_gen_tree01_log_v02.geo
3638,FloraForeasGenTree01StumpV01,flora_foreas_gen_tree01_stump_v01.geo
3639,FloraForeasGenTree01StumpV02,flora_foreas_gen_tree01_stump_v02.geo
3640,FloraForeasGenFern01V01,flora_foreas_gen_fern01_v01.geo
3642,FloraForeasGenFern01V03,flora_foreas_gen_fern01_v03.geo
3643,FloraForeasGenFern01V04,flora_foreas_gen_fern01_v04.geo
3652,SkyForeasDefaultMoon,sky_foreas_default_moon.geo
3657,FloraForeasGenTree01V05,flora_foreas_gen_tree01_v05.geo
3658,FloraForeasGenTree01V06,flora_foreas_gen_tree01_v06.geo
3659,FloraForeasGenTree01V07,flora_foreas_gen_tree01_v07.geo
3661,TerraForeasRockpileTree,terra_foreas_gen_rock03_v01.geo
3678,FloraForeasGenBush01V01,flora_foreas_gen_bush01_v01.geo
3690,TerraForeasGenRock02V04,terra_foreas_gen_rock02_v04.geo
3691,FloraForeasGenTree01LogV03,flora_foreas_gen_tree01_log_v03.geo
3692,FloraForeasGenTree01LogV04,flora_foreas_gen_tree01_log_v04.geo
3693,TerraForeasGenRock01V04,terra_foreas_gen_rock01_v04.geo
3694,TerraForeasGenRock01V06,terra_foreas_gen_rock01_v06.geo
3695,TerraForeasGenRock01V02,terra_foreas_gen_rock01_v02.geo
3696,TerraForeasGenRock01V05,terra_foreas_gen_rock01_v05.geo
3697,TerraForeasGenRock01V07,terra_foreas_gen_rock01_v07.geo
3698,TerraForeasGenRock01V08,terra_foreas_gen_rock01_v08.geo
3699,FloraForeasGenBush01V02,flora_foreas_gen_bush01_v02.geo
3700,FloraForeasGenBush01V03,flora_foreas_gen_bush01_v03.geo
3709,FloraForeasGenGrass01V01,flora_foreas_gen_grass01_v01.geo
3710,FloraForeasGenGrass01V03,flora_foreas_gen_grass01_v03.geo
3711,FloraForeasGenGrass01V02,flora_foreas_gen_grass01_v02.geo
3712,FloraForeasGenTree02V01,flora_foreas_gen_tree02_v01.geo
3713,TerraForeasGenRock04V01,terra_foreas_gen_rock04_v01.geo
3714,FloraForeasGenBush02V01,flora_foreas_gen_bush02_v01.geo
3715,ArchElohTrinityBridge,arch_eloh_trinitybridge_v01.geo
3716,FloraForeasGenFern01V02,flora_foreas_gen_fern01_v02.geo
3719,FloraForeasFern01V02,flora_foreas_gen_fern01_v02.geo
3720,FloraForeasGenTree02V02,flora_foreas_gen_tree02_v02.geo
3721,FloraForeasGenTree02V03,flora_foreas_gen_tree02_v03.geo
3723,FloraForeasGenBush03V01,flora_foreas_gen_bush03_v01.geo
3725,FloraForeasGenBush02V02,flora_foreas_gen_bush02_v02.geo
3726,FloraForeasGenGrassclump01V04,flora_foreas_gen_grassclump01_v03.geo
3727,FloraForeasGenGrassclump01V01,flora_foreas_gen_grassclump01_v01.geo
3728,FloraForeasGenGrassclump01V02,flora_foreas_gen_grassclump01_v02.geo
3729,FloraForeasGenGrassclump01V03,flora_foreas_gen_grassclump01_v03.geo
3733,TerraForeasLandbridge01V01,terra_foreas_landbridge_01_v01.geo
3736,ArchHumBaseElementV01,prop_hum_pipe_v01.geo
3737,ArchHumBaseElementV02,prop_hum_barrel_v01.geo
3738,ArchHumBaseElementV03,prop_hum_v01.geo
3739,ArchHumBaseElementV04,prop_hum_crate_v01.geo
3740,ArchHumBaseElementV05,prop_hum_crate_v02.geo
3742,Modification_ClothingColor,ammo_gas_v01.geo
3751,FloraForeasGenBush04V01,flora_foreas_gen_bush04_v01.geo
3753,ArchHumDropshipPropV02Destroyed,prop_hum_dropship_v02_destroyed.geo
3754,ArchHumBaseGatesystemPlatform8M,arch_hum_fort_catwlk_platform_8m_v01.geo
3756,ArchBaneIndustrialTunnelStraight018mV01,arch_bane_industrial_tunnel_straight_01_8m_v01.geo
3757,ArchForeanShopArmorV01,arch_forean_shop_armor_v01.geo
3758,ArchHumBaseGatesystemTjunction,arch_hum_fort_catwlk_wall_tee_v02.geo
3759,ArchHumBaseGatesystemWall8M,arch_hum_fort_catwlk_wall_straight_8m_v02.geo
3760,FloraForeasGenBush03V02,flora_foreas_gen_bush03_v02.geo
3761,FloraForeasGenBush03V03,flora_foreas_gen_bush03_v03.geo
3762,Bane_Thrax_Soldier_Pistol,creature_thrax_soldier_v03_pistol.geo
3763,ArchHumBasePrisonCell,arch_hum_fort_prison_cell_v02.geo
3764,ArchHumBaseObservation,arch_hum_fort_crowsnest_v02.geo
3765,ArchHumBaseGatesystemYsupport,arch_hum_fort_catwlk_support_v02.geo
3766,ArchHumBaseGatesystemLight,arch_hum_fort_catwlk_light_v01.geo
3767,ArchHumDropshipPropV01Destroyed,prop_hum_dropship_v01_destroyed.geo
3768,ArchHumBaseGatesystemPlatform4M,arch_hum_fort_catwlk_platform_4m_v01.geo
3769,ArchHumBaseGatesystemCatwalk8MV02,arch_hum_fort_catwlk_platform_8m_v02.geo
3770,ArchHumBaseGatesystemRampV02,arch_hum_fort_catwlk_ramp_v03.geo
3771,FloraForeasGenTree02V04,flora_foreas_gen_tree02_v04.geo
3772,ArchHumBaseManholecover,prop_hum_manhole_v01.geo
3773,ArchHumBaseLoudspeaker,prop_hum_loudspeaker_v01.geo
3774,FloraForeasGenVeniusflytrap01V01,flora_foreas_gen_veniusflytrap01_v01.geo
3776,ArchHumOutpostFenceStraight8V01,arch_hum_outpost_fence_straight_8_v04.geo
3777,ArchHumOutpostFenceGateV01,arch_hum_outpost_fence_entrance_v03.geo
3778,ArchHumOutpostFenceCornerV01,arch_hum_outpost_fence_corner_v06.geo
3780,FloraForeasStinkcabbage01V01,flora_foreas_stinkcabbage01_v01.geo
3781,Vehicle_Bane_Stalker,Thrax_Stalker_v01.geo
3782,Weapon_Creature_Bane_Pistol,hp_thrax_soldier_pistol_v02.geo
3783,ArchHumBattlefieldDestroyedV01,arch_hum_obj_gen_destroyed_v03.geo
3785,ArchHumBattlefieldDestroyedV02,arch_hum_obj_gen_destroyed_v04.geo
3786,FloraForeasIlluminarePlant01V02,flora_foreas_illuminare_plant01_v02.geo
3787,ArchHumGenDestroyedV01,prop_hum_destroyed_v05.geo
3788,ArchHumBaseElementV06,prop_hum_pipe_v02.geo
3789,ArchHumBaseElementV07,prop_hum_pipe_v03.geo
3790,ArchHumBaseElementV08,prop_hum_pipe_v04.geo
3793,FloraForeasGenTree01LogV01Destroyed,flora_foreas_gen_tree01_log_v01_destroyed.geo
3794,FloraForeasGenTree01LogV02Destroyed,flora_foreas_gen_tree01_log_v02_destroyed.geo
3795,FloraForeasGenTree01StumpV01Destroyed,flora_foreas_gen_tree01_stump_v01_destroyed.geo
3796,FloraForeasGenTree01StumpV03Destroyed,flora_foreas_gen_tree01_stump_v03_destroyed.geo
3797,FloraForeasGenTree01StumpV02Destroyed,flora_foreas_gen_tree01_stump_v02_destroyed.geo
3798,FloraForeasGenTree01StumpV04Destroyed,flora_foreas_gen_tree01_stump_v04_destroyed.geo
3799,FloraForeasGenTree01V01Destroyed,flora_foreas_gen_tree01_v01_destroyed.geo
3800,FloraForeasGenTree01V02Destroyed,flora_foreas_gen_tree01_v02_destroyed.geo
3801,ArchHumOutpostTowerDestroyedV01,arch_hum_outpost_tower_v01_destroyed.geo
3802,FloraForeasIlluminarePlant01V01,flora_foreas_illuminare_plant01_v01.geo
3803,FloraForeasIlluminarePlant01V03,flora_foreas_illuminare_plant01_v03.geo
3804,FloraForeasIlluminarePlant01V04,flora_foreas_illuminare_plant01_v04.geo
3805,FloraForeasIlluminarePlant01V05,flora_foreas_illuminare_plant01_v05.geo
3806,FloraForeasIlluminarePlant01V06,flora_foreas_illuminare_plant01_v06.geo
3807,Ammo_Battery_1_Standard_Grade,ammo_energy_v01.geo
3808,ArchHumOutpostFenceStraight8V01DestroyedV01,arch_hum_outpost_fence_straight_8_v04_destroyed.geo
3814,UsableControlPointElohV01,arch_eloh_controlpoint_v02_PVE.geo
3815,FloraForeasPlantNakataka01V01,flora_foreas_plant_nakataka01_v01.geo
3817,GBB_MapTeleporter,Molder_Local_Teleporter.geo
3829,ArchHumGenDestroyedV02,prop_hum_destroyed_v06.geo
3831,TerraForeasDamagedRock01V01,terra_foreas_damaged_rock01_v01.geo
3832,TerraForeasDamagedRock01V02,terra_foreas_damaged_rock01_v02.geo
3833,TerraForeasDamagedRock01V04,terra_foreas_damaged_rock01_v04.geo
3834,TerraForeasDamagedRock01V05,terra_foreas_damaged_rock01_v05.geo
3835,TerraForeasDamagedRock01V07,terra_foreas_damaged_rock01_v07.geo
3836,TerraForeasDamagedRock02V01,terra_foreas_damaged_rock02_v01.geo
3837,TerraForeasDamagedRock02V02,terra_foreas_damaged_rock02_v02.geo
3838,TerraForeasDamagedRock02V03,terra_foreas_damaged_rock02_v03.geo
3839,TerraForeasDamagedRock02V04,terra_foreas_damaged_rock02_v04.geo
3845,TEST_Weapon_Avatar_Bane_Pistol_v01,hp_hum_pistol_laser_thrax_v01.geo
3846,NPC_Human_Swapset_Male,avatar_hum_m_nude_caucasian_v01.geo
3848,NPC_Human_Swapset_Female,avatar_hum_f_nude_caucasian_v01.geo
3851,ArchBaneOutpostLaunchPredator,arch_bane_outpost_launch_predator_v01.geo
3856,ArchBaneOutpostBarracks,arch_bane_outpost_barracks_v01.geo
3857,UsableInertDestBaneOutpostGenerator,arch_bane_outpost_generator_v01.geo
3858,ArchBaneOutpostLaunchDropshipBay,arch_bane_outpost_launch_dropship_v01.geo
3859,ArchBaneOutpostTower,arch_bane_outpost_tower_v01.geo
3860,ArchHumGenDestroyedV03,prop_hum_destroyed_v07.geo
3861,ArchHumGenDestroyedV04,prop_hum_destroyed_v04.geo
3868,Bane_Hominis_Machina,creature_thrax_hominis_v01.geo
3872,ArchHumBaseHolosignMobile,prop_hum_sign_holo_mobile_v01.geo
3873,ArchForeanElohObeliskV01,arch_forean_eloh_obelisk_v01.geo
3877,TEST_Weapon_Avatar_Bane_Rifle,hp_hum_rifle.geo
3878,Weapon_Creature_Bane_Rifle,hp_thrax_soldier_rifle_v01.geo
3881,ArchForeanElohColumnV01,arch_forean_eloh_column_v01.geo
3882,ArchForeanElohColumnV02,arch_forean_eloh_column_v02.geo
3883,ArchForeanElohColumnV03,arch_forean_eloh_column_v03.geo
3884,ArchForeanElohColumnV04,arch_forean_eloh_column_v04.geo
3887,ArchHumBaseLightconeLarge,prop_hum_light_v01.geo
3888,ArchHumBaseLightconeSmall,prop_hum_light_v02.geo
3889,ArchForeanElohGenV01,prop_forean_eloh_v01.geo
3890,ArchForeanElohGen02,prop_forean_eloh_v02.geo
3897,Ability_Stalker_Eggling,weapon_stalker_tracker.geo
3899,UsableTeslaCoilBaneV01,arch_bane_outpost_teslacoil.geo
3901,Bane_Kael_Armored,creature_thrax_kael_v02.geo
3902,Vehicle_Bane_Predator,creature_thrax_predator.geo
3903,ArchBaneOutpostIncidentalCrate,prop_bane_outpost_crate_v01.geo
3904,Sound_ForestAmbient_Left,sound_obj_proxy_200m.geo
3905,Sound_ForestAmbient_Right,sound_obj_proxy_200m.geo
3906,Sound_ForeasBaseAmbient_Left,sound_obj_proxy_50m.geo
3907,Sound_ForeasBaseAmbient_Right,sound_obj_proxy_50m.geo
3908,Sound_Garage_MonoLoop,sound_obj_proxy_50m.geo
3909,ArchBaneOutpostIncidentalTerminalRemote,prop_bane_outpost_terminal_v01.geo
3911,UsableControlPointDELETEV02,arch_eloh_controlpoint_v01.geo
3912,ArchHumBaseTurretDestroyed,prop_hum_turret_auto_v01_destroyed.geo
3913,FALLINGBOMB,particle_proxy.geo
3915,Z_TEST_Human_Female_Hueing,avatar_hum_f_nude_caucasian_v01.geo
3917,Sound_Battlefield_Distant_Left,sound_obj_proxy_200m.geo
3918,Sound_Battlefield_Distant_Right,sound_obj_proxy_200m.geo
3919,Sound_Battlefield_Near_Left,sound_obj_proxy_200m.geo
3920,Sound_Battlefield_Near_Right,sound_obj_proxy_200m.geo
3921,Sound_Human_Outpost_Left,sound_obj_proxy_50m.geo
3922,Sound_Human_Outpost_Right,sound_obj_proxy_50m.geo
3923,ArchForeanElohHeadV01,arch_forean_eloh_head_v01.geo
3924,Sound_VDU_Hum,sound_obj_proxy.geo
3925,ArchHumBaseHolosignTavern,prop_hum_sign_holo_v10.geo
3926,ArchHumBaseHolosignForeasBase,prop_hum_sign_holo_v01.geo
3927,ArchHumBaseHolosignCP,prop_hum_sign_holo_v16.geo
3928,ArchHumBaseHolosignFrontlines,prop_hum_sign_holo_v03.geo
3929,ArchHumBaseHolosignDivide,prop_hum_sign_holo_v17.geo
3930,ArchHumBaseHolosignHydroplant,prop_hum_sign_holo_v05.geo
3931,ArchHumBaseHolosignDropship,prop_hum_sign_holo_v12.geo
3932,ArchHumBaseHolosignFoxtrot,prop_hum_sign_holo_v07.geo
3933,ArchHumBaseHolosignArmorSupplies,prop_hum_sign_holo_v06.geo
3934,ArchHumBaseHolosignElohVale,prop_hum_sign_holo_v09.geo
3944,TEST_Weapon_Kgstest,hp_hum_pistol_physical_v01.geo
3945,ArchBaneGenObjPlans,prop_bane_plans_v01.geo
3946,ArchBaneGenObjBlackbox,prop_bane_blackbox_v01.geo
3947,Sound_Waterfall_Loop,sound_obj_proxy_50m.geo
3949,Sound_Stream_Loop_1,sound_obj_proxy_50m.geo
3950,UsableItemDispBanePlansDELETEV01,prop_bane_plans_v01.geo
3954,Sound_BaneBaseAmbient_Left,sound_obj_proxy_200m.geo
3955,Sound_BaneBaseAmbient_Right,sound_obj_proxy_200m.geo
3956,Sound_Foreas_PA_1,sound_obj_proxy.geo
3957,Sound_Foreas_PA_2,sound_obj_proxy.geo
3958,Sound_Foreas_PA_3,sound_obj_proxy.geo
3959,Sound_Foreas_PA_4,sound_obj_proxy.geo
3960,Sound_Foreas_PA_5,sound_obj_proxy.geo
3961,Sound_Foreas_PA_6,sound_obj_proxy.geo
3962,Sound_Foreas_PA_7,sound_obj_proxy.geo
3963,Sound_Foreas_PA_8,sound_obj_proxy.geo
3964,Sound_Foreas_PA_9,sound_obj_proxy.geo
3965,Sound_Foreas_PA_10,sound_obj_proxy.geo
3966,Sound_Foreas_PA_11,sound_obj_proxy.geo
3967,Sound_Foreas_PA_12,sound_obj_proxy.geo
3968,Sound_Foreas_PA_13,sound_obj_proxy.geo
3969,Sound_Foreas_PA_14,sound_obj_proxy.geo
3971,Sound_Foreas_PA_15,sound_obj_proxy.geo
3972,Sound_Foreas_PA_16,sound_obj_proxy.geo
3973,Sound_Foreas_PA_17,sound_obj_proxy.geo
3974,Sound_Foreas_PA_18,sound_obj_proxy.geo
3975,Sound_Foreas_PA_19,sound_obj_proxy.geo
3976,Sound_Foreas_PA_20,sound_obj_proxy.geo
3977,Sound_Foreas_PA_21,sound_obj_proxy.geo
3981,Redshirt_Human_Swapset_Female,avatar_hum_f_nude_caucasian_v01.geo
3982,Redshirt_Human_Swapset_Male,avatar_hum_m_nude_caucasian_v01.geo
3993,UsableTeslaCoilV01DELETEDUPE,arch_bane_outpost_teslacoil.geo
3994,ArchHumOutpostBeacon,arch_hum_outpost_beacon.geo
4000,SystemAvatarLookModeFemaleUniform,npc_hum_f_officer_v01.geo
4001,ArchHumBaseCurbCorner,arch_hum_fort_curb_corner_v01.geo
4002,ArchHumBaseCurbStraight,arch_hum_fort_curb_straight_v01.geo
4003,SystemAvatarLookModeMaleSoldier,avatar_hum_m_armor_heavy_v01.geo
4004,TerreaForeasHumBaseRubblepileCorner,terra_foreas_hum_base_rubblepile_corner.geo
4005,TerraForeasHumBaseRubblepileStraignt,terra_foreas_hum_base_rubblepile_straight.geo
4016,ArchHumBaseHolosignMemoryTree,prop_hum_sign_holo_v29.geo
4017,ArchHumBaseHolosignTwinPIllars,prop_hum_sign_holo_v30.geo
4018,ArchHumBaseHolosignWatchtowerGamma,prop_hum_sign_holo_v13.geo
4019,ArchHumBaseHolosignDaghda,prop_hum_sign_holo_v31.geo
4020,ArchHumBaseHolosignWatchtowerZeta,prop_hum_sign_holo_v15.geo
4029,Sound_Foreas_PA_22,sound_obj_proxy.geo
4030,Sound_Foreas_PA_23,sound_obj_proxy.geo
4031,Sound_Foreas_PA_24,sound_obj_proxy.geo
4032,Sound_Foreas_PA_25,sound_obj_proxy.geo
4033,Sound_Foreas_PA_26,sound_obj_proxy.geo
4034,Sound_Foreas_PA_27,sound_obj_proxy.geo
4035,Sound_Foreas_PA_28,sound_obj_proxy.geo
4036,Sound_Foreas_PA_29,sound_obj_proxy.geo
4037,Sound_Foreas_PA_30,sound_obj_proxy.geo
4038,Sound_Foreas_PA_31,sound_obj_proxy.geo
4039,Sound_Foreas_PA_32,sound_obj_proxy.geo
4040,Sound_Foreas_PA_33,sound_obj_proxy.geo
4041,Sound_Foreas_PA_34,sound_obj_proxy.geo
4042,Sound_Foreas_PA_35,sound_obj_proxy.geo
4043,Sound_Foreas_PA_36,sound_obj_proxy.geo
4044,MisWildernessItemMinerMedSupplies,item_crate_hum_v01.geo
4045,UsableTwoStateDELETEV03,Thrax_Stalker_v01.geo
4046,Bane_Kael_Standard,creature_thrax_kael_v01.geo
4047,Bane_Thrax_Soldier_Rifle,creature_thrax_soldier_v03_rifle.geo
4050,AvatarHumanBodypartV01,avatar_hum_bodypart_v01.geo
4051,AvatarHumanBodypartV02,avatar_hum_bodypart_v02.geo
4052,AvatarHumanBodypartV03,avatar_hum_bodypart_v03.geo
4053,AvatarHumanBodypartV04,avatar_hum_bodypart_v04.geo
4054,AvatarHumanBodypartV05,avatar_hum_bodypart_v05.geo
4055,AvatarHumanBodypartV06,avatar_hum_bodypart_v06.geo
4056,AvatarHumanBodypartV07,avatar_hum_bodypart_v07.geo
4057,AvatarHumanBodypartV08,avatar_hum_bodypart_v08.geo
4058,AvatarHumanBodypartV09,avatar_hum_bodypart_v09.geo
4059,AvatarHumanBodypartV10,avatar_hum_bodypart_v10.geo
4061,ArchHumOutpostFenceStraight24V01,arch_hum_outpost_fence_straight_24_v03.geo
4062,ArchHumOutpostFenceStraight48V01,arch_hum_outpost_fence_straight_48_v03.geo
4063,ArchHumOutpostFenceStraight72V01,arch_hum_outpost_fence_straight_72_v02.geo
4064,Emplacement_AFS_Turret_Standard,prop_hum_turret_auto_v01.geo
4065,ArchHumBaseGatesystemCatwalk16M,arch_hum_fort_catwlk_walkway_16m_v02.geo
4066,ArchHumBaseGatesystemCatwalk8M,arch_hum_fort_catwlk_walkway_8m_v02.geo
4067,ArchHumBaseGatesystemPlatform16M,arch_hum_fort_catwlk_platform_16m_v03.geo
4068,ArchHumBaseGatesystemWall16M,arch_hum_fort_catwlk_wall_straight_16m_v02.geo
4095,Weapon_Human_Redshirt_Rifle_Physical,hp_hum_rifle_laser_v01.geo
4096,ArchBaneOutpostWallMajorEndV01,arch_bane_outpost_wall_major_end_v01.geo
4097,CreatureThraxPredatorDestroyed,creature_thrax_predator_destroyed.geo
4098,CreatureThraxPredatorDestroyedBodypartV01,creature_thrax_predator_destroyed_bodypart_v01.geo
4099,CreatureThraxPredatorDestroyedBodypartV02,creature_thrax_predator_destroyed_bodypart_v02.geo
4100,CreatureThraxPredatorDestroyedBodypartV03,creature_thrax_predator_destroyed_bodypart_v03.geo
4103,ArchBaneOutpostWallMajorEndV02,arch_bane_outpost_wall_major_end_v02.geo
4104,ArchBaneOutpostObstacleV01,arch_bane_outpost_obstacle_v01.geo
4105,ArchForeanElohObeliskV02,arch_forean_eloh_obelisk_v02.geo
4106,ArchForeanElohObeliskV03,arch_forean_eloh_obelisk_v03.geo
4109,ArchHumanBaseTurretPlatformV01,prop_hum_turret_platform_v01.geo
4110,TestArchHumBaseElementgroupV01,test_arch_hum_base_elementgroup_v01.geo
4111,TestArchHumBaseElementgroupV02,test_arch_hum_base_elementgroup_v02.geo
4112,TestArchHumBaseElementgroupV03,test_arch_hum_base_elementgroup_v03.geo
4113,TestArchHumBaseElementgroupV04,test_arch_hum_base_elementgroup_v04.geo
4126,Sound_Foreas_PA_37,sound_obj_proxy.geo
4129,Sound_Foreas_PA_Emergency_1,sound_obj_proxy.geo
4130,Sound_Foreas_PA_Emergency_2,sound_obj_proxy.geo
4131,Sound_Foreas_PA_Emergency_3,sound_obj_proxy.geo
4132,Sound_Foreas_PA_Emergency_4,sound_obj_proxy.geo
4133,Sound_Foreas_PA_Emergency_5,sound_obj_proxy.geo
4138,UsableItemDispDELETEV02,prop_hum_light_v01.geo
4151,ArchBaneIndustrialTunnelEndcap32mV01,arch_bane_industrial_tunnel_cap_01_32m_v01.geo
4152,ArchBaneIndustrialTunnelEndcap32mV02,arch_bane_industrial_tunnel_cap_01_32m_v02.geo
4153,ArchBaneIndustrialTunnelRamp32mV01,arch_bane_industrial_tunnel_ramp_01_32m_v01.geo
4154,ArchBaneIndustrialTunnelStraight16mV03,arch_bane_industrial_tunnel_straight_01_16m_v03.geo
4155,ArchBaneIndustrialChunnelStraight01Coupler32mV06,arch_bane_industrial_chunnel_straight_01_coupler_32m_v06_.geo
4156,ArchBaneIndustrialTunnelTee32mV01,arch_bane_industrial_tunnel_tee_01_32m_v01.geo
4157,ArchBaneIndustrialTunnelTurn32mV01,arch_bane_industrial_tunnel_turn_01_32m_v01.geo
4158,ArchBaneIndustrialServiceStraight16mV01,arch_bane_industrial_service_straight_01_16m_v01.geo
4159,ArchBaneIndustrialChunnelStraight01Coupler32mV02,arch_bane_industrial_chunnel_straight_01_coupler_32m_v02_.geo
4160,ArchBaneIndustrialServiceEndcap16mV01,arch_bane_industrial_service_cap_16m_v01.geo
4161,ArchBaneIndustrialServiceEndcap16mV02,arch_bane_industrial_service_cap_16m_v02.geo
4162,ArchBaneIndustrialServiceCross16mV01,arch_bane_industrial_service_cross_16m_v01.geo
4163,ArchBaneIndustrialServiceRamp16mV01,arch_bane_industrial_service_ramp_16m_v01.geo
4164,ArchBaneIndustrialServiceRoom16m16mV01,arch_bane_industrial_service_room_16m_16m_v01.geo
4165,ArchBaneIndustrialServiceRoom24m16mV01,arch_bane_industrial_service_room_24m_16m_v01.geo
4166,ArchBaneIndustrialServiceTee16mV01,arch_bane_industrial_service_tee_16m_v01.geo
4167,ArchBaneIndustrialServiceTurn16mV01,arch_bane_industrial_service_turn_16m_v01.geo
4168,ArchBaneIndustrialChunnelTurn02V02,arch_bane_industrial_chunnel_turn_02_v02_.geo
4170,ArchForeanShopWeaponV01,arch_forean_shop_weapon_v01.geo
4171,ArchBaneIndustrialChunnelStraight01Coupler32mV05,arch_bane_industrial_chunnel_straight_01_coupler_32m_v05_.geo
4172,ArchBaneIndustrialTunnelCross32mV01,arch_bane_industrial_tunnel_cross_01_32m_v01.geo
4174,ArchHumOutpostFenceCornerV02,arch_hum_outpost_fence_corner_v07.geo
4178,ArchBaneIndustrialChunnelRoomTurnV01,arch_bane_industrial_chunnel_room_turn_v01_.geo
4179,ArchBaneIndustrialChunnelRoomTurnV02,arch_bane_industrial_chunnel_room_turn_v02_.geo
4180,ArchBaneIndustrialChunnelRoomTurnV03,arch_bane_industrial_chunnel_room_turn_v03_.geo
4181,ArchBaneIndustrialChunnelRoomTurnV04,arch_bane_industrial_chunnel_room_turn_v04_.geo
4182,ArchBaneIndustrialChunnelStraight0132mEndcapV01,arch_bane_industrial_chunnel_straight_01_32m_endcap_v01_.geo
4184,ArchBaneIndustrialChunnelStraight0132mV01,arch_bane_industrial_chunnel_straight_01_32m_v01_.geo
4185,ArchBaneIndustrialChunnelStraight0132mV02,arch_bane_industrial_chunnel_straight_01_32m_v02_.geo
4186,ArchBaneIndustrialChunnelStraight0132mV03,arch_bane_industrial_chunnel_straight_01_32m_v03_.geo
4187,ArchBaneIndustrialChunnelStraight0232mEndcapV01,arch_bane_industrial_chunnel_straight_02_32m_endcap_v01_.geo
4188,ArchBaneIndustrialChunnelStraight0232mEndcapV02,arch_bane_industrial_chunnel_straight_02_32m_endcap_v02_.geo
4189,ArchBaneIndustrialChunnelStraight0232mV01,arch_bane_industrial_chunnel_straight_02_32m_v01_.geo
4190,ArchBaneIndustrialChunnelTee02V01,arch_bane_industrial_chunnel_tee_02_v01_.geo
4191,ArchBaneIndustrialChunnelTurn02V01,arch_bane_industrial_chunnel_turn_02_v01_.geo
4193,ArchBaneIndustrialCircuitEndcap018mV01,arch_bane_industrial_circuit_endcap_01_8m_v01.geo
4194,ArchBaneIndustrialCircuitSkewed0116mV01,arch_bane_industrial_circuit_skewed_01_16m_v01.geo
4195,ArchBaneIndustrialCircuitStraight0116mV01,arch_bane_industrial_circuit_straight_01_16m_v01.geo
4196,UsableTwoStateBaneIndustrialCircuitBeam128MV01,arch_bane_industrial_circuit_beam_128m_v01.geo
4197,ArchBaneIndustrialCircuitStraight0116mV03,arch_bane_industrial_circuit_straight_01_16m_v03.geo
4198,ArchBaneIndustrialCircuitStraight0116mV04,arch_bane_industrial_circuit_straight_01_16m_v04.geo
4199,ArchBaneIndustrialChunnelStraight02Coupler32mV01,arch_bane_industrial_chunnel_straight_02_coupler_32m_v01_.geo
4202,ArchBaneIndustrialChunnelStraight02Coupler16mV04,arch_bane_industrial_chunnel_straight_02_coupler_16m_v04_.geo
4203,ArchBaneIndustrialChunnelStraight02Coupler16mV05,arch_bane_industrial_chunnel_straight_02_coupler_16m_v05_.geo
4204,ArchBaneIndustrialChunnelStraight02Coupler16mV06,arch_bane_industrial_chunnel_straight_02_coupler_16m_v06_.geo
4205,ArchBaneIndustrialChunnelStraight02Coupler16mV07,arch_bane_industrial_chunnel_straight_02_coupler_16m_v07_.geo
4206,ArchBaneIndustrialChunnelStraight02Coupler16mV08,arch_bane_industrial_chunnel_straight_02_coupler_16m_v08_.geo
4207,ArchBaneIndustrialChunnelStraight02Coupler16mV09,arch_bane_industrial_chunnel_straight_02_coupler_16m_v09_.geo
4209,ArchBaneIndustrialCircuitStraight01Coupler16mV01,arch_bane_industrial_circuit_straight_01_coupler_16m_v01.geo
4210,ArchBaneIndustrialCircuitSkewed01Coupler16mV01,arch_bane_industrial_circuit_skewed_01_coupler_16m_v01.geo
4211,ArchBaneIndustrialCircuitStraight01Coupler16mV02,arch_bane_industrial_circuit_straight_01_coupler_16m_v02.geo
4212,ArchBaneIndustrialCircuitStraight01Coupler16mV03,arch_bane_industrial_circuit_straight_01_coupler_16m_v03.geo
4214,ArchBaneIndustrialCircuitSkewed0116mV02,arch_bane_industrial_circuit_skewed_01_16m_v02.geo
4215,ArchBaneIndustrialCircuitSkewed01Coupler16mV02,arch_bane_industrial_circuit_skewed_01_coupler_16m_v02.geo
4216,ArchBaneIndustrialServiceStraight8mV01,arch_bane_industrial_service_straight_01_8m_v01.geo
4219,ArchBaneIndustrialChunnelStraight01Coupler32mV03,arch_bane_industrial_chunnel_straight_01_coupler_32m_v03_.geo
4220,ArchBaneIndustrialTunnelStraight16mV01,arch_bane_industrial_tunnel_straight_01_16m_v01.geo
4221,ArchBaneIndustrialTunnelStraight16mV02,arch_bane_industrial_tunnel_straight_01_16m_v02.geo
4223,ArchBaneIndustrialCircuitSkewed01Coupler16mV03,arch_bane_industrial_circuit_skewed_01_coupler_16m_v03.geo
4224,ArchBaneIndustrialCircuitSkewed01Coupler16mV04,arch_bane_industrial_circuit_skewed_01_coupler_16m_v04.geo
4225,ArchBaneIndustrialCircuitSkewed01Coupler16mV05,arch_bane_industrial_circuit_skewed_01_coupler_16m_v05.geo
4226,ArchBaneIndustrialCircuitSkewed01Coupler16mV06,arch_bane_industrial_circuit_skewed_01_coupler_16m_v06.geo
4227,ArchHumOutpostFenceStraightEndcapV01,arch_hum_outpost_fence_straight_endcap_v03.geo
4228,ArchHumOutpostFenceStraightEndcapV02,arch_hum_outpost_fence_straight_endcap_v04.geo
4229,ArchBaneIndustrialChunnelStraight028mV01,arch_bane_industrial_chunnel_straight_02_8m_v01_.geo
4230,ArchBaneIndustrialChunnelStraight02Coupler32mV10,arch_bane_industrial_chunnel_straight_02_coupler_32m_v10_.geo
4231,UsableTwoStateBaneIndustrialReactorRoomSunV01,arch_bane_industrial_room_reactor_sun_v01.geo
4233,UsableStatelessDELETEV01,prop_hum_v01.geo
4235,FloraForeasSwampPlant01V01,flora_foreas_swamp_plant01_v01.geo
4238,FloraForeasSwampPlant02V01,flora_foreas_swamp_plant02_v01.geo
4239,FloraForeasSwampPlant03V01,flora_foreas_swamp_plant03_v01.geo
4243,ArchBaneIndustrialChunnelStraight01Coupler32mV07,arch_bane_industrial_chunnel_straight_01_coupler_32m_v07_.geo
4244,ArchBaneIndustrialChunnelStraight01Coupler32mV08,arch_bane_industrial_chunnel_straight_01_coupler_32m_v08_.geo
4247,ArchBaneIndustrialTunnelStraight0116mV04,arch_bane_industrial_tunnel_straight_01_16m_v04.geo
4248,ArchBaneIndustrialTunnelStraight0116mV05,arch_bane_industrial_tunnel_straight_01_16m_v05.geo
4249,ArchBaneIndustrialTunnelRamp32mV02,arch_bane_industrial_tunnel_ramp_02_32m_v01.geo
4258,FloraForeasSwampTree01V01,flora_foreas_swamp_tree01_v01.geo
4259,ArchBaneIndustrialStraight0232mV02,arch_bane_industrial_chunnel_straight_02_32m_v02_.geo
4260,ArchBaneIndustrialStraight0232mV03,arch_bane_industrial_chunnel_straight_02_32m_v03_.geo
4261,Ambient_Skitterin,creature_foreas_skitterin_v01.geo
4264,ArchBaneIndustrialServiceTee32mV01,arch_bane_industrial_service_tee_32m_v01.geo
4265,ArchBaneIndustrialServiceTee32mV02,arch_bane_industrial_service_tee_32m_v02.geo
4266,ArchBaneIndustrialServiceTurn32mV01,arch_bane_industrial_service_turn_32m_v01.geo
4267,ArchBaneIndustrialServiceOffset16m32mV01,arch_bane_industrial_service_offset_16m_32m_v01.geo
4268,ArchBaneIndustrialServiceCross32mV01,arch_bane_industrial_service_cross_32m_v01.geo
4269,ArchBaneIndustrialServiceCross32mV02,arch_bane_industrial_service_cross_32m_v02.geo
4270,ArchBaneIndustrialServiceTee16mV02,arch_bane_industrial_service_tee_16m_v02.geo
4271,FloraForeasSwampPlant06V01,flora_foreas_swamp_plant06_v01.geo
4272,FloraForeasSwampPlant06V02,flora_foreas_swamp_plant06_v02.geo
4273,ArchBaneIndustrialServiceTurnRamp32mV01,arch_bane_industrial_service_turn_ramp_32m_v01.geo
4274,ArchBaneIndustrialServiceTurnRamp32mV02,arch_bane_industrial_service_turn_ramp_32m_v02.geo
4275,FloraForeasSwampPlant05V01,flora_foreas_swamp_plant05_v01.geo
4276,FloraForeasSwampPlant04V01,flora_foreas_swamp_plant04_v01.geo
4277,ArchBaneIndustrialServiceOffset16m32mV02,arch_bane_industrial_service_offset_16m_32m_v02.geo
4295,FloraForeasSwampTree01V02,flora_foreas_swamp_tree01_v02.geo
4296,FloraForeasSwampTree01V03,flora_foreas_swamp_tree01_v03.geo
4298,FloraForeasSwampLillypad01V01,flora_foreas_swamp_lillypad01_v01.geo
4311,FloraForeasSwampTree02V01,flora_foreas_swamp_tree02_v01.geo
4312,FloraForeasSwampTreeDead01V01,flora_foreas_swamp_tree_dead01_v01.geo
4313,Bane_Fithik_Winged,creature_thrax_fithik_v01.geo
4315,FloraForeasSwampPlant08V01,flora_foreas_swamp_plant08_v01.geo
4316,FloraForeasSwampPlant08V02,flora_foreas_swamp_plant08_v02.geo
4317,FloraForeasSwampPlant08V03,flora_foreas_swamp_plant08_v03.geo
4321,FloraForeasSwampLillypad01V02,flora_foreas_swamp_lillypad01_v02.geo
4322,FloraForeasSwampLillypad01V03,flora_foreas_swamp_lillypad01_v03.geo
4323,FloraForeasSwampLillypad01V04,flora_foreas_swamp_lillypad01_v04.geo
4324,FloraForeasSwampPlant09V01,flora_foreas_swamp_plant09_v01.geo
4338,FloraForeasSwampTree02V02,flora_foreas_swamp_tree02_v02.geo
4339,FloraForeasSwampTree02V03,flora_foreas_swamp_tree02_v03.geo
4340,TerraForeasStoneanvil,terra_foreas_stoneanvil.geo
4341,TerraForeasCavernRoof160mV01,terra_foreas_cavern_roof_160m_v01.geo
4346,ArchBaneIndustrialTunnelStraight0116mV06,arch_bane_industrial_tunnel_straight_01_16m_v06.geo
4347,TerraForeasCavernRoofFlat160mV01,terra_foreas_cavern_roof_flat_160m_v01.geo
4348,TerraForeasCavernRoofTimora160mV01,terra_foreas_cavern_roof_timora_160m_v01.geo
4350,WaterForeasRiverStraight64mV01,water_foreas_river_straight_64m_v01.geo
4351,WaterForeasRiverStraight64mV02,water_foreas_river_straight_64m_v02.geo
4352,WaterForeasRiverStraight64mV03,water_foreas_river_straight_64m_v03.geo
4353,WaterForeasRiverStraight64mV04,water_foreas_river_straight_64m_v04.geo
4354,WaterForeasRiverTurnLeft64mV01,water_foreas_river_turn_left_64m_v01.geo
4355,WaterForeasRiverTurnRight64mV01,water_foreas_river_turn_right_64m_v01.geo
4356,WaterForeasRiverY64mV01,water_foreas_river_y_64m_v01.geo
4357,WaterForeasRiverTurnLeft32mV01,water_foreas_river_turn_left_32m_v01.geo
4358,WaterForeasRiverTurnRight32mV01,water_foreas_river_turn_right_32m_v01.geo
4360,FloraForeasGenTree01CurtainV01,flora_foreas_gen_tree01_curtain_v01.geo
4362,ArchBaneOutpostBridgeV01,arch_bane_outpost_bridge_v01.geo
4367,TerraForeasCavernRoof240m150mV01,terra_foreas_cavern_roof_250m_x_140m_v01.geo
4368,WaterForeasRiverWaterfallV02,water_foreas_river_waterfall_02.geo
4369,FloraForeasGenTree01CurtainV02,flora_foreas_gen_tree01_curtain_v02.geo
4370,FloraForeasSwampLillypad01V05,flora_foreas_swamp_lillypad01_v05.geo
4371,WaterForeasRiverTee64mV01,water_foreas_river_tee_64m_v01.geo
4372,WaterForeasRiverTee64mV02,water_foreas_river_tee_64m_v02.geo
4373,FloraForeasSwampLillypad01V06,flora_foreas_swamp_lillypad01_v06.geo
4378,FloraForeasGenTree01CurtainCurveInV01,flora_foreas_gen_tree01_curtain_curve_in_v01.geo
4379,FloraForeasGenTree01CurtainCurveOutV01,flora_foreas_gen_tree01_curtain_curve_out_v01.geo
4380,Redshirt_Corman_Male,avatar_hum_m_nude_caucasian_v01.geo
4381,Redshirt_Corman_Female,avatar_hum_f_nude_caucasian_v01.geo
4389,FloraForeasGenTreeAsh_v01,flora_foreas_gen_tree01_log_ash_v01.geo
4390,FloraForeasGenTree01LogAsh_v02,flora_foreas_gen_tree01_log_ash_v02.geo
4391,FloraForeasGenTree01StumpAsh_v01,flora_foreas_gen_tree01_stump_ash_v01.geo
4392,FloraForeasGenTree01LogAsh_v03,flora_foreas_gen_tree01_log_ash_v03.geo
4394,FloraForeasGenTree01LogAsh_v04,flora_foreas_gen_tree01_log_ash_v04.geo
4395,FloraForeasGenTree01StumpAsh_v02,flora_foreas_gen_tree01_stump_ash_v02.geo
4402,FloraForeasMemoryTree,flora_foreas_memorytree01_V01.geo
4403,TerraForeasDagdhaUrnV01,terra_foreas_dagdha_urn_v01.geo
4405,ArchBaneIndustrialServiceJamb,arch_bane_industrial_service_jamb.geo
4407,ArchBaneIndustrialReactorRoomFloorV01,arch_bane_industrial_room_reactor_floor_v01.geo
4408,ArchBaneIndustrialReactorRoomLevel02V01,arch_bane_industrial_room_reactor_level02_wall_v01.geo
4409,FloraForeasGenGrassyBank01V01,flora_foreas_gen_grassy_bank01_v01.geo
4410,FloraForeasGenGrassyBank01V02,flora_foreas_gen_grassy_bank01_v02.geo
4411,FloraForeasGenGrassyBank01V03,flora_foreas_gen_grassy_bank01_v03.geo
4412,UsableDoorBaneV01,arch_bane_door_v01.geo
4413,FloraForeasSwampTree02V04,flora_foreas_swamp_tree02_v04.geo
4414,FloraForeasHelixTreeV01,flora_foreas_helix_tree_v01.geo
4415,FloraForeasHelixTreeV02,flora_foreas_helix_tree_v02.geo
4416,FloraForeasHelixTreeV03,flora_foreas_helix_tree_v03.geo
4424,UsableTwoStateBanePedastalSwitchV01,prop_bane_pedestal_switch_door_v01.geo
4425,UsableDoorBaneV02,arch_bane_door_v02.geo
4427,TerraForeasRiverDamV01,terra_foreas_river_dam_v01.geo
4428,TerraForeasRiverDamV02,terra_foreas_river_dam_v02.geo
4429,TerraForeasRiverDamV03,terra_foreas_river_dam_v03.geo
4430,TerraForeasRiverDamV04,terra_foreas_river_dam_v04.geo
4431,WaterfallSmallsprayVFX,vfx_waterfall_smallspray.geo
4432,WaterfallBigsprayVFX,vfx_waterfall_bigspray.geo
4433,WaterfallSinglesprayVFX,vfx_waterfall_singlespray.geo
4434,FloraForeasSwampPlant06V03,flora_foreas_swamp_plant06_v03.geo
4435,FloraForeasSwampPlant06V04,flora_foreas_swamp_plant06_v04.geo
4436,TerraForeasRiverDamV05,terra_foreas_river_dam_v05.geo
4437,ArchBaneIndustrialReactorRoomLevel01V01,arch_bane_industrial_room_reactor_level01_wall_v01.geo
4438,FloraForeasGenPlant06V01,flora_foreas_gen_plant06_v01.geo
4439,ArchBaneIndustrialReactorRoomCeilingV01,arch_bane_industrial_room_reactor_ceiling_v01.geo
4440,ArchBaneIndustrialReactorRoomLevel03V01,arch_bane_industrial_room_reactor_level03_wall_v01.geo
4441,ArchBaneIndustrialReactorRoomCoreBottomV01,arch_bane_industrial_room_reactor_core_bottom_v01.geo
4442,ArchBaneIndustrialReactorRoomCoreTopV01,arch_bane_industrial_room_reactor_core_top_v01.geo
4443,UsableInertDestBaneReactorPlasmaPumpV01,arch_bane_industrial_room_reactor_plasma_pump_v01.geo
4444,FloraForeasGenPlant06V02,flora_foreas_gen_plant06_v02.geo
4445,FloraForeasGenPlant06V03,flora_foreas_gen_plant06_v03.geo
4446,AvatarScaleReference,avatar_hum_m_nude_caucasian_reference_scale.geo
4447,ArchBaneGenObjLightV01,prop_bane_light_v01.geo
4448,FloraForeasSailtree01V01,flora_foreas_sailtree01_v01.geo
4449,ArchHumBaseHolosignPinhole,prop_hum_sign_holo_v25.geo
4450,ArchHumBaseHolosignLowerEloh,prop_hum_sign_holo_v23.geo
4451,ArchHumBaseHolosignLZ,prop_hum_sign_holo_v27.geo
4452,ArchHumBaseHolosignThoriaDas,prop_hum_sign_holo_v18.geo
4453,ArchHumBaseHolosignAliaDas,prop_hum_sign_holo_v21.geo
4454,ArchHumBaseHolosignPalisades,prop_hum_sign_holo_v20.geo
4455,ArchHumBaseHolosignGellman,prop_hum_sign_holo_v32.geo
4456,ArchHumBaseHolosignWilderness,prop_hum_sign_holo_v22.geo
4457,ArchHumBaseHolosignHowlingMaw,prop_hum_sign_holo_v19.geo
4458,ArchHumBaseHolosignMinos,prop_hum_sign_holo_v24.geo
4459,ArchHumBaseHolosignHospital,prop_hum_sign_holo_v02.geo
4460,ArchHumBaseHolosignCormanTunnel,prop_hum_sign_holo_v26.geo
4465,ArchBaneIndustrialChunnelStraight02Coupler32mv04,arch_bane_industrial_chunnel_straight_02_coupler_32m_v04_.geo
4466,TerraForeasCavernEntrance24mv02,terra_foreas_cavern_entrance_24m_v02.geo
6019,Weapon_Creature_Forean_Machina,hp_forean_weapon_machina_rifle_v01.geo
6020,TerraForeasCavernEntrance24mV03,terra_foreas_cavern_entrance_24m_v03.geo
6021,Creature_Mox,creature_foreas_mox_v01.geo
6029,Bane_Necromite,creature_thrax_necromite_v01.geo
6030,UsableTwoStateBaneGenObjAlarmLightV01TODELETE,prop_bane_alarm_light_v01.geo
6031,Creature_Boargar_Standard,creature_boargar_v01.geo
6032,Bane_Amoeboid_v1,creature_bane_amoeboid_v01.geo
6038,Creature_Treeback_Adult,creature_treeback_v01.geo
6039,Creature_Treelurker,creature_treelurker_v01.geo
6040,Creature_Treemite,creature_treemite_v01.geo
6042,Weapon_Creature_Forean_Spear,hp_forean_staff.geo
6043,Redshirt_Forean_Spearman,creature_forean_warrior_V01.geo
6048,Weapon_Avatar_Pistol_Physical_CMN_01_to_04,hp_hum_pistol_physical_v01.geo
6054,Weapon_Avatar_Shotgun_v1_Physical_CMN_01_to_01,hp_hum_shotgun_physical_v01.geo
6055,ArchHumBaseButtressHalf,arch_hum_fort_buttress_half_v02.geo
6056,ArchForeanTentMediumV01,arch_forean_tent_medium_v01.geo
6057,ArchForeanTentLargeV01,arch_forean_tent_large_v01.geo
6062,ArchForeanTorchV01,arch_forean_torch_v01.geo
6064,TerraForeasCavernRoof500m280mV01,terra_foreas_cavern_roof_500m_x_280m_v01.geo
6073,Weapon_Avatar_Rifle_Physical_CMN_50_to_50,hp_hum_rifle_physical_v01.geo
6085,ArchForeanVillageWalkway8mV01,arch_forean_village_walkway_8m_v01.geo
6086,ArchForeanVillagePlatform8mV01,arch_forean_village_platform_8m_v01.geo
6087,ArchForeanVillagePillarSquareV01,arch_forean_village_pillar_square_v01.geo
6088,ArchForeanVillagePillarTriangleV01,arch_forean_village_pillar_triangle_v01.geo
6089,ArchForeanVillageWalkway4mV01,arch_forean_village_walkway_4m_v01.geo
6091,ArchForeanVillagePlatform24V01,arch_forean_village_platform_24m_v01.geo
6092,ArchForeanVillageRamp8mx3mV01,arch_forean_village_ramp_8mx3m_v01.geo
6093,ArchForeanVillagePlatform16V01,arch_forean_village_platform_16m_v01.geo
6094,ArchForeanVillageJunctionYV01,arch_forean_village_junction_y_v01.geo
6095,ArchForeanVillageJunctionStraightV01,arch_forean_village_junction_straight_v01.geo
6096,ArchForeanVillageJunctionTurnV01,arch_forean_village_junction_turn_v01.geo
6099,ArchForeanVillageRamp8mx5mV01,arch_forean_village_ramp_8mx5m_v01.geo
6100,ArchForeanVillageStairs4mx2mV01,arch_forean_village_stairs_4mx2m_v01.geo
6102,ArchBaneIndustrialTunnelEntrance32mV01,arch_bane_industrial_tunnel_entrance_32m_v01.geo
6103,ArchBaneJunkyardElement04v01,arch_bane_junyard_element_04_v01.geo
6104,ArchBaneJunkyardElement04v02,arch_bane_junyard_element_04_v02.geo
6105,ArchBaneJunkyardElement04v03,arch_bane_junyard_element_04_v03.geo
6106,ArchBaneJunkyardElement04v04,arch_bane_junyard_element_04_v04.geo
6107,SystemAvatarLookModeForean,creature_forean_warrior_V01.geo
6110,Sound_BaneTerritoryAmbienceLp1,sound_obj_proxy.geo
6111,Sound_PurgasStationElecNodeLp1,sound_obj_proxy.geo
6112,Sound_CampFireLarge_Lp1,sound_obj_proxy.geo
6113,Sound_CampFireMedium_Lp1,sound_obj_proxy.geo
6114,Sound_RiverRapids_Lp1,sound_obj_proxy.geo
6115,Sound_ForeasForestAmbience_Lp1,sound_obj_proxy.geo
6116,Sound_ForeasForestAmbience_Lp2,sound_obj_proxy.geo
6117,Sound_ForeasForestAmbience_Lp3,sound_obj_proxy.geo
6118,Sound_LakewaterLapping_Lp1,sound_obj_proxy.geo
6119,Sound_LakewaterLapping_Lp2,sound_obj_proxy.geo
6120,Sound_PinholeFalls_Lp1,sound_obj_proxy.geo
6121,Sound_PondFrogs_Lp1,sound_obj_proxy.geo
6122,Sound_PondFrogs_Lp2,sound_obj_proxy.geo
6123,Sound_RiverMedium_Lp1,sound_obj_proxy.geo
6124,Sound_HumanWatchtower_Lp1,sound_obj_proxy.geo
6125,ArchBaneJunkyardElement01v01,arch_bane_junyard_element_01_v01.geo
6126,ArchBaneJunkyardElement02v01,arch_bane_junyard_element_02_v01.geo
6127,ArchBaneJunkyardElement03v01,arch_bane_junyard_element_03_v01.geo
6128,ArchBaneJunkyardElement03v02,arch_bane_junyard_element_03_v02.geo
6129,ArchBaneJunkyardElement03v03,arch_bane_junyard_element_03_v03.geo
6130,FloraForeasSwampPlant09v02,flora_foreas_swamp_plant09_v02.geo
6131,ArchForeanHutLargeV01,arch_forean_hut_large_v01.geo
6132,ArchForeanVillageJunctionCapV01,arch_forean_village_junction_cap_v01.geo
6133,ArchForeanVillageRampSupportV01,arch_forean_village_ramp_support_v01.geo
6134,ArchCormanPlatformv01,arch_corman_platform_v01.geo
6135,ArchCormanPlatformV02,arch_corman_platform_v02.geo
6136,TerraForeasRanjaGorgeLightrays,vfx_lightrays_outdoors_8x8x32.geo
6137,UsableTwoStateForeanFirePitV01,arch_forean_fire_pit_v01.geo
6138,FIXME_NPC_Forean_Warrior,creature_forean_warrior_V01.geo
6139,TerraForeasCavernRoomCrystalsV01,terra_foreas_cavern_room_crystals_v01.geo
6140,ArchCormanHousingV01,arch_corman_housing_v01.geo
6141,FloraForeasSwampPlant10V01,flora_foreas_swamp_plant10_v01.geo
6142,ArchForeanVillagePlatform8mRoofv01,arch_forean_village_platform_8m_roof_v01.geo
6143,ArchForeanVillagePlatform16mRoofV01,arch_forean_village_platform_16m_roof_v01.geo
6161,ArchForeanVillagePlatform8mV02,arch_forean_village_platform_8m_v02.geo
6162,ArchForeanVillagePlatform24mV02,arch_forean_village_platform_24m_v02.geo
6163,Redshirt_Forean_Elder,creature_forean_shaman_v01.geo
6164,Weapon_Creature_Forean_Staff,hp_forean_shaman_staff_v01.geo
6165,ArchForeanVillagePlatform8mV03,arch_forean_village_platform_8m_v03.geo
6166,ArchForeanHutMediumV01,arch_forean_hut_medium_v01.geo
6167,Creature_Swamp_Grubber,creature_swamp_grubber_v01.geo
6168,ArchForeanHutSmallV01,arch_forean_hut_small_v01.geo
6170,Creature_Miasma,creature_foreas_miasma_v01.geo
6171,ArchForeanVillagePlatform16mV02,arch_forean_village_platform_16m_v02.geo
6172,FloraForeasBurnedBush01V01,flora_foreas_burned_bush01_v01.geo
6173,FloraForeasBurnedBush01V02,flora_foreas_burned_bush01_v02.geo
6174,FloraForeasBurnedBush01V03,flora_foreas_burned_bush01_v03.geo
6175,FloraForeasBurnedBush01V04,flora_foreas_burned_bush01_v04.geo
6176,FloraForeasBurnedPlant01V01,flora_foreas_burned_plant01_v01.geo
6177,FloraForeasSwampPlant11V01,flora_foreas_swamp_plant11_v01.geo
6178,TerraAriekiGenRock01V01,terra_arieki_gen_rock01_v01.geo
6179,TerraAriekiGenRock01V02,terra_arieki_gen_rock01_v02.geo
6180,ArchCormanResearchHQV01,arch_corman_researchhq_v01.geo
6181,ArchForeanVillagePlatform24SingleV01,arch_forean_village_platform_24m_single_v01.geo
6182,ArchForeanVillagePlatform24mSupportV01,arch_forean_village_platform_24m_support_v01.geo
6183,ArchCormanGenObjBeakersV01,prop_corman_beakers_v01.geo
6184,ArchCormanGenObjBlackboardV01,prop_corman_blackboard_v01.geo
6185,ArchCormanGenObjCabinetV01,prop_corman_cabinet_v01.geo
6186,ArchCormanGenObjComputerV01,prop_corman_computer_v01.geo
6187,ArchCormanGenObjFoldingChairV01,prop_corman_foldingchair_v01.geo
6188,ArchCormanGenObjFoldingTableV01,prop_corman_foldingtable_v01.geo
6189,ArchCormanGenObjLabCounterV01,prop_corman_labcounter_v01.geo
6190,ArchCormanGenObjMicroscopeV01,prop_corman_microscope_v01.geo
6191,ArchCormanGenObjRingstandV01,prop_corman_ringstand_v01.geo
6195,ArchCormanResearchHQV01Destroyed,arch_corman_researchhq_v01_destroyed.geo
6197,UsableTwoStateBaneMineDELETE,prop_bane_mine_v01.geo
6201,UsableTwoStateHumMineV01,prop_hum_landmine_v01.geo
6203,Ambient_Lumin,creature_lumin_v01.geo
6204,ToolCompass,tool_compass.geo
6205,TerraAriekiGenRockarchesV01,terra_arieki_gen_rockarches_v01.geo
6206,TerraAriekiGenRockspikesV01,terra_arieki_gen_rockspikes_v01.geo
6208,ArchCormanPlatformV03,arch_corman_platform_v03.geo
6209,ArchForeanAreaRugV01,arch_forean_area_rug_v01.geo
6210,ArchForeanCrystalTorchV01,arch_forean_crystal_torch_v01.geo
6211,UsableTwoStateForeanFirePitV02,arch_forean_fire_pit_v02.geo
6212,UsableTwoStateForeanFirePitV03,arch_forean_fire_pit_v03.geo
6213,ArchForeanHutSmallV02,arch_forean_hut_small_v02.geo
6214,ArchForeanPropChair_v01,prop_forean_chair_v01.geo
6215,ArchForeanPropPotteryV02,prop_forean_pottery_v02.geo
6216,ArchForeanPropTableV01,prop_forean_table_v01.geo
6217,ArchForeanPropWickerV03,prop_forean_wicker_v03.geo
6218,ArchForeanShopStall,arch_forean_shop_stall.geo
6219,ArchForeanStorageSackV01,arch_forean_storage_sack_v01.geo
6220,ArchForeanPropKindlingV01,prop_forean_kindling_v01.geo
6221,ArchForeanPropPotteryV01,prop_forean_pottery_v01.geo
6222,ArchForeanPropWickerV01,prop_forean_wicker_v01.geo
6223,ArchForeanPropWickerV02,prop_forean_wicker_v02.geo
6224,FloraAriekiRaintree01V01,flora_arieki_raintree_01_v01.geo
6225,UsableInertDestBaneInfestationV01,terra_foreas_bane_infestation_v01_01.geo
6226,ArchCormanGenObjLabcounterV02,prop_corman_labcounter_v02.geo
6227,TerraAriekiGenRockspikesV02,terra_arieki_gen_rockspikes_v02.geo
6228,TerraAriekiGenRockarchesV02,terra_arieki_gen_rockarches_v02.geo
6229,TEST_LogosMarker,arch_forean_eloh_obelisk_v01.geo
6235,TerraAriekiGenRockarchesV03,terra_arieki_gen_rockarches_v03.geo
6236,Bane_Forean_Machina,creature_forean_machina_v01.geo
6238,Weapon_Creature_Forean_GooGun,hp_forean_goo_gun.geo
6239,Redshirt_Forean_Gunner,creature_forean_warrior_v02.geo
6240,ArchCormanWatchtowerV01,arch_corman_watchtower_v01.geo
6242,ArchCormanHospitalV01,arch_corman_hospital_v01.geo
6243,ArchCormanGreenhouseV01,arch_corman_greenhouse_v01.geo
6244,ArchCormanHousingDestroyedV01,arch_corman_housing_destroyed_v01.geo
6246,TerraAriekiGenRockarchesV04,terra_arieki_gen_rockarches_v04.geo
6247,ArchBaneIndustrialChunnelStraight02Prison32mV01,arch_bane_industrial_chunnel_straight_02_prison_32m_v01.geo
6248,ArchBaneIndustrialChunnelStraight02Prison32mV02,arch_bane_industrial_chunnel_straight_02_prison_32m_v02.geo
6260,ArchCormanSolarPanelV01,prop_corman_solarpanel_v01.geo
6261,ArchCormanWindmillV01,arch_corman_windmill_v01.geo
6262,Creature_Warnet_Soldier,creature_warnet_soldier_v01.geo
6263,Creature_Warnet_Queen_Boss,creature_warnet_queen_v01.geo
6264,ArchBaneIndustrialChunnelJamb,arch_bane_industrial_chunnel_jamb.geo
6265,ArchBaneIndustrialChunnelJambCouplerTunnel,arch_bane_industrial_chunnel_jamb_coupler_tunnel_v01.geo
6266,TerraForeasCavernRootsV01,terra_foreas_cavern_roots_v01.geo
6267,TerraAriekiGenRockspikesV03,terra_arieki_gen_rockspikes_v03.geo
6268,ArchBaneIndustrialServiceJambCouplerChunnelV01,arch_bane_industrial_service_jamb_coupler_chunnel_v01.geo
6269,ArchBaneIndustrialServiceJambCouplerTunnelV01,arch_bane_industrial_service_jamb_coupler_tunnel_v01.geo
6270,ArchBaneIndustrialTunnelJamb,arch_bane_industrial_tunnel_jamb.geo
6271,Weapon_Human_Redshirt_Pistol_Physical,hp_hum_pistol_physical_v01.geo
6272,Weapon_Human_Redshirt_RocketLauncher_Physical,hp_hum_rocketlauncher_physical_v01.geo
6273,UsableTwoStateCormanGenObjRadarDishV01,prop_corman_radardish_v01.geo
6274,ArchCormanGenObjDeviceLifterV01,prop_corman_device_lifter_v01.geo
6277,TerraForeasCavernRoomCrystalsV02,terra_foreas_cavern_room_crystals_v02.geo
6278,WaterForeasPond64mClean,water_foreas_pond_64m_clean.geo
6279,TerraAriekiGenRockspikesV04,terra_arieki_gen_rockspikes_v04.geo
6280,ArchBaneInteriorResearchHQV01,arch_bane_interior_research_HQ_v01.geo
6281,ArchBaneExteriorResearchHQV01,arch_bane_exterior_research_HQ_v01.geo
6282,FloraAriekiRaintree01V02,flora_arieki_raintree_01_v02.geo
6283,FloraAriekiRaintree01V03,flora_arieki_raintree_01_v03.geo
6284,FloraAriekiRaintree01V04,flora_arieki_raintree_01_v04.geo
6285,ArchBaneInteriorProcessPlantV01,arch_bane_interior_ProcessPlant_v01.geo
6286,ArchBaneExteriorProcessPlantV01,arch_bane_exterior_ProcessPlant_v01.geo
6287,FloraAriekiRaintree01V05,flora_arieki_raintree_01_v05.geo
6288,WaterForeasPond64mDirty,water_foreas_pond_64m_dirty.geo
6289,TerraAriekiLavaRiverFalls16m64mV01,terra_arieki_lava_river_falls_16m_64m_v01.geo
6291,ArchAttaBridgeTowerV01,arch_atta_bridge_tower_v01.geo
6292,ArchBaneExteriorCommandCenterV01,default_delete_LINK_TO_DEAD_ENTITIES.geo
6293,ArchBaneExteriorFactoryV01,arch_bane_exterior_factory_v01.geo
6294,ArchBaneExteriorKennelV01,arch_bane_exterior_Kennel_v01.geo
6295,ArchBaneExteriorLargeTowerV01,arch_bane_exterior_large_tower_v01.geo
6296,ArchBaneExteriorLargeTowerV02,arch_bane_exterior_large_tower_v02.geo
6297,ArchBaneExteriorResearchHQV02,arch_bane_exterior_research_HQ_v02.geo
6298,ArchBaneExteriorSpikeV01,arch_bane_exterior_spike_v01.geo
6299,ArchBaneExteriorSpikeV02,arch_bane_exterior_spike_v02.geo
6300,ArchBaneExteriorSpikeV03,arch_bane_exterior_spike_v03.geo
6301,ArchBaneExteriorWarehouseV01,arch_bane_exterior_warehouse_v01.geo
6302,Weapon_Avatar_Pistol_Physical_CMN_15_to_19,hp_hum_pistol_physical_v01.geo
6303,Weapon_Avatar_Rifle_Physical_CMN_11_to_15,hp_hum_rifle_physical_v01.geo
6309,TestCreaturePredator,creature_thrax_predator.geo
6310,Weapon_Avatar_Shotgun_v1_Physical_CMN_12_to_16,hp_hum_shotgun_physical_v01.geo
6311,TerraAriekiCavernStraight48mv01,terra_arieki_cavern_straight_48m_v01.geo
6313,Weapon_Avatar_GrenadeLauncher_Physical_CMN_15_to_19,hp_hum_grenadelauncher_physical_v01.geo
6314,FloraAriekiCarnivorous01V01,flora_arieki_carnivorous_01_v01.geo
6318,UsableInertDestBaneArticulatedDrillV01,prop_bane_articulateddrill_v01.geo
6319,ArchBaneGenObjMiningcontrolterminalV01,prop_bane_miningcontrolterminal_v01.geo
6320,ArchBaneGenObjThermalventV01,prop_bane_thermalvent_v01.geo
6332,Creature_Maw,creature_foreas_maw_v01.geo
6334,ArchHumGenObjBagV01,prop_hum_bag_v01.geo
6335,TerraAriekiGenSmallrockV01,terra_arieki_gen_smallrock_v01.geo
6336,TerraAriekiGenSmallrockV02,terra_arieki_gen_smallrock_v02.geo
6337,TerraAriekiGenSmallrockV03,terra_arieki_gen_smallrock_v03.geo
6338,Creature_Magmonix,creature_arieki_magmonix_v01.geo
6339,NPC_Corman_Swapset_Male,avatar_hum_m_nude_caucasian_v01.geo
6340,NPC_Corman_Swapset_Female,avatar_hum_f_nude_caucasian_v01.geo
6341,TerraAriekiGenSmallrockV04,terra_arieki_gen_smallrock_v04.geo
6342,FloraAriekiCarnivorous01V02,flora_arieki_carnivorous_01_v02.geo
6343,FloraAriekiCarnivorous01V03,flora_arieki_carnivorous_01_v03.geo
6344,FloraAriekiCarnivorous01V04,flora_arieki_carnivorous_01_v04.geo
6345,FloraAriekiCarnivorous01V05,flora_arieki_carnivorous_01_v05.geo
6346,ArchForeanPropArmorV01,prop_forean_armor_v01.geo
6347,TerraAriekiGenSmallrockV05,terra_arieki_gen_smallrock_v05.geo
6348,ArchBaneInteriorCommandCenter,arch_bane_interior_command_center_v01.geo
6349,ArchBaneInteriorFactory,arch_bane_interior_factory_v01.geo
6350,ArchBaneInteriorLargeTower,arch_bane_interior_large_tower_v01.geo
6351,ArchBaneInteriorWarehouse,arch_bane_interior_warehouse_v01.geo
6362,ArchBaneOutpostPillbox,arch_bane_outpost_pillbox.geo
6364,ArchBaneIndustrialChunnelStraight02Prison32mV03,arch_bane_industrial_chunnel_straight_02_prison_32m_v03.geo
6365,ArchBaneIndustrialChunnelTee02Prison,arch_bane_industrial_chunnel_tee_02_prison.geo
6366,UsableDoorBanePrisonV01,arch_bane_industrial_chunnel_straight_02_prison_32m_singledoor_v01.geo
6367,TerraAriekiGenRock02V01,terra_arieki_gen_rock02_v01.geo
6368,ArchBaneIndustrialChunnelCatwalkColumnFullV01,arch_bane_industrial_chunnel_catwalk_column_full_v01.geo
6369,ArchBaneIndustrialChunnelCatwalkColumnPartialV01,arch_bane_industrial_chunnel_catwalk_column_partial_v01.geo
6371,ArchBaneIndustrialChunnelCatwalkStraight8MV01,arch_bane_industrial_chunnel_catwalk_straight_8m_v01.geo
6372,ArchBaneIndustrialChunnelCatwalkStraight16MV01,arch_bane_industrial_chunnel_catwalk_straight_16m_v01.geo
6373,ArchBaneIndustrialChunnelCatwalkSupportV01,arch_bane_industrial_chunnel_catwalk_support_v01.geo
6375,ArchBaneIndustrialChunnelCatwalkTurn8MV01,arch_bane_industrial_chunnel_catwalk_turn_8m_v01.geo
6376,FloraAriekiPlantHarpus01V01,flora_arieki_plant_harpus_01_v01.geo
6377,WaterForeasPond128mClean,water_foreas_pond_128m_clean.geo
6378,WaterForeasPond32mClean,water_foreas_pond_32m_clean.geo
6379,WaterForeasPond64mCleanV02,water_foreas_pond_64m_clean_v02.geo
6380,MissionRadarRebootProcedure,item_crate_hum_v01.geo
6381,TerraAriekiGenRock02V02,terra_arieki_gen_rock02_v02.geo
6382,MissionThraxHead,item_crate_hum_v01.geo
6383,MissionStalkerBlackBox,item_crate_hum_v01.geo
6384,WaterForeasPond32mDirty,water_foreas_pond_32m_dirty.geo
6385,WaterForeasPond128mDirty,water_foreas_pond_128m_dirty.geo
6386,ArchAttaBridgeCouplerV01,arch_atta_bridge_coupler_v01.geo
6387,ArchAttaBridgeCouplerV02,arch_atta_bridge_coupler_v02.geo
6388,ArchAttaBridgeRampV01,arch_atta_bridge_ramp_v01.geo
6389,ArchAttaBridgeStraightV01,arch_atta_bridge_straight_v01.geo
6390,ArchAttaBridgeStraightV02,arch_atta_bridge_straight_v02.geo
6392,ArchAttaBridgeStraightV03,arch_atta_bridge_straight_v03.geo
6393,ArchAttaBridgeStraightV04,arch_atta_bridge_straight_v04.geo
6394,ArchAttaBridgeTowerV02,arch_atta_bridge_tower_v02.geo
6395,ArchAttaBridgeTowerV03,arch_atta_bridge_tower_v03.geo
6396,ArchAttaBridgeTowerV04,arch_atta_bridge_tower_v04.geo
6397,ArchAttaBridgeYV01,arch_atta_bridge_y_v01.geo
6398,TerraAriekiGenRock02V03,terra_arieki_gen_rock02_v03.geo
6402,ArchBaneIndustrialChunnelCatwalkRamp16MV01,arch_bane_industrial_chunnel_catwalk_ramp_16m_v01.geo
6403,FloraAriekiPlantHarpus01V02,flora_arieki_plant_harpus_01_v02.geo
6404,FloraAriekiPlantHarpus01V03,flora_arieki_plant_harpus_01_v03.geo
6405,FloraAriekiPlantHarpus01V04,flora_arieki_plant_harpus_01_v04.geo
6406,FloraAriekiPlantHarpus01V05,flora_arieki_plant_harpus_01_v05.geo
6407,FloraAriekiPlantHarpus01V06,flora_arieki_plant_harpus_01_v06.geo
6408,WaterForeasPond128mSwamp,water_foreas_pond_128m_swamp.geo
6409,WaterForeasPond64mSwamp,water_foreas_pond_64m_swamp.geo
6410,ArchAttaBridgeCurveV01,arch_atta_bridge_curve_v01.geo
6412,TerraAriekiGenRock01V03,terra_arieki_gen_rock01_v03.geo
6413,TerraAriekiGenRock02V04,terra_arieki_gen_rock02_v04.geo
6414,TerraAriekiGenRock02V05,terra_arieki_gen_rock02_v05.geo
6415,Redshirt_Forean_Archer,creature_forean_female_v01.geo
6416,ArchBaneIndustrialChunnelCatwalkPlatform20MV01,arch_bane_industrial_chunnel_catwalk_platform_20m_v01.geo
6417,ArchCormanTunnelV01,arch_corman_tunnel_v01.geo
6418,ArchBaneIndustrialChunnelStraight02OverlookV01,arch_bane_industrial_chunnel_straight_02_overlook_V01.geo
6419,ArchBaneIndustrialChunnelStraight02OverlookV02,arch_bane_industrial_chunnel_straight_02_overlook_V02.geo
6420,ArchBaneIndustrialChunnelTee02Overlook,arch_bane_industrial_chunnel_tee_02_overlook.geo
6421,Creature_Filcher,creature_foreas_filcher_v01.geo
6422,ArchBaneIndustrialChunnelStraight02OverlookEnclosedV01,arch_bane_industrial_chunnel_straight_02_overlook_Enclosed_V01.geo
6423,TerraAriekiGenRock02SulfurV01,terra_arieki_gen_rock02_sulfur_v01.geo
6424,TerraAriekiGenRock01SulfurV01,terra_arieki_gen_rock01_sulfur_v01.geo
6425,TerraAriekiGenRock01SulfurV02,terra_arieki_gen_rock01_sulfur_v02.geo
6426,TerraAriekiGenRock01SulfurV03,terra_arieki_gen_rock01_sulfur_v03.geo
6427,TerraAriekiGenrock02SulfurV02,terra_arieki_gen_rock02_sulfur_v02.geo
6428,TerraAriekiGenRock02SulfurV03,terra_arieki_gen_rock02_sulfur_v03.geo
6429,ArchBaneOutpostTurretPortableV01,arch_bane_outpost_turret_portable_v01.geo
6430,FloraAriekiPlantBirdseye01V01,flora_arieki_plant_birdseye_01_v01.geo
6431,TestWater,test_water_swim.geo
6434,WaterForeasPond32mSwamp,water_foreas_pond_32m_swamp.geo
6441,Creature_Beam_Manta,creature_arieki_beam_manta_v01.geo
6443,Weapon_Avatar_Pistol_Laser_CMN_15_to_19,hp_hum_pistol_laser.geo
6445,ArchBaneOutpostRetainingWallStraight16mV01,arch_bane_outpost_retainingwall_straight_16m_v01.geo
6447,Weapon_Avatar_Pistol_EMP_CMN_15_to_19,hp_hum_pistol_emp_v01.geo
6449,Weapon_Avatar_Rifle_Laser_CMN_11_to_15,hp_hum_rifle_laser_v01.geo
6451,MisDivideItemAmmocrate,item_canister_hum_v01.geo
6452,FloraAriekiCarnivorous01V06,flora_arieki_carnivorous_01_v06.geo
6453,Weapon_Creature_Forean_Bow,hp_forean_female_bow_v01.geo
6455,Weapon_Avatar_Rifle_EMP_CMN_11_to_15,hp_hum_rifle_emp_v01.geo
6458,MisWildernessItemBoargarhorn,item_bio_organ_gen_v01.geo
6459,ArchBaneIndustrialEntranceV01,arch_bane_industrial_chunnel_entrance_v01.geo
6960,Creature_Prison_Bot_Reconstructor,creature_arieki_bot_reconstructor_v01.geo
6961,Creature_Prison_Bot_Warden,creature_arieki_bot_warden_v01.geo
6962,FloraAriekiPlantHomburger01V01,flora_arieki_plant_homburger_01_v01.geo
6965,MisPalisadesItemEchoorgan,item_bio_organ_gen_v01.geo
6967,UsableItemDispDELETEV04,arch_forean_warnethive_v01.geo
6968,MisPalisadesItemBarksample,item_bio_plant_gen_v02.geo
6969,MisDivideItemCrystal,terra_foreas_cavern_room_crystals_v04.geo
6970,FloraAriekiPlantHomburger01V02,flora_arieki_plant_homburger_01_v02.geo
6971,FloraAriekiPlantHomburger01V03,flora_arieki_plant_homburger_01_v03.geo
6972,FloraAriekiPlantHomburger01V04,flora_arieki_plant_homburger_01_v04.geo
6973,ArchBaneIndustrialTunnelJambInstance,arch_bane_industrial_tunnel_jamb_instance.geo
6974,ArchBaneDoorNull,arch_bane_door_null.geo
6975,MisPalisadesItemAmmoCrate,item_crate_hum_v03.geo
6976,SkyTemplateSun,sky_template_sun.geo
6977,TerraForeasCavernInstance,terra_foreas_cavern_instance.geo
6980,UsableItemDispCleansingfernDELETE,item_flora_foreas_calla_fernV01.geo
6981,MisDivideItemCleansingFrond,item_bio_plant_gen_v01.geo
6982,MisDivideItemMicromechanics,item_canister_hum_v01.geo
6983,MisDivideItemCleansingtoxin,prop_hum_specimenjar_v01.geo
6984,TerraAriekiCavernDoor8mV01,terra_arieki_cavern_door_8m_v01.geo
6985,TerraAriekiCavernEndcap0124mV01,terra_arieki_cavern_endcap_01_24m_v01.geo
6986,TerraAriekiCavernEndcap0124mV02,terra_arieki_cavern_endcap_01_24m_v02.geo
6987,TerraAriekiCavernEndcap0224mV01,terra_arieki_cavern_endcap_02_24m_v01.geo
6988,TerraAriekiCavernEndcap0224mV02,terra_arieki_cavern_endcap_02_24m_v02.geo
6989,TerraAriekiCavernEndcap16mV01,terra_arieki_cavern_endcap_16m_v01.geo
6990,TerraAriekiCavernOffset48mV01,terra_arieki_cavern_offset_48m_v01.geo
6991,TerraAriekiCavernOffsetramp48mV01,terra_arieki_cavern_offsetramp_48m_v01.geo
6992,TerraAriekiCavernRamp48mV01,terra_arieki_cavern_ramp_48m_v01.geo
6993,TerraAriekiCavernRamp48mV02,terra_arieki_cavern_ramp_48m_v02.geo
6994,TerraAriekiCavernRoom0148mV01,terra_arieki_cavern_room_01_48m_v01.geo
6995,TerraAriekiCavernRoom0248mV01,terra_arieki_cavern_room_02_48m_v01.geo
6996,TerraAriekiCavernStraight16mv01,terra_arieki_cavern_straight_16m_v01.geo
6997,TerraAriekiCavernStraight24mV01,terra_arieki_cavern_straight_24m_v01.geo
6998,TerraAriekiCavernStraight8mV01,terra_arieki_cavern_straight_8m_v01.geo
6999,TerraAriekiCavernTurn48mV01,terra_arieki_cavern_turn_48m_v01.geo
7000,TerraAriekiCavernY48mV01,terra_arieki_cavern_y_48m_v01.geo
7002,MisDivideItemThraxhead,item_bio_heads_thrax_v01.geo
7003,ArchBaneIndustrialChunnelEntranceJambV01,arch_bane_industrial_chunnel_Entrance_Jamb_V01.geo
7005,MisPalisadesItemDamagedcontainer,item_canister_hum_v02.geo
7006,MisPalisadesItemCrystalspecimen,item_gen_v01.geo
7007,UsableItemDispCrystalspecimenCONVERT2TD,terra_foreas_cavern_room_crystals_v04.geo
7008,ArchAttaBridgeStraightV05,arch_atta_bridge_straight_v05.geo
7009,MisPalisadesItemIntactxanxpincers,item_bio_insect_gen_v01.geo
7010,MisPalisadesItemHowlerhead,item_bio_heads_thrax_v01.geo
7011,MisPalisadesItemThraxsoldierlieutenanthead,item_bio_heads_thrax_v01.geo
7012,MisPalisadesItemBrokenbaneweapon,hp_hum_pistol_physical_v01.geo
7013,MisDivideItemLogoskeyarc,ammo_bullets_v01.geo
7014,MisDivideItemPurgasreactorplans,item_datablade_bane.geo
7015,MisDivideItemBoargarhide,item_bio_hide_gen_v01.geo
7019,MisDivideItemPurgasbaneblueprints,ammo_bullets_v01.geo
7020,MisWildernessItemStolensupplies,item_crate_hum_v01.geo
7022,MisDivideItemPredatorbomb,item_machinepart_hum_v01.geo
7023,ArchBaneIndustrialOverlookStraightCoupler16mV01,arch_bane_industrial_overlook_straight_coupler_16m_v01.geo
7024,MisDivideItemWarnetvenomsample,item_bio_heads_warnet_v01.geo
7025,MisDivideItemMiasmasample,item_bio_insect_gen_v01.geo
7026,MisDivideItemHominissample,item_bio_organ_gen_v01.geo
7027,MisDivideItemWarnetwingsample,item_bio_insect_gen_v01.geo
7028,UsableItemDispJournal,item_bag_hum_v01.geo
7030,MisPalisadesItemJournal,item_bag_hum_v02.geo
7033,NPC_Forean_Gunner,creature_forean_warrior_v02.geo
7034,NPC_Forean_Spearman,creature_forean_warrior_V01.geo
7035,NPC_Forean_Shaman,creature_forean_shaman_v01.geo
7036,NPC_Forean_Archer,creature_forean_female_v01.geo
7043,Bane_Thrax_Technician,creature_thrax_technician_v01.geo
7044,ArchBaneIndustrialRoomControl24mV05,arch_bane_industrial_room_control_24m_v05.geo
7045,ArchBaneIndustrialRoomControl24mV06,arch_bane_industrial_room_control_24m_v06.geo
7046,ArchBaneIndustrialRoomControl24mV07,arch_bane_industrial_room_control_24m_v07.geo
7047,ArchBaneIndustrialRoomControl24mV08,arch_bane_industrial_room_control_24m_v08.geo
7048,ArchBaneIndustrialRoomControl24mV09,arch_bane_industrial_room_control_24m_v09.geo
7049,ArchBaneIndustrialRoomControl24mV10,arch_bane_industrial_room_control_24m_v10.geo
7050,ArchBaneIndustrialRoomControl24mV11,arch_bane_industrial_room_control_24m_v11.geo
7051,FloraAriekiIlluminari01V01,flora_arieki_Illuminari_01_v01.geo
7068,ArchBaneIndustrialChunnelStraight0132mV04,arch_bane_industrial_chunnel_straight_01_32m_v04.geo
7069,MisPalisadesItemIraronband,item_bag_hum_v01.geo
7070,MisPalisadesItemHakariband,item_bag_hum_v01.geo
7071,MisPalisadesItemLuroronband,item_bag_hum_v01.geo
7072,MisPalisadesItemCaritasband,item_bag_hum_v01.geo
7073,UsableItemDispIraronbandDELETEDUPE,usable_td_corpse_forean_m_v01.geo
7074,UsableItemDispHakaribandDELETEDUPE,usable_td_corpse_forean_m_v01.geo
7075,UsableItemDispLuroronbandDELETEDUPE,usable_td_corpse_forean_m_v01.geo
7078,Creature_Atta_Harvester_Standard,creature_arieki_atta_harvester_v01.geo
7079,Creature_Atta_Queen_Boss,creature_arieki_atta_queen_v01.geo
7081,Creature_Atta_Soldier_Standard,creature_arieki_atta_soldier_v01.geo
7082,ArchHumGenObjSmallitamIndicator_V01,prop_hum_footlocker.geo
7083,ArchHumGenObjSpecimenjarV01,prop_hum_specimenjar_v01.geo
7084,MisPalisadesItemForeanlogosstone,item_bag_bane_v01.geo
7085,ArchBaneIndustrialChunnelRoomTurnV05,arch_bane_industrial_chunnel_room_turn_v05_.geo
7086,ArchBaneIndustrialChunnelCatwalkRamp8MV01,arch_bane_industrial_chunnel_catwalk_ramp_8m_v01.geo
7087,ArchBaneIndustrialChunnelCatwalkConnectorV01,arch_bane_industrial_chunnel_catwalk_connector_v01.geo
7088,ArchBaneGenObjArticulateddrillV01DestroyedV01,prop_bane_articulateddrill_v01_destroyed_v01.geo
7089,ArchBaneGenObjArticulateddrillV01DestroyedV02,prop_bane_articulateddrill_v01_destroyed_v02.geo
7090,ArchBaneGenObjArticulateddrillV01DestroyedV03,prop_bane_articulateddrill_v01_destroyed_v03.geo
7091,ArchBaneGenObjArticulateddrillV01DestroyedV04,prop_bane_articulateddrill_v01_destroyed_v04.geo
7092,ArchBaneGenObjArticulateddrillV01DestroyedV05,prop_bane_articulateddrill_v01_destroyed_v05.geo
7093,MisPalisadesItemExtractor,item_machinepart_hum_v02.geo
7095,MisPalisadesItemBreechrotor,item_machinepart_hum_v01.geo
7097,MisPalisadesItemFiringpin,item_machinepart_hum_v01.geo
7098,TerraAriekiLavaRiverStraight64mV01,terra_arieki_lava_river_straight_64m_v01.geo
7099,UsableInertDestMinoswarnetnestDELETEV01,arch_forean_warnethive_v01.geo
7100,ArchBaneIndustrialChunnelCatwalkStraight4MV01,arch_bane_industrial_chunnel_catwalk_straight_4m_v01.geo
7102,FloraAriekiRaintreeAsh01V01,flora_arieki_raintree_ash_01_v01.geo
7104,FloraAriekiRaintreeDead01V01,flora_arieki_raintree_dead_01_v01.geo
7105,FloraAriekiRaintreeDead01V02,flora_arieki_raintree_dead_01_v02.geo
7106,FloraAriekiRaintreeDead01V03,flora_arieki_raintree_dead_01_v03.geo
7107,MisDivideItemMinosdatapad,item_datablock_hum.geo
7108,WaterForeasPool32mCleanV01,water_foreas_pool_32m_clean_v01.geo
7111,MisPalisadesItemCormanresearchequipment,prop_corman_crate_science_v01.geo
7112,UsableTreasureDispCormanResearchEquipment,prop_corman_crate_science_v01.geo
7114,WaterForeasPool48CleanV01,water_foreas_pool_48m_clean_v01.geo
7116,UsableInertDestWarnetnestDELETEV01,arch_forean_warnethive_v01.geo
7117,WaterForeasPool48m64mCleanV01,water_foreas_pool_48m_64m_clean_v01.geo
7119,Weapon_Creature_Lightbender,hp_lightbender_pistol_v02.geo
7120,Bane_Lightbender_Standard,creature_bane_lightbender_v01.geo
7121,ArchAttaBridgeTowerV05,arch_atta_bridge_tower_v05.geo
7122,ArchAttaBridgeTowerV06,arch_atta_bridge_tower_v06.geo
7123,UsableNPCCormanComputerV01,prop_corman_computer_v01.geo
7124,MisDivideItemSupplycrate,item_crate_hum_v02.geo
7125,MisPalisadesItemWarnetglands,item_bio_organ_gen_v01.geo
7127,MisPalisadesItemFithikdigestivefluids,item_bio_goo_gen_v01.geo
7128,MisPalisadesItemMetalcontainer,item_canister_hum_v01.geo
7129,MisPalisadesItemQueenlure,item_canister_hum_v01.geo
7130,UsableItemDispMetalcontainer,item_canister_hum_v01.geo
7131,UsableItemAccQueenlure,item_canister_hum_v01.geo
7132,MisPalisadesItemGoocoveredobject,item_bio_goo_gen_v01.geo
7133,MisDivideItemCamprescuedatapad,item_crate_hum_v01.geo
7134,ArchHumOutpostTrench8MV01,arch_hum_outpost_trench_8m_v02.geo
7135,UsableTwoStateHumGenObjRecorderV01,prop_hum_recorder_v01.geo
7136,ArchHumGenObjFanV01,prop_hum_fan_v01.geo
7140,FloraAriekiRaintreeAsh01V02,flora_arieki_raintree_ash_01_v02.geo
7141,FloraAriekiRaintreeAsh01V03,flora_arieki_raintree_ash_01_v03.geo
7142,ArchBaneIndustrialChunnelCatwalkPipes16mV01,arch_bane_industrial_chunnel_catwalk_pipes_16m_v01.geo
7143,ArchBaneIndustrialChunnelCatwalkPipes16mV02,arch_bane_industrial_chunnel_catwalk_pipes_16m_v02.geo
7144,ArchBaneIndustrialChunnelCatwalkPipes4mV01,arch_bane_industrial_chunnel_catwalk_pipes_4m_v01.geo
7145,ArchBaneIndustrialChunnelCatwalkPipes8mV01,arch_bane_industrial_chunnel_catwalk_pipes_8m_v01.geo
7146,ArchBaneIndustrialChunnelCatwalkPipes8mV02,arch_bane_industrial_chunnel_catwalk_pipes_8m_v02.geo
7147,ArchBaneIndustrialChunnelCatwalkPipes8mV03,arch_bane_industrial_chunnel_catwalk_pipes_8m_v03.geo
7148,FloraAriekiGrassclump01V01,flora_arieki_grassclump01_v01.geo
7149,FloraAriekiGrassclump01V02,flora_arieki_grassclump01_v02.geo
7150,FloraAriekiGrassclump01V03,flora_arieki_grassclump01_v03.geo
7151,MisPalisadesItemBanedatacube,item_datablade_bane.geo
7152,MisPalisadesItemDatapack,item_datablock_hum.geo
7153,MisPalisadesItemMedicinelacedfeed,item_crate_hum_v01.geo
7156,MisPalisadesItemDatauplink,item_keycard_hum.geo
7158,UsableInertDestTreebackpoweconduitDELETEDUPE,prop_bane_machine_v01.geo
7159,TerraAriekiLavaRiverFalls32m32mV01,terra_arieki_lava_river_falls_32m_32m_v01.geo
7160,ArchBaneIndustrialChunnelCatwalkPipesTurn8mV01,arch_bane_industrial_chunnel_catwalk_pipes_turn_8m_v01.geo
7161,TerraAriekiLavaRiverSlope64m32mV01,terra_arieki_lava_river_slope_64m_32m_v01.geo
7162,TerraAriekiLavaRiverStraight64mV02,terra_arieki_lava_river_straight_64m_v02.geo
7163,TerraAriekiLavaRiverStraight64mv03,terra_arieki_lava_river_straight_64m_v03.geo
7164,TerraAriekiLavaRiverStraight64mV04,terra_arieki_lava_river_straight_64m_v04.geo
7165,TerraAriekiLavaRiverTee64mV01,terra_arieki_lava_river_tee_64m_v01.geo
7166,TerraAriekiLavaRiverTee64mV02,terra_arieki_lava_river_tee_64m_v02.geo
7167,TerraAriekiLavaRiverTurnLeft32mV01,terra_arieki_lava_river_turn_left_32m_v01.geo
7168,TerraAriekiLavaRiverTurnLeft64V01,terra_arieki_lava_river_turn_left_64m_v01.geo
7169,TerraAriekiLavaRiverTurnRight32mV01,terra_arieki_lava_river_turn_right_32m_v01.geo
7170,TerraAriekiLavaRiverTurnRight64mV01,terra_arieki_lava_river_turn_right_64m_v01.geo
7171,TerraAriekiLavaRiverY64mV01,terra_arieki_lava_river_y_64m_v01.geo
7172,TerraAriekiLavaRiverY64mV02,terra_arieki_lava_river_y_64m_v02.geo
7173,WaterForeasRiverY64mV02,water_foreas_river_y_64m_v02.geo
7174,ArchCormanGenObjSolarpanelv01,prop_corman_solarpanel_v01.geo
7175,MisDivideItemTorcastradatapad,item_datablade_bane.geo
7180,ArchAttaBridgeCurveV02,arch_atta_bridge_curve_v02.geo
7181,ArchAttaBridgeStraightV06,arch_atta_bridge_straight_v06.geo
7184,MisDivideItemElohstone,item_crate_hum_v01.geo
7185,FloraAriekiTanglethorns01V01,flora_arieki_tanglethorns_01_v01.geo
7186,FloraAriekiTanglethorns01V02,flora_arieki_tanglethorns_01_v02.geo
7187,FloraAriekiTanglethorns01V03,flora_arieki_tanglethorns_01_v03.geo
7191,MisPalisadesItemHoldingpenkey,item_keycard_bane_gen.geo
7192,MisDivideItemTimorafuelpumpcodes,item_crate_hum_v01.geo
7193,MisPalisadesItemBaneplans,item_datablade_bane.geo
7194,ArchBaneIndustrialChunnelCatwalkOverlookBridge,arch_bane_industrial_chunnel_catwalk_overlook_bridge.geo
7195,ArchBaneIndustrialChunnelCatwalkSupportV02,arch_bane_industrial_chunnel_catwalk_support_v02.geo
7197,UsableInertDestBaneStasisChamber,arch_bane_industrial_room_stasis_chamber.geo
7201,MisDivideItemTimoradetonator,item_crate_hum_v01.geo
7203,TerraAriekiLavaRiverStraight64m48mV01,terra_arieki_lava_river_straight_64m_48m_v01.geo
7204,TerraAriekiLavaRiverStraight64m64mV01,terra_arieki_lava_river_straight_64m_64m_v01.geo
7205,TerraAriekiLavaRiverTrans16m48mv01,terra_arieki_lava_river_trans_16m_48m_v01.geo
7206,TerraAriekiLavaRiverTrans48m64mv01,terra_arieki_lava_river_trans_48m_64m_v01.geo
7207,ArchHumOutpostTrench16MV01,arch_hum_outpost_trench_16m_v02.geo
7208,ArchHumOutpostTrenchBunkerV02,arch_hum_outpost_trench_bunker_v06.geo
7209,TerraAriekiCavernOffset48mV02,terra_arieki_cavern_offset_48m_v02.geo
7210,ArchBaneIndustrialChunnelCatwalkColumnPartialV02,arch_bane_industrial_chunnel_catwalk_column_partial_v02.geo
7211,TerraAriekiCavernOffsetramp48mV02,terra_arieki_cavern_offsetramp_48m_v02.geo
7212,ArchBaneIndustrialChunnelCatwalkColumnPartialV03,arch_bane_industrial_chunnel_catwalk_column_partial_v03.geo
7213,TerraAriekiLavaRiverTrans16m48mV02,terra_arieki_lava_river_trans_16m_48m_v02.geo
7214,TerraAriekiLavaRiverTrans48m64mV02,terra_arieki_lava_river_trans_48m_64m_v02.geo
7217,TestTerraAriekiLavaRiverStraight64mV01,test_terra_arieki_lava_river_straight_64m_v01.geo
7218,TerraAriekiLavaLake128V01,terra_arieki_lava_lake_128m_v01.geo
7219,TerraAriekiLavaLake32mV01,terra_arieki_lava_lake_32m_v01.geo
7220,TerraAriekiLavaLake64mV01,terra_arieki_lava_lake_64m_v01.geo
7222,ArchHumanBaseWallStairwell,arch_hum_fort_wall_stairwell_v02.geo
7223,ArchBaneGenObjWarnetglandV01,prop_bane_warnetgland_v01.geo
7224,ArchForeanGenObjFithiceggcluster_v01,arch_forean_fithiceggcluster_v01.geo
7225,FloraAriekiRaintreeLava01V01,flora_arieki_raintree_lava_01_v01.geo
7226,ArchHumanBaseGateV03,arch_hum_fort_wall_entrance_32m_v06.geo
7227,ArchHumCorrRoomStraight128mV01,arch_hum_corr_room_straight_128m_v03.geo
7228,ArchHumCorrRoomStriaght128mV02,arch_hum_corr_room_straight_128m_v04.geo
7229,FloraAriekiRaintreeLava01V03,flora_arieki_raintree_lava_01_v03.geo
7230,FloraAriekiRaintreeLava01V04,flora_arieki_raintree_lava_01_v04.geo
7231,FloraAriekiRaintreeLava01V02,flora_arieki_raintree_lava_01_v02.geo
7232,FloraAriekiRaintreeLava01V05,flora_arieki_raintree_lava_01_v05.geo
7233,Bane_Shield_Drone,creature_bane_sheild_drone_v01.geo
7234,Bane_Nitroglazer,creature_bane_nitroglazer_v01.geo
7235,AccountReward_Pet_BooBot,creature_pet_boo_bot_v01.geo
7236,Creature_Barb_Tick,creature_arieki_barb_tick_v01.geo
7241,UsableTwoStateBaneIndustrialRoomLogosStoneAnalyzer,arch_bane_industrial_room_logosstone_analyzer.geo
7253,Redshirt_Brann_Male,creature_brann_m_nude_v01.geo
7254,Redshirt_Brann_Female,creature_brann_f_nude_v01.geo
7260,ArchHumanBaseWallCornerOut24MV01,arch_hum_fort_wall_corner_out_24m_v02.geo
7266,MisDivideItemBaneMessage,item_bag_bane_v02.geo
7271,FloraAriekiRaintreeLava02V01,flora_arieki_raintree_lava_02_v01.geo
7272,FloraAriekiRaintreeLava02V02,flora_arieki_raintree_lava_02_v02.geo
7273,FloraAriekiRaintreeLava02V03,flora_arieki_raintree_lava_02_v03.geo
7274,FloraAriekiRaintreeLava02V04,flora_arieki_raintree_lava_02_v04.geo
7275,MisPalisadesItemTreebackmeds,item_canister_hum_v02.geo
7278,FloraAriekiRaintreeLava01V06,flora_arieki_raintree_lava_01_v06.geo
7279,FloraAriekiRaintreeLava01V07,flora_arieki_raintree_lava_01_v07.geo
7280,Ability_Turret_AFS,vfx_ability_turret_deployable.geo
7281,WaterForeasRiverPinholefallsV01,water_foreas_river_pinholefalls_v01.geo
7282,FloraForeasFirebugBush02V01,flora_foreas_firebug_bush02_v01.geo
7283,ArchBaneIndustrialRoomInformationExtraction,arch_bane_industrial_room_Information_extraction.geo
7284,ArchHumBombV01,prop_hum_bomb_v01.geo
7285,FloraAriekiGoyter01V01,flora_arieki_goyter_01_v01.geo
7286,FloraAriekiGoyter01V02,flora_arieki_goyter_01_v02.geo
7287,FloraAriekiGoyter01V03,flora_arieki_goyter_01_v03.geo
7288,VfxWaterfall32m64V01,vfx_waterfall_32m_64m_v01.geo
7289,UsableItemDispElohLogosBackwardV01,arch_eloh_logos_backward_v01.geo
7290,UsableItemDispElohLogosDamageV01,arch_eloh_logos_damage_v01.geo
7291,UsableItemDispElohLogosEndV01,arch_eloh_logos_end_v01.geo
7292,UsableItemDispElohLogosEnemyV01,arch_eloh_logos_enemy_v01.geo
7293,UsableItemDispElohLogosEternalV01,arch_eloh_logos_eternal_v01.geo
7294,UsableItemDispElohLogosFearV01,arch_eloh_logos_fear_v01.geo
7295,UsableItemDispElohLogosFeelingV01,arch_eloh_logos_feeling_v01.geo
7296,UsableItemDispElohLogosGiveV01,arch_eloh_logos_give_v01.geo
7297,UsableItemDispElohLogosHarmonyV01,arch_eloh_logos_harmony_v01.geo
7298,UsableItemDispElohLogosIncreaseV01,arch_eloh_logos_increase_v01.geo
7299,UsableItemDispElohLogosJourneyV01,arch_eloh_logos_journey_v01.geo
7300,UsableItemDispElohLogosMixtureV01,arch_eloh_logos_mixture_v01.geo
7301,UsableItemDispElohLogosPoisonV01,arch_eloh_logos_poison_v01.geo
7302,UsableItemDispElohLogosPowerV01,arch_eloh_logos_power_v01.geo
7303,UsableItemDispElohLogosReturnV01,arch_eloh_logos_return_v01.geo
7304,UsableItemDispElohLogosSecretV01,arch_eloh_logos_secret_v01.geo
7305,UsableItemDispElohLogosTakeV01,arch_eloh_logos_take_v01.geo
7306,UsableItemDispElohLogosWindV01,arch_eloh_logos_wind_v01.geo
7307,VfxWaterfall8m48mV01,vfx_waterfall_8m_48m_v01.geo
7315,FloraAriekiInclineBonelilly01V01,flora_arieki_incline_bonelilly_01_v01.geo
7316,FloraAriekiInclineBonelilly01V02,flora_arieki_incline_bonelilly_01_v02.geo
7318,FloraAriekiInclineBonelilly01V03,flora_arieki_incline_bonelilly_01_v03.geo
7319,FloraAriekiPlainsSackplant01V01,flora_arieki_plains_sackplant_01_v01.geo
7328,TerraAriekiLavaRiverTee64mV03,terra_arieki_lava_river_tee_64m_v03.geo
7329,TerraAriekiLavaRiverTee64mV04,terra_arieki_lava_river_tee_64m_v04.geo
7330,SkyForeasDefaultClouds,sky_foreas_default_clouds.geo
7331,ArchHumGenVehicleDropship,prop_hum_dropship_v01.geo
7332,UsableBombDELETEV04,prop_hum_bomb_acceptor_v01.geo
7333,TerraAriekiLavaRiverFalls64m64mV01,terra_arieki_lava_river_falls_64m_64m_v01.geo
7334,UsableItemAccHumBombV01,prop_hum_bomb_acceptor_v01.geo
7336,Bane_Howler,creature_bane_howler_v01.geo
7338,Creature_Flaregasher,creature_arieki_flare_gasher_v01.geo
7339,Ambient_Geyser_Hopper,creature_arieki_geyser_hopper_v01.geo
7340,Pet_Sonic_Glider,creature_pet_sonic_glider_v01.geo
7343,UsableTwoStateHumToroidCannon,arch_hum_toroid_cannon.geo
7344,Bane_Sentinel,creature_bane_sentinel_v01.geo
7348,MisWildernessItemFieldReport,item_crate_hum_v01.geo
7349,TerraAriekiLavaRiverFalls48m64mV01,terra_arieki_lava_river_falls_48m_64m_v01.geo
7350,VfxWaterfall16m48mV01,vfx_waterfall_16m_48m_v01.geo
7351,VfxWaterfall16m64mV01,vfx_waterfall_16m_64m_v01.geo
7353,MisBootCampCompletionDataPad,item_crate_hum_v01.geo
7354,VfxWaterfall32m48mV01,vfx_waterfall_32m_48m_v01.geo
7355,VfxWaterfall8m64mV01,vfx_waterfall_8m_64m_v01.geo
7356,TerraAriekiLavaRiverDropoff64m32mV01,terra_arieki_lava_river_dropoff_64m_32m_v01.geo
7357,TerraAriekiLavaRiverDropoff48m32mV01,terra_arieki_lava_river_dropoff_48m_32m_v01.geo
7358,TerraForeasCavernRoomCrystalsV03,terra_foreas_cavern_room_crystals_v03.geo
7359,TerraAriekiLavaRiverSlope64m32mV02,terra_arieki_lava_river_slope_64m_32m_v02.geo
7360,TerraAriekiLavaRiverSlope64m32mV03,terra_arieki_lava_river_slope_64m_32m_v03.geo
7361,UsableItemDispElohLogosAreaV01,arch_eloh_logos_area_v01.geo
7362,SkyForeasDefaultSunFull,sky_foreas_default_sun_full.geo
7364,UsableItemDispElohLogosEnhanceV01,arch_eloh_logos_enhance_v01.geo
7365,UsableItemDispElohLogosHealV01,arch_eloh_logos_heal_v01.geo
7366,UsableItemDispElohLogosManyV01,arch_eloh_logos_many_v01.geo
7367,UsableItemDispElohLogosProjectileV01,arch_eloh_logos_projectile_v01.geo
7368,SkyForeasDefaultSunHalo,sky_foreas_default_sun_halo.geo
7369,MisBootCampBarracksDatapad,item_crate_hum_v01.geo
7370,UsableItemDispHumDELETEV01,prop_hum_footlocker.geo
7375,ArchBaneGenObjTreeCutterv01,creature_bane_treecutter_v01.geo
7376,ItemElohLogosArea,item_crate_hum_v01.geo
7377,ItemElohLogosBackward,item_crate_hum_v01.geo
7378,ItemElohLogosDamage,item_crate_hum_v01.geo
7379,MisBootCampElohStone,ammo_bullets_v01.geo
7380,SkyForeasDefaultStars,sky_foreas_default_stars.geo
7381,Shield_Creature_Minion_01,ammo_rockets_v01.geo
7382,Shield_Creature_Minion_02,ammo_rockets_v01.geo
7383,Shield_Creature_Minion_03,ammo_rockets_v01.geo
7384,Shield_Creature_Minion_04,ammo_rockets_v01.geo
7385,Shield_Creature_Minion_05,ammo_rockets_v01.geo
7386,Shield_Creature_Minion_06,ammo_rockets_v01.geo
7387,Shield_Creature_Minion_07,ammo_rockets_v01.geo
7388,Shield_Creature_Minion_08,ammo_rockets_v01.geo
7389,Shield_Creature_Minion_09,ammo_rockets_v01.geo
7390,Shield_Creature_Minion_10,ammo_rockets_v01.geo
7391,Shield_Creature_Minion_11,ammo_rockets_v01.geo
7392,Shield_Creature_Minion_12,ammo_rockets_v01.geo
7393,Shield_Creature_Minion_13,ammo_rockets_v01.geo
7394,Shield_Creature_Minion_14,ammo_rockets_v01.geo
7395,Shield_Creature_Minion_15,ammo_rockets_v01.geo
7396,Shield_Creature_Minion_16,ammo_rockets_v01.geo
7397,Shield_Creature_Minion_17,ammo_rockets_v01.geo
7398,Shield_Creature_Minion_18,ammo_rockets_v01.geo
7399,Shield_Creature_Minion_19,ammo_rockets_v01.geo
7400,Shield_Creature_Minion_20,ammo_rockets_v01.geo
7401,Shield_Creature_Minion_21,ammo_rockets_v01.geo
7402,Shield_Creature_Minion_22,ammo_rockets_v01.geo
7403,Shield_Creature_Minion_23,ammo_rockets_v01.geo
7404,Shield_Creature_Minion_24,ammo_rockets_v01.geo
7405,Shield_Creature_Minion_25,ammo_rockets_v01.geo
7406,Shield_Creature_Minion_26,ammo_rockets_v01.geo
7407,Shield_Creature_Minion_27,ammo_rockets_v01.geo
7408,Shield_Creature_Minion_28,ammo_rockets_v01.geo
7409,Shield_Creature_Minion_29,ammo_rockets_v01.geo
7410,Shield_Creature_Minion_30,ammo_rockets_v01.geo
7411,Shield_Creature_Minion_31,ammo_rockets_v01.geo
7412,Shield_Creature_Minion_32,ammo_rockets_v01.geo
7413,Shield_Creature_Minion_33,ammo_rockets_v01.geo
7414,Shield_Creature_Minion_34,ammo_rockets_v01.geo
7415,Shield_Creature_Minion_35,ammo_rockets_v01.geo
7416,Shield_Creature_Minion_36,ammo_rockets_v01.geo
7417,Shield_Creature_Minion_37,ammo_rockets_v01.geo
7418,Shield_Creature_Minion_38,ammo_rockets_v01.geo
7419,Shield_Creature_Minion_39,ammo_rockets_v01.geo
7420,Shield_Creature_Minion_40,ammo_rockets_v01.geo
7421,Shield_Creature_Minion_41,ammo_rockets_v01.geo
7422,Shield_Creature_Minion_42,ammo_rockets_v01.geo
7423,Shield_Creature_Minion_43,ammo_rockets_v01.geo
7424,Shield_Creature_Minion_44,ammo_rockets_v01.geo
7425,Shield_Creature_Minion_45,ammo_rockets_v01.geo
7426,Shield_Creature_Minion_46,ammo_rockets_v01.geo
7427,Shield_Creature_Minion_47,ammo_rockets_v01.geo
7428,Shield_Creature_Minion_48,ammo_rockets_v01.geo
7429,Shield_Creature_Minion_49,ammo_rockets_v01.geo
7430,Shield_Creature_Minion_50,ammo_rockets_v01.geo
7431,FloraAriekiInclineCatstick01V01,flora_arieki_incline_catstick_01_v01.geo
7432,FloraAriekiInclineCatstick01V02,flora_arieki_incline_catstick_01_v02.geo
7433,FloraAriekiInclineCatstick01V03,flora_arieki_incline_catstick_01_v03.geo
7435,TerraAriekiLavaRiverFallsExtend64m64mV01,terra_arieki_lava_river_falls_extend_64m_64m_v01.geo
7436,ItemElohLogosEnd,item_crate_hum_v01.geo
7437,ItemElohLogosEnemy,item_crate_hum_v01.geo
7438,ItemElohLogosEnhance,item_crate_hum_v01.geo
7440,ItemElohLogosFear,item_crate_hum_v01.geo
7441,ItemElohLogosFeeling,item_crate_hum_v01.geo
7442,ItemElohLogosGive,item_crate_hum_v01.geo
7444,ItemElohLogosHeal,item_crate_hum_v01.geo
7445,ItemElohLogosIncrease,item_crate_hum_v01.geo
7447,ItemElohLogosMany,item_crate_hum_v01.geo
7448,ItemElohLogosMixture,item_crate_hum_v01.geo
7449,ItemElohLogosPoison,item_crate_hum_v01.geo
7450,TerraAriekiLavaRiverFallsExtend48m64mV01,terra_arieki_lava_river_falls_extend_48m_64m_v01.geo
7451,ItemElohLogosPower,item_crate_hum_v01.geo
7452,ItemElohLogosProjectile,item_crate_hum_v01.geo
7453,ItemElohLogosReturn,item_crate_hum_v01.geo
7454,ItemElohLogosSecret,item_crate_hum_v01.geo
7455,ItemElohLogosTake,item_crate_hum_v01.geo
7456,ItemElohLogosWind,item_crate_hum_v01.geo
7457,ItemElohLogosFriend,item_crate_hum_v01.geo
7458,TerraAriekiLavaRiverSlopeY64m32mV01,terra_arieki_lava_river_slope_y_64m_32m_v01.geo
7459,TerraAriekiLavaRiverSlopeY64m32mV02,terra_arieki_lava_river_slope_y_64m_32m_v02.geo
7460,ItemElohLogosChaos,item_crate_hum_v01.geo
7461,ItemElohLogosTime,item_crate_hum_v01.geo
7462,UsableTwoStateBaneObjConsoleSwitchDoorV01DELETEDUPE,prop_bane_console_switch_door_v01.geo
7463,ArchBaneObjConsoleV02,prop_bane_console_v02.geo
7464,ArchBaneObjConsoleV03,prop_bane_console_v03.geo
7465,ArchBaneObjConsoleMonitorV01,prop_bane_console_monitor_v01.geo
7466,ArchBaneObjConsoleMonitorV02,prop_bane_console_monitor_v02.geo
7467,UsableTwoStateBaneSwitchV02,prop_bane_console_switch_door_v02.geo
7468,UsableTwoStateBaneConsoleSwitchV01,prop_bane_console_switch_v01.geo
7469,UsableTwoStateBaneConsoleSwitchV02,prop_bane_console_switch_v02.geo
7473,TerraAriekiLavaRiverSlope64m64V01,terra_arieki_lava_river_slope_64m_64m_v01.geo
7474,ItemElohLogosAttack,item_crate_hum_v01.geo
7475,ItemElohLogosDefend,item_crate_hum_v01.geo
7477,Creature_Lasher,creature_arieki_lasher_v01.geo
7478,ArchBaneGenObjMortarlauncherBaseV01,prop_bane_mortarlauncher_base_v01.geo
7479,ArchBaneGenObjMortarlauncherV01Destroyed,prop_bane_mortarlauncher_v01_destroyed.geo
7482,Emplacement_Bane_Turret_Standard,prop_bane_mortarlauncher_v01.geo
7483,Z_TEST_Animation_Scaling_Giant_Thrax,creature_thrax_soldier_v01.geo
7484,Z_TEST_Animation_Scaling_Tiny_Stalker,Thrax_Stalker_v01.geo
7485,Z_TEST_Animation_Scaling_Human,avatar_hum_m_nude_caucasian_v01.geo
7486,FloraForeasCave06V01,flora_foreas_cave_plant06_v01.geo
7487,FloraForeasCave06V02,flora_foreas_cave_plant06_v02.geo
7490,RECYCLE_Weapon_Avatar_Shotgun_Ice_12_to_to_16,hp_hum_shotgun_ice.geo
7491,Weapon_Avatar_Shotgun_v1_Laser_CMN_12_to_16,hp_hum_shotgun_laser_v01.geo
7492,RECYCLE_Weapon_Avatar_Shotgun_Fire_12_to_16,hp_hum_shotgun_fire.geo
7493,Weapon_Avatar_Shotgun_v1_Sonic_CMN_12_to_16,hp_hum_shotgun_sonic.geo
7494,VfxWaterfall8m24V01,vfx_waterfall_8m_24m_v01.geo
7499,WaterForeasRiverRanjaV01,water_foreas_river_ranja_v01.geo
7502,UsableInertDestBaneConsoleBrainBase,prop_bane_console_brain_base.geo
7503,FloraForeasGenVeniusFlytrap01V02,flora_foreas_gen_veniusflytrap01_v02.geo
7504,FloraForeasGenVeniusFlytrap01V03,flora_foreas_gen_veniusflytrap01_v03.geo
7505,ItemElohLogosCloud,item_crate_hum_v01.geo
7510,Creature_Xanx_Standard,creature_bane_xanx_v01.geo
7513,TerraForeasCliffV01,terra_foreas_cliff_v01.geo
7514,TerraForeasCliffV02,terra_foreas_cliff_v02.geo
7515,TerraForeasCliffV03,terra_foreas_cliff_v03.geo
7516,TerraForeasCliffV04,terra_foreas_cliff_v04.geo
7517,VfxWaterfall16m24mV01,vfx_waterfall_16m_24m_v01.geo
7518,ArchHumOutpostTrenchCorner45InV01,arch_hum_outpost_trench_45_corner_in_v02.geo
7519,ArchHumOutpostTrenchCorner45OutV01,arch_hum_outpost_trench_45_corner_out_v02.geo
7520,ArchHumOutpostTrenchCorner90InV01,arch_hum_outpost_trench_90_corner_in_v03.geo
7521,ArchHumOutpostTrenchCorner90OutV01,arch_hum_outpost_trench_90_corner_out_v03.geo
7523,ArchForeanElohStatueV02,arch_forean_eloh_statue_v02.geo
7524,ArchForeanElohStatueV03,arch_forean_eloh_statue_v03.geo
7525,MisDivideItemHoldingDatapad,item_canister_hum_v01.geo
7527,ArchHumOutpostTrench4MV01,arch_hum_outpost_trench_4m_v02.geo
7528,Ability_Bane_Necromite,creature_thrax_necromite_v01.geo
7529,VfxWaterfall4m24mV01,vfx_waterfall_4m_24m_v01.geo
7530,ArchForeanXanxnestV01,arch_forean_xanxnest_v01.geo
7531,FloraForeasPlantNakataka01V02,flora_foreas_plant_nakataka01_v02.geo
7532,FloraForeasPlantNakataka01V03,flora_foreas_plant_nakataka01_v03.geo
7533,UsableItemDispElohLogosCloud,arch_eloh_logos_cloud_v01.geo
7534,ArchForeanElohTempleV01,arch_forean_eloh_temple_v01.geo
7535,ArchForeanElohTempleV02,arch_forean_eloh_temple_v02.geo
7536,ArchBaneGenObjSonictowerV01DELETEDUPE,prop_bane_sonictower_v01.geo
7537,ArchHumOutpostDitchStraight32V01,arch_hum_outpost_ditch_straight_32_v02.geo
7538,ArchHumOutpostDitchStraight4V01,arch_hum_outpost_ditch_straight_4_v02.geo
7539,ArchHumOutpostDitchStraight48V01,arch_hum_outpost_ditch_straight_48_v02.geo
7540,ArchHumOutpostDitchStraight64V01,arch_hum_outpost_ditch_straight_64_v02.geo
7545,FloraForeasGenPalm01V02,flora_foreas_gen_palm01_v02.geo
7546,FloraForeasGenPalm01V03,flora_foreas_gen_palm01_v03.geo
7547,MisWildernessItemDogtags,item_crate_hum_v01.geo
7548,UsableInertDestBaneHarvesterDELETEDUPE,prop_bane_articulateddrill_v01.geo
7549,MisWildernessItemVialempty,item_crate_hum_v01.geo
7550,MisWildernessItemViallakesample,item_crate_hum_v01.geo
7551,MisWildernessItemVialenigmasample,item_crate_hum_v01.geo
7560,ArchForeanElohPillarV01,arch_forean_eloh_pillar_v01.geo
7562,UsableDoorForeasCaveInV01,terra_foreas_cavern_cavein_door_v01.geo
7563,FloraForeasSwampMawFlorwe01V01,flora_foreas_swamp_maw_flower01_v01.geo
7564,FloraForeasSwampMawFlorwe01V02,flora_foreas_swamp_maw_flower01_v02.geo
7565,FloraForeasSwampMawFlorwe01V03,flora_foreas_swamp_maw_flower01_v03.geo
7566,FloraForeasSwampMawFlorwe01V04,flora_foreas_swamp_maw_flower01_v04.geo
7567,FloraForeasSwampMawFlorwe01V05,flora_foreas_swamp_maw_flower01_v05.geo
7568,ArchBaneIndustrialRoomReactorLevel02WallV02,arch_bane_industrial_room_reactor_level02_wall_v02.geo
7569,FloraForeasSwampPlant04V02,flora_foreas_swamp_plant04_v02.geo
7570,FloraForeasSwampPlant05V02,flora_foreas_swamp_plant05_v02.geo
7571,MisWildernessItemFieldReport02,item_crate_hum_v01.geo
7572,UsableBombDELETEV02,item_crate_hum_v01.geo
7573,MisWildernessBallisticSample,item_canister_hum_v01.geo
7574,MisWildernessItemSamuelCormanVials,item_canister_hum_v02.geo
7575,MisWildernessItemMarkOfCouncil,item_crate_hum_v01.geo
7576,MisWildernessItemCombinedCormanVials,ammo_bullets_v01.geo
7584,ArchForeanElohColossusV01,arch_forean_eloh_colossus_v01.geo
7585,ArchForeanElohColossusDestroyedV01,arch_forean_eloh_colossus_v01_destoyed.geo
7586,Bane_Xanx,creature_bane_xanx_v02.geo
7587,SkyForeasSwampClouds,sky_foreas_swamp_clouds.geo
7589,UsableTwoStateForeasWaterPlaneDown,water_foreas_pond_128m_clean.geo
7590,MisDivideItemBaneBattlePlans,item_canister_bane_v01.geo
7592,UsableTwoStateElohSwitchV01,arch_eloh_switch_v01.geo
7594,MisWildernessItemWaterjet,item_crate_hum_v01.geo
7596,MisWildernessItemCasperdogtags,item_bag_hum_v01.geo
7597,MisWildernessItemCentrifugecrystal,item_artifact_rock_gen_v01.geo
7602,MisWildernessItemCormandatacache,item_crate_hum_v01.geo
7604,MisWildernessItemCormanWaterSampleVials,item_crate_hum_v01.geo
7606,MisWildernessItemCormanWaterSerum,ammo_bullets_v01.geo
7607,UsableDoorHumFortSmallV01,arch_hum_fort_door_small_v01.geo
7614,Tool_Avatar_Healing_Disc_Direct_CMN_05_to_09,hp_hum_tool_healing_disc_v01.geo
7615,Tool_Avatar_Healing_Disc_Direct_CMN_10_to_14,hp_hum_tool_healing_disc_v01.geo
7620,Ammo_Pharmaceutical_1_Standard_Grade,item_canister_hum_v02.geo
7621,MisWildernessItemTurbineregulator,item_crate_hum_v01.geo
7623,ArchForeanWarnethiveV01,arch_forean_warnethive_v01.geo
7624,FloraForeasStinkcabbage01V02,flora_foreas_stinkcabbage01_v02.geo
7625,FloraForeasGenPlant07V01,flora_foreas_gen_plant07_v01.geo
7626,FloraForeasGenPlant07V02,flora_foreas_gen_plant07_v02.geo
7627,FloraForeasGenPlant07V03,flora_foreas_gen_plant07_v03.geo
7628,TerraAriekiTarPond128V01,terra_arieki_tar_pond_128_v01.geo
7629,TerraAriekiTarPond32V01,terra_arieki_tar_pond_32_v01.geo
7630,TerraAriekiTarPond64V01,terra_arieki_tar_pond_64_v01.geo
7631,UsableDoorHumFortLargeV01,arch_hum_fort_door_large_v01.geo
7632,Ammo_Micromech_1_Spore,item_canister_hum_v01.geo
7633,IngredientGunpowder,item_canister_hum_v01.geo
7634,IngredientScrapMetal,item_canister_hum_v02.geo
7636,UsableTwoStateForeanElohBrazierV01,arch_forean_eloh_brazier_v01.geo
7637,ArchForeanElohBrazierV02,arch_forean_eloh_brazier_v02.geo
7638,ArchForeanElohBrazierV03,arch_forean_eloh_brazier_v03.geo
7643,ArchForeanElohShrineV01,arch_forean_eloh_shrine_v01.geo
7644,ArchForeanElohShrineV02,arch_forean_eloh_shrine_v02.geo
7649,ArchElohVogrenTombV01,arch_eloh_vogrentomb_v01.geo
7650,FloraForeasGenPlant02V02,flora_foreas_gen_plant02_v02.geo
7651,ArchBaneExteriorProcessPlantV02,arch_bane_exterior_ProcessPlant_v02.geo
7653,MisWildernessItemGuardPromDatapad,item_crate_hum_v01.geo
7655,MisWildernessItemGuardPromFithikGland,item_crate_hum_v01.geo
7656,SkyForeasBattlefieldClouds,sky_foreas_battlefield_clouds.geo
7658,MisMarshesItemBoargarHide,item_bio_hide_gen_v01.geo
7659,MisMarshesItemGrubberHide,item_bio_hide_gen_v01.geo
7660,MisMarshesItemMoxHeart,item_bio_organ_gen_v01.geo
7661,MisMarshesItemWarnetQueenGland,item_bio_organ_warnet_v01.geo
7662,MisMarshesItemMawGland,item_bio_organ_warnet_v01.geo
7663,MisMarshesItemSwampGrassSample,item_bio_plant_gen_v02.geo
7664,MisMarshesItemCallaFernFrond,item_bio_plant_gen_v01.geo
7665,MisMarshesItemDogtags,item_bag_hum_v01.geo
7666,MisMarshesItemGasContainers,item_canister_hum_v01.geo
7667,MisMarshesItemNutritionSupplement,item_crate_hum_v01.geo
7668,MisMarshesItemCannisterBaneDataPad,item_datablade_bane.geo
7669,MisMarshesItemTreebackEssence,item_canister_hum_v02.geo
7670,MisMarshesItemPredatorJunk,item_machinepart_bane_v03.geo
7671,MisMarshesItemNeutralizingAgent,item_canister_hum_v02.geo
7672,MisMarshesItemBoneSamples,item_bio_organ_gen_v01.geo
7673,MisMarshesItemPurifiedTreebackEss,item_canister_hum_v02.geo
7689,FloraAriekiTarlilly01V01,flora_arieki_tarlilly_01_v01.geo
7696,Bane_Amoeboid_v2,creature_bane_amoeboid_v02.geo
7697,SkyForeasBattlefieldSun,sky_foreas_battlefield_sun.geo
7698,TEST_Sword_Arcing,hp_hum_sword_v01.geo
7699,ArchHumGenObjSandbags01V01,prop_hum_sandbags01V01.geo
7701,ArchHumGenObjSandbags01V02,prop_hum_sandbags01V02.geo
7702,ArchHumGenObjSandbags01V03,prop_hum_sandbags01V03.geo
7703,ArchHumGenObjSandbags01V04,prop_hum_sandbags01V04.geo
7704,ArchHumGenObjSandbags01V05,prop_hum_sandbags01V05.geo
7705,ArchHumGenObjSandbags01V06,prop_hum_sandbags01V06.geo
7706,MisWildernessItemMedicalSupplies,item_crate_hum_v03.geo
7707,UsableItemDispDamagedMedSuppliesDELETEDUPE,item_crate_hum_v02.geo
7718,FloraAriekiTarlilly01V02,flora_arieki_tarlilly_01_v02.geo
7719,FloraAriekiTarlilly01V03,flora_arieki_tarlilly_01_v03.geo
7722,Vehicle_Bane_Juggernaut,creature_bane_juggernaut_v01.geo
7723,TEST_Item_Miasma_Tongue,item_bio_goo_gen_v01.geo
7724,TerraAriekiPlainsGeyserV02,terra_arieki_plains_geyser_v02.geo
7726,SkyAriekiDefaultClouds,sky_arieki_default_clouds.geo
7728,SkyAriekiDefaultSun,sky_arieki_default_sun.geo
7731,TerraAriekiPlainsGeyserSmallV01,terra_arieki_plains_geyser_small_v01.geo
7732,TerraAriekiPlainsGeyserSmallV02,terra_arieki_plains_geyser_small_v02.geo
7733,TerraAriekiPlainsGeyserSmallV03,terra_arieki_plains_geyser_small_v03.geo
7734,TerraAriekiPlainsGeyserV01,terra_arieki_plains_geyser_v01.geo
7735,TerraAriekiPlainsGeyserV03,terra_arieki_plains_geyser_v03.geo
7736,FloraForeasBurnedTree01V01,flora_foreas_burned_tree01_v01.geo
7737,FloraForeasBurnedTree01V02,flora_foreas_burned_tree01_v02.geo
7738,FloraForeasBurnedTree01V03,flora_foreas_burned_tree01_v03.geo
7739,ArchBaneIndustrialChunnelCatwalkPipesCross8mV01,arch_bane_industrial_chunnel_catwalk_pipes_cross_8m_v01.geo
7740,ArchBaneIndustrialChunnelCatwalkPipesCross8mV02,arch_bane_industrial_chunnel_catwalk_pipes_cross_8m_v02.geo
7741,ArchBaneIndustrialChunnelCatwalkPipesTee8mV01,arch_bane_industrial_chunnel_catwalk_pipes_tee_8m_v01.geo
7742,ArchBaneIndustrialChunnelCatwalkPipesTurn8mV02,arch_bane_industrial_chunnel_catwalk_pipes_turn_8m_v02.geo
7743,ArchBaneObjConsoleMonitorV01V02,prop_bane_console_monitor_v01_v02.geo
7744,ArchBaneObjConsoleMonitorV01V03,prop_bane_console_monitor_v01_v03.geo
7745,TerraAriekiPlainsGeyserSmallV04,terra_arieki_plains_geyser_small_v04.geo
7746,MisWildernessItemMiningSupplies,item_crate_hum_v01.geo
7747,AccountReward_Pet_PineOck,creature_pet_pineock_v01.geo
7748,TerraForeasDamagedBurnedRock01V01,terra_foreas_damaged_burned_rock01_v01.geo
7749,TerraForeasDamagedBurnedRock01V02,terra_foreas_damaged_burned_rock01_v02.geo
7750,TerraForeasDamagedBurnedRock01V03,terra_foreas_damaged_burned_rock01_v03.geo
7751,TerraForeasDamagedBurnedRock01V04,terra_foreas_damaged_burned_rock01_v04.geo
7752,TerraForeasDamagedBurnedRock01V05,terra_foreas_damaged_burned_rock01_v05.geo
7753,TerraForeasDamagedBurnedRock01V07,terra_foreas_damaged_burned_rock01_v07.geo
7754,TerraForeasDamagedBurnedRock02V01,terra_foreas_damaged_burned_rock02_v01.geo
7755,TerraForeasDamagedBurnedRock02V02,terra_foreas_damaged_burned_rock02_v02.geo
7756,TerraForeasDamagedBurnedRock02V03,terra_foreas_damaged_burned_rock02_v03.geo
7757,TerraForeasDamagedBurnedRock02V04,terra_foreas_damaged_burned_rock02_v04.geo
7758,SkyAriekiDefaultErdas,sky_arieki_default_erdas.geo
7759,ArchBaneExteriorPrisonFacadeV01,arch_bane_exterior_Prison_Facade_v01.geo
7760,ArchBaneExteriorHeadQuartersV01,arch_bane_exterior_Headquarters_v01.geo
7761,MisPoolsItemArmorshard,item_bag_bane_v02.geo
7765,MisPoolsItemHermitToken,item_bag_hum_v02.geo
7766,MisPoolsItemEmptyVial,item_canister_hum_v01.geo
7767,MisPoolsItemWatersamplenorth,item_canister_hum_v01.geo
7768,MisPoolsItemWatersampleeast,item_canister_hum_v01.geo
7769,MisPoolsItemWatersamplewest,item_canister_hum_v01.geo
7770,FloraAriekiRaintreeYoung01V01,flora_arieki_raintree_young_01_v01.geo
7771,FloraAriekiRaintreeYoung01V02,flora_arieki_raintree_young_01_v02.geo
7772,FloraAriekiRaintreeYoung01V03,flora_arieki_raintree_young_01_v03.geo
7773,FloraAriekiRaintreeYoung01V04,flora_arieki_raintree_young_01_v04.geo
7774,FloraAriekiRaintree01V06,flora_arieki_raintree_01_v06.geo
7775,NPC_Brann_Swapset_Female,creature_brann_f_nude_v01.geo
7776,NPC_Brann_Swapset_Male,creature_brann_m_nude_v01.geo
7777,FloraForeasBurnedPlant01V02,flora_foreas_burned_plant01_v02.geo
7778,FloraForeasBurnedPlant01V03,flora_foreas_burned_plant01_v03.geo
7779,FloraForeasBurnedPlant01V04,flora_foreas_burned_plant01_v04.geo
7782,MisPoolsItemRationpacks,item_crate_hum_v02.geo
7783,MisPoolsItemThraxammocrate,item_crate_bane_v01.geo
7784,MisPoolsItemLogosdevice,item_canister_hum_v01.geo
7785,ArchElohLogosClarity,arch_eloh_logos_clarity_v01.geo
7786,MisInclineItemHighTechSalvageParts,item_machinepart_bane_v01.geo
7787,MisInclineItemPillboxSupplies,item_canister_bane_v01.geo
7788,MisPoolsItemGrowthaccelerant,item_canister_hum_v02.geo
7789,MisInclineItemRetrievalSalvage,item_crate_hum_v01.geo
7790,MisInclineItemSmartSalvageA,ammo_bullets_v01.geo
7791,MisPoolsItemJammer,prop_hum_gps_beacon_v01.geo
7792,MisInclineItemLeadershipSalvage,ammo_bullets_v01.geo
7793,MisInclineItemSmartSalvageB,ammo_bullets_v01.geo
7794,MisInclineItemSmartSalvageC,ammo_bullets_v01.geo
7796,MisInclineItemSmartSalvageD,ammo_bullets_v01.geo
7797,MisPoolsItemPumpimpeller,item_machinepart_hum_v01.geo
7798,MisInclineItemPheromoneLure,ammo_bullets_v01.geo
7799,MisPoolsItemTurbineshaft,item_machinepart_hum_v01.geo
7800,MisPoolsItemFilterseal,item_crate_hum_v03.geo
7801,MisPoolsItemSporereceptacle,item_crate_hum_v02.geo
7802,MisPoolsItemEmptysamplecontainer,item_canister_hum_v01.geo
7803,MisInclineItemElohArtifact,ammo_bullets_v01.geo
7804,MisInclineItemElohSwapArtifact,ammo_bullets_v01.geo
7806,MisPoolsItemFloraspecimen,item_canister_hum_v01.geo
7807,MisInclineItemNitroglazerCannister,item_crate_hum_v01.geo
7808,MisInclineItemAidPackage,item_crate_hum_v01.geo
7809,MisInclineItemSuspicionsDatapad,ammo_bullets_v01.geo
7811,MisPoolsItemEmptysamplevial,item_canister_hum_v01.geo
7813,MisPoolsItemAmoebicsample,item_canister_hum_v01.geo
7814,MisPoolsItemPoolsgrowthaccelerant,item_canister_hum_v02.geo
7815,MisPoolsItemScentdispenser,item_canister_hum_v02.geo
7816,MisPoolsItemPlasmabomb,item_crate_hum_v02.geo
7817,MisInclineItemAttaGland,item_bio_organ_warnet_v01.geo
7818,MisPoolsItemSecuritycodes,item_datablade_bane.geo
7819,MisPoolsItemPlasmacore,item_machinepart_hum_v01.geo
7821,MisPoolsItemWeaponcasing,item_crate_hum_v02.geo
7822,MisPoolsItemEnergycoil,item_canister_hum_v01.geo
7824,MisPoolsItemBrannweapon,item_crate_hum_v01.geo
7826,MisWildernessItemSurveyData,item_datablock_hum.geo
7827,UsableTwoStateSurveyorUnit,prop_hum_gps_beacon_v01.geo
7828,MisPoolsItemBromfielddatacube,item_datablock_hum.geo
7829,MisPoolsItemGpsbeacon,item_canister_hum_v01.geo
7830,MisPoolsItemGpsdata,item_datablock_hum.geo
7837,UsableItemAccHumJammer,prop_hum_gps_beacon_acceptor_v01.geo
7840,MisPoolsItemSporecannister,item_canister_hum_v01.geo
7847,UsableItemAccHumGpsBeacon,prop_hum_gps_beacon_acceptor_v01.geo
7848,SkyAriekiDefaultStars,sky_arieki_default_stars.geo
7849,UsableTwoStateBaneSwitchV01,prop_bane_console_switch_door_v01.geo
7850,MisPalisadesItemFencekey,item_keycard_bane_gen.geo
7851,SkyAriekiDefaultErdasMatte,sky_arieki_default_erdas_matte.geo
7853,UsableDoorHumElectricFenceV01,arch_hum_fort_fence_holo_straight_v01.geo
7859,UsableInertDestHumCrateV01,prop_hum_ammo_stores_v01.geo
7861,UsableTreasureDispHumCrateV01,prop_hum_crate_v01.geo
7863,UsableTreasureDispHumCrateV02,prop_hum_crate_v02.geo
7865,UsableTreasureDispHumCorpseMaleV02,usable_td_corpse_hum_m_v02.geo
7870,UsableBombHumV01,prop_hum_bomb_acceptor_v01.geo
7874,UsableInertDestBaneMachineryV01DELETEDUPE,prop_bane_gasharvester.geo
7875,UsableItemAccBaneMachineryV01DELETEDUPE,prop_bane_console_datablade_empty.geo
7877,UsableInertDestBaneArmoryMachineryV01,prop_bane_armory_machinery_v01.geo
7879,SkyForeasSinkholeMountains,sky_foreas_sinkhole_mountains.geo
7881,SkyArieki_128_GreyColor,sky_arieki_128_grey_color.geo
7888,UsableItemAccBaneConsoleV01,prop_bane_console_datablade_empty.geo
7889,UsableTwoStateBaneConsoleV01DELETEDUPE,prop_bane_pedestal_switch_door_v01.geo
7894,UsableTreasureDispBaneCrateV01,prop_bane_crate_v01.geo
7895,UsableTwoStateHumTeleporter,arch_hum_teleporter.geo
7896,TerraForeasRockSmall01,terra_foreas_rock_small01.geo
7897,TerraForeasRockSmall02,terra_foreas_rock_small02.geo
7898,TerraForeasRockSmall03,terra_foreas_rock_small03.geo
7899,TerraForeasRockSmall04,terra_foreas_rock_small04.geo
7900,TerraForeasRockSmall05,terra_foreas_rock_small05.geo
7901,TerraForeasRockSmall06,terra_foreas_rock_small06.geo
7904,UsableTreasureDispBaneCrateV02,prop_bane_crate_v02.geo
7906,UsableInertDestBaneGasHarvesterV01,prop_bane_gasharvester.geo
7908,UsableItemAccBaneGasHarvesterV01,prop_bane_gasharvester_canister_empty.geo
7910,UsableTreasureDispForeanCrateV01DELETEDUPE,item_crate_hum_v03.geo
7911,UsableItemAccForeanCrateV01DELETE,prop_forean_pottery_v01.geo
7913,UsableTreasureDispForeanCrateV02DELETEDUPE,item_crate_hum_v02.geo
7914,UsableItemAccForeanCrateV02DELETE,prop_forean_pottery_v02.geo
7915,UsableTreasureDispForeanCorpseMaleV01,usable_td_corpse_forean_m_v01.geo
7921,UsableInertDestBrannMachineryV01DELETEDUPE,prop_brann_resistor_v01.geo
7922,UsableItemAccBrannMachineryV01DELETEDUPE,prop_brann_resistor_v01.geo
7928,UsableTreasureDispBrannCorpseMaleV01,usable_td_corpse_brann_m_v01.geo
7931,UsableTreasureDispBrannCrateV01,prop_brann_crate_v03.geo
7934,UsableTreasureDispBrannCrateV02,prop_brann_crate_v04.geo
7964,UsableInertDestAttaDoorV01DELETEV01,terra_arieki_cavern_door_8m_plug_closed.geo
7965,UsableTreasureDispAttaCorpseV01,prop_atta_cocooned_corpse_v01.geo
7973,SkyForeas_0_BlackColor,sky_foreas_0_black_color.geo
7974,SkyForeas_128_GreyColor,sky_foreas_128_grey_color.geo
7975,SkyForeasDefaultMoonMatte,sky_foreas_default_moon_matte.geo
7977,RETIRED_Vehicle_Bane_Gridbug,creature_bane_gridbug_v01.geo
7981,MisWildernessItemCatalyzer,item_machinepart_hum_v02.geo
7982,SkyAriekiDefaultSunMatte,sky_arieki_default_sun_matte.geo
7985,MisWildernessItemBloodSample,item_canister_hum_v02.geo
7987,MisWildernessItemTestResults,item_datablock_hum.geo
7989,MisWildernessItemSerum,item_crate_hum_v01.geo
7991,MisWildernessItemMachinaRemains,item_bio_limbs_hum_v01.geo
8002,RandomExplosionAriekiLightning,vfx_arieki_lightning_v01.geo
8003,ArchHumGenObjCameraV01,prop_hum_camera_v01.geo
8004,ArchHumGenObjCameraV02,prop_hum_camera_v02.geo
8005,ArchHumGenObjDumpsterV01,prop_hum_dumpster_v01.geo
8006,ArchHumGenObjElectricV01,prop_hum_electric_v01.geo
8007,ArchHumGenObjElectricV02,prop_hum_electric_v02.geo
8008,ArchHumGenObjElectricV03,prop_hum_electric_v03.geo
8009,ArchHumGenObjElectricV04,prop_hum_electric_v04.geo
8010,ArchHumGenObjElectricV05,prop_hum_electric_v05.geo
8011,ArchHumGenObjElectricV06,prop_hum_electric_v06.geo
8012,ArchHumGenObjElectricV07,prop_hum_electric_v07.geo
8013,ArchHumGenObjMicroscopeV01,prop_hum_microscope_v01.geo
8014,ArchHumGenObjMonitorV01V01,prop_hum_monitor_v01_v01.geo
8015,ArchHumGenObjMonitorV02V01,prop_hum_monitor_v02_v01.geo
8016,ArchHumGenObjPhoneV01,prop_hum_phone_v01.geo
8017,ArchHumGenObjPhoneV02,prop_hum_phone_v02.geo
8018,ArchHumGenObjPhoneV03,prop_hum_phone_v03.geo
8019,ArchHumGenObjScaleV01,prop_hum_scale_v01.geo
8020,ArchHumGenObjShelvesV01,prop_hum_shelves_v01.geo
8021,ArchHumGenObjSpeakerV01,prop_hum_speaker_v01.geo
8022,ArchHumGenObjSpeakerV02,prop_hum_speaker_v02.geo
8023,ArchHumGenObjStagelightsV01,prop_hum_stagelights_v01.geo
8024,TerraAriekiSulfurRiverStraight32mV01,terra_arieki_sulfur_river_straight_32m_v01.geo
8025,TerraAriekiSulfurRiverStraight64mV01,terra_arieki_sulfur_river_straight_64m_v01.geo
8026,TerraAriekiSulfurRiverStraight64mV02,terra_arieki_sulfur_river_straight_64m_v02.geo
8027,TerraAriekiSulfurRiverStraight64mV03,terra_arieki_sulfur_river_straight_64m_v03.geo
8028,TerraAriekiSulfurRiverTee64mV01,terra_arieki_sulfur_river_tee_64m_v01.geo
8029,TerraAriekiSulfurRiverTee64mV02,terra_arieki_sulfur_river_tee_64m_v02.geo
8030,TerraAriekiSulfurRiverTurnLeft64mV01,terra_arieki_sulfur_river_turn_left_64m_v01.geo
8031,TerraAriekiSulfurRiverTurnRight32mV01,terra_arieki_sulfur_river_turn_right_32m_v01.geo
8032,TerraAriekiSulfurRiverTurnRight64mV01,terra_arieki_sulfur_river_turn_right_64m_v01.geo
8034,ArchBaneOutpostObstacleV02,arch_bane_outpost_obstacle_v02.geo
8035,ArchBaneOutpostObstacleV03,arch_bane_outpost_obstacle_v03.geo
8036,ArchBaneOutpostObstacleV04,arch_bane_outpost_obstacle_v04.geo
8037,ArchBaneExteriorLightV01,arch_bane_exterior_light_v01.geo
8038,ArchBaneExteriorLightV02,arch_bane_exterior_light_v02.geo
8039,ArchBaneExteriorPipesV01,arch_bane_exterior_pipes_v01.geo
8040,ArchBaneExteriorPipesV02,arch_bane_exterior_pipes_v02.geo
8041,ArchBaneExteriorPipesV03,arch_bane_exterior_pipes_v03.geo
8042,ArchBaneExteriorPipesV04,arch_bane_exterior_pipes_v04.geo
8043,ArchBaneExteriorPipesV05,arch_bane_exterior_pipes_v05.geo
8044,UsableTwoStateBaneTeleporterV01,arch_bane_teleporter_v01.geo
8056,TerraAriekiSulfurPond128V01,terra_arieki_sulfur_pond_128_v01.geo
8057,TerraAriekiSulfurPond32V01,terra_arieki_sulfur_pond_32_v01.geo
8058,TerraAriekiSulfurPond64V01,terra_arieki_sulfur_pond_64_v01.geo
8059,TerraAriekiSulfurRiverTurnLeft32mV01,terra_arieki_sulfur_river_turn_left_32m_v01.geo
8060,TerraAriekiSulfurRiverY64mV01,terra_arieki_sulfur_river_y_64m_v01.geo
8061,TerraAriekiSulfurRiverY64mV02,terra_arieki_sulfur_river_y_64m_v02.geo
8062,ArchHumGenObjBucketV01,prop_hum_bucket_v01.geo
8063,ArchHumGenObjBucketV02,prop_hum_bucket_v02.geo
8064,ArchHumGenObjChairV01,prop_hum_chair_v01.geo
8065,ArchHumGenObjChairV02,prop_hum_chair_v02.geo
8066,ArchHumGenObjChairV03,prop_hum_chair_v03.geo
8067,ArchHumGenObjChairV04,prop_hum_chair_v04.geo
8068,ArchHumGenObjChairV05,prop_hum_chair_v05.geo
8069,ArchHumGenObjDumpsterV02,prop_hum_dumpster_v02.geo
8070,ArchHumGenObjFanceilingV01,prop_hum_fanceiling_v01.geo
8071,ArchHumGenObjForkliftV01,prop_hum_forklift_v01.geo
8072,ArchHumGenObjLadderV01,prop_hum_ladder_v01.geo
8073,ArchHumGenObjLampV01,prop_hum_lamp_v01.geo
8074,ArchHumGenObjLampV02,prop_hum_lamp_v02.geo
8075,ArchHumGenObjLampV03,prop_hum_lamp_v03.geo
8076,ArchHumGenObjLampV04,prop_hum_lamp_v04.geo
8077,ArchHumGenObjSinkV02,prop_hum_sink_v02.geo
8078,ArchHumGenObjTableV01,prop_hum_table_v01.geo
8079,ArchHumGenObjTableV02,prop_hum_table_v02.geo
8080,ArchHumGenObjTableV03,prop_hum_table_v03.geo
8081,ArchHumGenObjTableV04,prop_hum_table_v04.geo
8082,ArchHumGenObjTableV05,prop_hum_table_v05.geo
8083,ArchHumGenObjWcV01,prop_hum_wc_v01.geo
8086,ArchForeanFithiceggclusterV01DestroyedV01,arch_forean_fithiceggcluster_v01_destroyed_v01.geo
8090,RandomExplosionAriekiGeyser,particle_proxy.geo
8091,ArchBaneExteriorLargeTowerV03,arch_bane_exterior_large_tower_v03.geo
8092,NPC_Creature_Atta_Harvester,creature_arieki_atta_harvester_v01.geo
8093,NPC_Creature_Atta_Soldier,creature_arieki_atta_soldier_v01.geo
8094,NPC_Creature_Atta_Queen_Boss,creature_arieki_atta_queen_v01.geo
8095,MisPlateauItemDecryptionDevice,item_datablock_hum.geo
8098,MisPlateauItemBaneDatapad,item_datablade_bane.geo
8105,Weapon_Avatar_Pistol_Physical_CMN_35_to_39,hp_hum_pistol_physical_v01.geo
8107,Weapon_Avatar_Pistol_Physical_CMN_40_to_44,hp_hum_pistol_physical_v01.geo
8110,Weapon_Avatar_Pistol_Physical_CMN_45_to_49,hp_hum_pistol_physical_v01.geo
8115,Weapon_Avatar_Pistol_Physical_CMN_50_to_50,hp_hum_pistol_physical_v01.geo
8116,RECYCLE_Weapon_Avatar_Pistol_Sonic_01_to_04,hp_hum_pistol_physical_v01.geo
8119,Weapon_Avatar_Pistol_Sonic_CMN_15_to_19,hp_hum_pistol_physical_v01.geo
8125,Weapon_Avatar_Pistol_Sonic_CMN_35_to_39,hp_hum_pistol_physical_v01.geo
8127,Weapon_Avatar_Pistol_Sonic_CMN_40_to_44,hp_hum_pistol_physical_v01.geo
8130,Weapon_Avatar_Pistol_Sonic_CMN_45_to_49,hp_hum_pistol_physical_v01.geo
8135,Weapon_Avatar_Pistol_Sonic_CMN_50_to_50,hp_hum_pistol_physical_v01.geo
8136,RECYCLE_Weapon_Avatar_Pistol_Laser_01_to_04,hp_hum_pistol_laser.geo
8143,Weapon_Avatar_Pistol_Laser_CMN_35_to_39,hp_hum_pistol_laser.geo
8145,Weapon_Avatar_Pistol_Laser_CMN_40_to_44,hp_hum_pistol_laser.geo
8148,Weapon_Avatar_Pistol_Laser_CMN_45_to_49,hp_hum_pistol_laser.geo
8153,Weapon_Avatar_Pistol_Laser_CMN_50_to_50,hp_hum_pistol_laser.geo
8154,RECYCLE_Weapon_Avatar_Pistol_Electric_01_to_04,hp_hum_pistol_electric_v01.geo
8156,RECYCLE_Weapon_Avatar_Pistol_Electric_15_to_19,hp_hum_pistol_electric_v01.geo
8162,Weapon_Avatar_Pistol_Electric_CMN_35_to_39,hp_hum_pistol_electric_v01.geo
8164,Weapon_Avatar_Pistol_Electric_CMN_40_to_44,hp_hum_pistol_electric_v01.geo
8167,Weapon_Avatar_Pistol_Electric_CMN_45_to_49,hp_hum_pistol_electric_v01.geo
8172,Weapon_Avatar_Pistol_Electric_CMN_50_to_50,hp_hum_pistol_electric_v01.geo
8173,RECYCLE_Weapon_Avatar_Pistol_EMP_01_to_04,hp_hum_pistol_emp_v01.geo
8180,Weapon_Avatar_Pistol_EMP_CMN_35_to_39,hp_hum_pistol_emp_v01.geo
8182,Weapon_Avatar_Pistol_EMP_CMN_40_to_44,hp_hum_pistol_emp_v01.geo
8185,Weapon_Avatar_Pistol_EMP_CMN_45_to_49,hp_hum_pistol_emp_v01.geo
8190,Weapon_Avatar_Pistol_EMP_CMN_50_to_50,hp_hum_pistol_emp_v01.geo
8196,Weapon_Avatar_Rifle_Physical_CMN_31_to_35,hp_hum_rifle_physical_v01.geo
8198,Weapon_Avatar_Rifle_Physical_CMN_36_to_40,hp_hum_rifle_physical_v01.geo
8201,Weapon_Avatar_Rifle_Physical_CMN_41_to_45,hp_hum_rifle_physical_v01.geo
8206,Weapon_Avatar_Rifle_Physical_CMN_46_to_49,hp_hum_rifle_physical_v01.geo
8207,Weapon_Avatar_Rifle_Sonic_CMN_50_to_50,hp_hum_rifle_sonic_v01.geo
8210,Weapon_Avatar_Rifle_Sonic_CMN_11_to_15,hp_hum_rifle_sonic_v01.geo
8216,Weapon_Avatar_Rifle_Sonic_CMN_31_to_35,hp_hum_rifle_sonic_v01.geo
8218,Weapon_Avatar_Rifle_Sonic_CMN_36_to_40,hp_hum_rifle_sonic_v01.geo
8221,Weapon_Avatar_Rifle_Sonic_CMN_41_to_45,hp_hum_rifle_sonic_v01.geo
8226,Weapon_Avatar_Rifle_Sonic_CMN_46_to_49,hp_hum_rifle_sonic_v01.geo
8227,Weapon_Avatar_Rifle_Laser_CMN_50_to_50,hp_hum_rifle_laser_v01.geo
8234,Weapon_Avatar_Rifle_Laser_CMN_31_to_35,hp_hum_rifle_laser_v01.geo
8236,Weapon_Avatar_Rifle_Laser_CMN_36_to_40,hp_hum_rifle_laser_v01.geo
8239,Weapon_Avatar_Rifle_Laser_CMN_41_to_45,hp_hum_rifle_laser_v01.geo
8244,Weapon_Avatar_Rifle_Laser_CMN_46_to_49,hp_hum_rifle_laser_v01.geo
8245,Weapon_Avatar_Rifle_Electric_CMN_50_to_50,hp_hum_rifle_electric.geo
8247,RECYCLE_Weapon_Avatar_Rifle_Electric_11_to_15,hp_hum_rifle_electric.geo
8253,Weapon_Avatar_Rifle_Electric_CMN_31_to_35,hp_hum_rifle_electric.geo
8255,Weapon_Avatar_Rifle_Electric_CMN_36_to_40,hp_hum_rifle_electric.geo
8258,Weapon_Avatar_Rifle_Electric_CMN_41_to_45,hp_hum_rifle_electric.geo
8263,Weapon_Avatar_Rifle_Electric_CMN_46_to_49,hp_hum_rifle_electric.geo
8264,Weapon_Avatar_Rifle_EMP_CMN_50_to_50,hp_hum_rifle_emp_v01.geo
8271,Weapon_Avatar_Rifle_EMP_CMN_31_to_35,hp_hum_rifle_emp_v01.geo
8273,Weapon_Avatar_Rifle_EMP_CMN_36_to_40,hp_hum_rifle_emp_v01.geo
8276,Weapon_Avatar_Rifle_EMP_CMN_41_to_45,hp_hum_rifle_emp_v01.geo
8281,Weapon_Avatar_Rifle_EMP_CMN_46_to_49,hp_hum_rifle_emp_v01.geo
8287,Weapon_Avatar_Shotgun_v1_Physical_CMN_32_to_36,hp_hum_shotgun_physical_v01.geo
8289,Weapon_Avatar_Shotgun_v1_Physical_CMN_37_to_41,hp_hum_shotgun_physical_v01.geo
8292,Weapon_Avatar_Shotgun_v1_Physical_CMN_42_to_46,hp_hum_shotgun_physical_v01.geo
8297,Weapon_Avatar_Shotgun_v1_Physical_CMN_47_to_49,hp_hum_shotgun_physical_v01.geo
8298,RECYCLE_Weapon_Avatar_Shotgun_Fire_01_to_01,hp_hum_shotgun_fire.geo
8305,Weapon_Avatar_Shotgun_v1_Fire_CMN_32_to_36,hp_hum_shotgun_fire.geo
8307,Weapon_Avatar_Shotgun_v1_Fire_CMN_37_to_41,hp_hum_shotgun_fire.geo
8310,Weapon_Avatar_Shotgun_v1_Fire_CMN_42_to_46,hp_hum_shotgun_fire.geo
8315,Weapon_Avatar_Shotgun_v1_Fire_CMN_47_to_49,hp_hum_shotgun_fire.geo
8316,RECYCLE_Weapon_Avatar_Shotgun_Ice_01_to_to_01,hp_hum_shotgun_ice.geo
8323,Weapon_Avatar_Shotgun_v1_Ice_CMN_32_to_36,hp_hum_shotgun_ice.geo
8325,Weapon_Avatar_Shotgun_v1_Ice_CMN_37_to_41,hp_hum_shotgun_ice.geo
8328,Weapon_Avatar_Shotgun_v1_Ice_CMN_42_to_46,hp_hum_shotgun_ice.geo
8333,Weapon_Avatar_Shotgun_v1_Ice_CMN_47_to_49,hp_hum_shotgun_ice.geo
8334,RECYCLE_Weapon_Avatar_Shotgun_Sonic_01_to_01,hp_hum_shotgun_sonic.geo
8341,Weapon_Avatar_Shotgun_v1_Sonic_CMN_32_to_36,hp_hum_shotgun_sonic.geo
8343,Weapon_Avatar_Shotgun_v1_Sonic_CMN_37_to_41,hp_hum_shotgun_sonic.geo
8346,Weapon_Avatar_Shotgun_v1_Sonic_CMN_42_to_46,hp_hum_shotgun_sonic.geo
8351,Weapon_Avatar_Shotgun_v1_Sonic_CMN_47_to_49,hp_hum_shotgun_sonic.geo
8352,RECYCLE_Weapon_Avatar_Shotgun_Laser_01_to_01,hp_hum_shotgun_laser_v01.geo
8359,Weapon_Avatar_Shotgun_v1_Laser_CMN_32_to_36,hp_hum_shotgun_laser_v01.geo
8361,Weapon_Avatar_Shotgun_v1_Laser_CMN_37_to_41,hp_hum_shotgun_laser_v01.geo
8364,Weapon_Avatar_Shotgun_v1_Laser_CMN_42_to_46,hp_hum_shotgun_laser_v01.geo
8369,Weapon_Avatar_Shotgun_v1_Laser_CMN_47_to_49,hp_hum_shotgun_laser_v01.geo
8370,RECYCLE_Weapon_Avatar_Shotgun_EMP_01_to_to_01,hp_hum_shotgun_emp_v01.geo
8373,Weapon_Avatar_Shotgun_v1_EMP_CMN_12_to_16,hp_hum_shotgun_emp_v01.geo
8379,Weapon_Avatar_Shotgun_v1_EMP_CMN_32_to_36,hp_hum_shotgun_emp_v01.geo
8381,Weapon_Avatar_Shotgun_v1_EMP_CMN_37_to_41,hp_hum_shotgun_emp_v01.geo
8384,Weapon_Avatar_Shotgun_v1_EMP_CMN_42_to_46,hp_hum_shotgun_emp_v01.geo
8389,Weapon_Avatar_Shotgun_v1_EMP_CMN_47_to_49,hp_hum_shotgun_emp_v01.geo
8395,Weapon_Avatar_GrenadeLauncher_Physical_CMN_35_to_39,hp_hum_grenadelauncher_physical_v01.geo
8397,Weapon_Avatar_GrenadeLauncher_Physical_CMN_40_to_44,hp_hum_grenadelauncher_physical_v01.geo
8400,Weapon_Avatar_GrenadeLauncher_Physical_CMN_45_to_49,hp_hum_grenadelauncher_physical_v01.geo
8405,Weapon_Avatar_GrenadeLauncher_Physical_CMN_50_to_50,hp_hum_grenadelauncher_physical_v01.geo
8406,RECYCLE_Weapon_Avatar_GrenadeLauncher_Fire_15_to_19,hp_hum_grenadelauncher_fire.geo
8412,Weapon_Avatar_GrenadeLauncher_Fire_CMN_35_to_39,hp_hum_grenadelauncher_fire.geo
8414,Weapon_Avatar_GrenadeLauncher_Fire_CMN_40_to_44,hp_hum_grenadelauncher_fire.geo
8417,Weapon_Avatar_GrenadeLauncher_Fire_CMN_45_to_49,hp_hum_grenadelauncher_fire.geo
8422,Weapon_Avatar_GrenadeLauncher_Fire_CMN_50_to_50,hp_hum_grenadelauncher_fire.geo
8423,RECYCLE_Weapon_Avatar_GrenadeLauncher_Ice_15_to_19,hp_hum_grenadelauncher_ice.geo
8429,Weapon_Avatar_GrenadeLauncher_Ice_CMN_35_to_39,hp_hum_grenadelauncher_ice.geo
8431,Weapon_Avatar_GrenadeLauncher_Ice_CMN_40_to_44,hp_hum_grenadelauncher_ice.geo
8434,Weapon_Avatar_GrenadeLauncher_Ice_CMN_45_to_49,hp_hum_grenadelauncher_ice.geo
8439,Weapon_Avatar_GrenadeLauncher_Ice_CMN_50_to_50,hp_hum_grenadelauncher_ice.geo
8440,Weapon_Avatar_GrenadeLauncher_Sonic_CMN_15_to_19,hp_hum_grenadelauncher_sonic.geo
8446,Weapon_Avatar_GrenadeLauncher_Sonic_CMN_35_to_39,hp_hum_grenadelauncher_sonic.geo
8448,Weapon_Avatar_GrenadeLauncher_Sonic_CMN_40_to_44,hp_hum_grenadelauncher_sonic.geo
8451,Weapon_Avatar_GrenadeLauncher_Sonic_CMN_45_to_49,hp_hum_grenadelauncher_sonic.geo
8456,Weapon_Avatar_GrenadeLauncher_Sonic_CMN_50_to_50,hp_hum_grenadelauncher_sonic.geo
8457,Weapon_Avatar_GrenadeLauncher_EMP_CMN_15_to_19,hp_hum_grenadelauncher_emp_v01.geo
8463,Weapon_Avatar_GrenadeLauncher_EMP_CMN_35_to_39,hp_hum_grenadelauncher_emp_v01.geo
8465,Weapon_Avatar_GrenadeLauncher_EMP_CMN_40_to_44,hp_hum_grenadelauncher_emp_v01.geo
8468,Weapon_Avatar_GrenadeLauncher_EMP_CMN_45_to_49,hp_hum_grenadelauncher_emp_v01.geo
8473,Weapon_Avatar_GrenadeLauncher_EMP_CMN_50_to_50,hp_hum_grenadelauncher_emp_v01.geo
8475,Weapon_Avatar_MachineGun_Physical_CMN_13_to_17,hp_hum_machinegun_physical.geo
8481,Weapon_Avatar_MachineGun_Physical_CMN_33_to_37,hp_hum_machinegun_physical.geo
8483,Weapon_Avatar_MachineGun_Physical_CMN_38_to_42,hp_hum_machinegun_physical.geo
8486,Weapon_Avatar_MachineGun_Physical_CMN_43_to_47,hp_hum_machinegun_physical.geo
8491,Weapon_Avatar_MachineGun_Physical_CMN_48_to_49,hp_hum_machinegun_physical.geo
8493,Weapon_Avatar_MachineGun_Laser_CMN_13_to_17,hp_hum_machinegun_laser_v01.geo
8499,Weapon_Avatar_MachineGun_Laser_CMN_33_to_37,hp_hum_machinegun_laser_v01.geo
8501,Weapon_Avatar_MachineGun_Laser_CMN_38_to_42,hp_hum_machinegun_laser_v01.geo
8504,Weapon_Avatar_MachineGun_Laser_CMN_43_to_47,hp_hum_machinegun_laser_v01.geo
8509,Weapon_Avatar_MachineGun_Laser_CMN_48_to_49,hp_hum_machinegun_laser_v01.geo
8511,Weapon_Avatar_MachineGun_Electric_CMN_50_to_50,hp_hum_machinegun_electric.geo
8517,Weapon_Avatar_MachineGun_Electric_CMN_33_to_37,hp_hum_machinegun_electric.geo
8519,Weapon_Avatar_MachineGun_Electric_CMN_38_to_42,hp_hum_machinegun_electric.geo
8522,Weapon_Avatar_MachineGun_Electric_CMN_43_to_47,hp_hum_machinegun_electric.geo
8527,Weapon_Avatar_MachineGun_Electric_CMN_48_to_49,hp_hum_machinegun_electric.geo
8529,Weapon_Avatar_MachineGun_EMP_CMN_13_to_17,hp_hum_machinegun_emp.geo
8535,Weapon_Avatar_MachineGun_EMP_CMN_33_to_37,hp_hum_machinegun_emp.geo
8537,Weapon_Avatar_MachineGun_EMP_CMN_38_to_42,hp_hum_machinegun_emp.geo
8540,Weapon_Avatar_MachineGun_EMP_CMN_43_to_47,hp_hum_machinegun_emp.geo
8545,Weapon_Avatar_MachineGun_EMP_CMN_48_to_49,hp_hum_machinegun_emp.geo
8550,Weapon_Avatar_Staff_Physical_CMN_35_to_39,hp_hum_staff_physical_v01.geo
8552,Weapon_Avatar_Staff_Physical_CMN_40_to_44,hp_hum_staff_physical_v01.geo
8555,Weapon_Avatar_Staff_Physical_CMN_45_to_49,hp_hum_staff_physical_v01.geo
8560,Weapon_Avatar_Staff_Physical_CMN_50_to_50,hp_hum_staff_physical_v01.geo
8567,Weapon_Avatar_Staff_Fire_CMN_35_to_39,hp_hum_staff_fire_v01.geo
8569,Weapon_Avatar_Staff_Fire_CMN_40_to_44,hp_hum_staff_fire_v01.geo
8572,Weapon_Avatar_Staff_Fire_CMN_45_to_49,hp_hum_staff_fire_v01.geo
8577,Weapon_Avatar_Staff_Fire_CMN_50_to_50,hp_hum_staff_fire_v01.geo
8584,Weapon_Avatar_Staff_Ice_CMN_35_to_39,hp_hum_staff_ice_v01.geo
8586,Weapon_Avatar_Staff_Ice_CMN_40_to_44,hp_hum_staff_ice_v01.geo
8589,Weapon_Avatar_Staff_Ice_CMN_45_to_49,hp_hum_staff_ice_v01.geo
8594,Weapon_Avatar_Staff_Ice_CMN_50_to_50,hp_hum_staff_ice_v01.geo
8601,Weapon_Avatar_Staff_Electric_CMN_35_to_39,hp_hum_staff_electric_v01.geo
8603,Weapon_Avatar_Staff_Electric_CMN_40_to_44,hp_hum_staff_electric_v01.geo
8606,Weapon_Avatar_Staff_Electric_CMN_45_to_49,hp_hum_staff_electric_v01.geo
8611,Weapon_Avatar_Staff_Electric_CMN_50_to_50,hp_hum_staff_electric_v01.geo
8618,Weapon_Avatar_Staff_EMP_CMN_35_to_39,hp_hum_staff_emp_v01.geo
8620,Weapon_Avatar_Staff_EMP_CMN_40_to_44,hp_hum_staff_emp_v01.geo
8623,Weapon_Avatar_Staff_EMP_CMN_45_to_49,hp_hum_staff_emp_v01.geo
8628,Weapon_Avatar_Staff_EMP_CMN_50_to_50,hp_hum_staff_emp_v01.geo
8636,Weapon_Avatar_Staff_Virulent_CMN_35_to_39,hp_hum_staff_viral_v01.geo
8638,Weapon_Avatar_Staff_Virulent_CMN_40_to_44,hp_hum_staff_viral_v01.geo
8641,Weapon_Avatar_Staff_Virulent_CMN_45_to_49,hp_hum_staff_viral_v01.geo
8646,Weapon_Avatar_Staff_Virulent_CMN_50_to_50,hp_hum_staff_viral_v01.geo
8648,Weapon_Avatar_LeechGun_Physical_CMN_14_to_18,hp_hum_densitygun_physical_v01.geo
8654,Weapon_Avatar_LeechGun_Physical_CMN_34_to_38,hp_hum_densitygun_physical_v01.geo
8656,Weapon_Avatar_LeechGun_Physical_CMN_39_to_43,hp_hum_densitygun_physical_v01.geo
8659,Weapon_Avatar_LeechGun_Physical_CMN_44_to_48,hp_hum_densitygun_physical_v01.geo
8664,Weapon_Avatar_LeechGun_Physical_CMN_49_to_49,hp_hum_densitygun_physical_v01.geo
8666,RECYCLE_Weapon_Avatar_LeechGun_Fire_14_to_18,hp_hum_densitygun_fire.geo
8672,Weapon_Avatar_LeechGun_Fire_CMN_34_to_38,hp_hum_densitygun_fire.geo
8674,Weapon_Avatar_LeechGun_Fire_CMN_39_to_43,hp_hum_densitygun_fire.geo
8677,Weapon_Avatar_LeechGun_Fire_CMN_44_to_48,hp_hum_densitygun_fire.geo
8682,Weapon_Avatar_LeechGun_Fire_CMN_49_to_49,hp_hum_densitygun_fire.geo
8684,RECYCLE_Weapon_Avatar_LeechGun_Ice_14_to_18,hp_hum_densitygun_ice.geo
8690,Weapon_Avatar_LeechGun_Ice_CMN_34_to_38,hp_hum_densitygun_ice.geo
8692,Weapon_Avatar_LeechGun_Ice_CMN_39_to_43,hp_hum_densitygun_ice.geo
8695,Weapon_Avatar_LeechGun_Ice_CMN_44_to_48,hp_hum_densitygun_ice.geo
8700,Weapon_Avatar_LeechGun_Ice_CMN_49_to_49,hp_hum_densitygun_ice.geo
8702,Weapon_Avatar_LeechGun_Virulent_CMN_14_to_18,hp_hum_densitygun_viral_v01.geo
8708,Weapon_Avatar_LeechGun_Virulent_CMN_34_to_38,hp_hum_densitygun_viral_v01.geo
8710,Weapon_Avatar_LeechGun_Virulent_CMN_39_to_43,hp_hum_densitygun_viral_v01.geo
8713,Weapon_Avatar_LeechGun_Virulent_CMN_44_to_48,hp_hum_densitygun_viral_v01.geo
8718,Weapon_Avatar_LeechGun_Virulent_CMN_49_to_49,hp_hum_densitygun_viral_v01.geo
8722,Weapon_Avatar_PropellantGun_Fire_CMN_32_to_36,hp_hum_propellant_gun_fire.geo
8724,Weapon_Avatar_PropellantGun_Fire_CMN_37_to_41,hp_hum_propellant_gun_fire.geo
8727,Weapon_Avatar_PropellantGun_Fire_CMN_42_to_46,hp_hum_propellant_gun_fire.geo
8732,Weapon_Avatar_PropellantGun_Fire_CMN_47_to_49,hp_hum_propellant_gun_fire.geo
8736,Weapon_Avatar_PropellantGun_Ice_CMN_32_to_36,hp_hum_propellant_gun_ice.geo
8738,Weapon_Avatar_PropellantGun_Ice_CMN_37_to_41,hp_hum_propellant_gun_ice.geo
8741,Weapon_Avatar_PropellantGun_Ice_CMN_42_to_46,hp_hum_propellant_gun_ice.geo
8746,Weapon_Avatar_PropellantGun_Ice_CMN_47_to_49,hp_hum_propellant_gun_ice.geo
8750,Weapon_Avatar_PropellantGun_Sonic_CMN_32_to_36,hp_hum_propellant_gun_sonic.geo
8752,Weapon_Avatar_PropellantGun_Sonic_CMN_37_to_41,hp_hum_propellant_gun_sonic.geo
8755,Weapon_Avatar_PropellantGun_Sonic_CMN_42_to_46,hp_hum_propellant_gun_sonic.geo
8760,Weapon_Avatar_PropellantGun_Sonic_CMN_47_to_49,hp_hum_propellant_gun_sonic.geo
8764,Weapon_Avatar_PropellantGun_EMP_CMN_32_to_36,hp_hum_propellant_gun_emp.geo
8766,Weapon_Avatar_PropellantGun_EMP_CMN_37_to_41,hp_hum_propellant_gun_emp.geo
8769,Weapon_Avatar_PropellantGun_EMP_CMN_42_to_46,hp_hum_propellant_gun_emp.geo
8774,Weapon_Avatar_PropellantGun_EMP_CMN_47_to_49,hp_hum_propellant_gun_emp.geo
8778,Weapon_Avatar_PropellantGun_Virulent_CMN_32_to_36,hp_hum_propellant_gun_viral.geo
8780,Weapon_Avatar_PropellantGun_Virulent_CMN_37_to_41,hp_hum_propellant_gun_viral.geo
8783,Weapon_Avatar_PropellantGun_Virulent_CMN_42_to_46,hp_hum_propellant_gun_viral.geo
8788,Weapon_Avatar_PropellantGun_Virulent_CMN_47_to_49,hp_hum_propellant_gun_viral.geo
8792,Weapon_Avatar_RocketLauncher_Physical_CMN_34_to_38,hp_hum_rocketlauncher_physical_v01.geo
8794,Weapon_Avatar_RocketLauncher_Physical_CMN_39_to_43,hp_hum_rocketlauncher_physical_v01.geo
8797,Weapon_Avatar_RocketLauncher_Physical_CMN_44_to_48,hp_hum_rocketlauncher_physical_v01.geo
8802,Weapon_Avatar_RocketLauncher_Physical_CMN_49_to_49,hp_hum_rocketlauncher_physical_v01.geo
8806,Weapon_Avatar_RocketLauncher_Sonic_CMN_34_to_38,hp_hum_rocketlauncher_sonic.geo
8808,Weapon_Avatar_RocketLauncher_Sonic_CMN_39_to_43,hp_hum_rocketlauncher_sonic.geo
8811,Weapon_Avatar_RocketLauncher_Sonic_CMN_44_to_48,hp_hum_rocketlauncher_sonic.geo
8816,Weapon_Avatar_RocketLauncher_Sonic_CMN_49_to_49,hp_hum_rocketlauncher_sonic.geo
8820,Weapon_Avatar_RocketLauncher_Laser_CMN_34_to_38,hp_hum_rocketlauncher_laser.geo
8822,Weapon_Avatar_RocketLauncher_Laser_CMN_39_to_43,hp_hum_rocketlauncher_laser.geo
8825,Weapon_Avatar_RocketLauncher_Laser_CMN_44_to_48,hp_hum_rocketlauncher_laser.geo
8830,Weapon_Avatar_RocketLauncher_Laser_CMN_49_to_49,hp_hum_rocketlauncher_laser.geo
8834,Weapon_Avatar_RocketLauncher_Electric_CMN_34_to_38,hp_hum_rocketlauncher_electric.geo
8836,Weapon_Avatar_RocketLauncher_Electric_CMN_39_to_43,hp_hum_rocketlauncher_electric.geo
8839,Weapon_Avatar_RocketLauncher_Electric_CMN_44_to_48,hp_hum_rocketlauncher_electric.geo
8844,Weapon_Avatar_RocketLauncher_Electric_CMN_49_to_49,hp_hum_rocketlauncher_electric.geo
8848,Weapon_Avatar_RocketLauncher_EMP_CMN_34_to_38,hp_hum_rocketlauncher_emp.geo
8850,Weapon_Avatar_RocketLauncher_EMP_CMN_39_to_43,hp_hum_rocketlauncher_emp.geo
8853,Weapon_Avatar_RocketLauncher_EMP_CMN_44_to_48,hp_hum_rocketlauncher_emp.geo
8858,Weapon_Avatar_RocketLauncher_EMP_CMN_49_to_49,hp_hum_rocketlauncher_emp.geo
8862,Weapon_Avatar_Blade_Physical_CMN_31_to_35,hp_hum_sword_v01.geo
8864,Weapon_Avatar_Blade_Physical_CMN_36_to_40,hp_hum_sword_v01.geo
8867,Weapon_Avatar_Blade_Physical_CMN_41_to_45,hp_hum_sword_v01.geo
8872,Weapon_Avatar_Blade_Physical_CMN_46_to_49,hp_hum_sword_v01.geo
8876,Weapon_Avatar_Blade_Fire_CMN_31_to_35,hp_hum_sword_fire_v01.geo
8878,Weapon_Avatar_Blade_Fire_CMN_36_to_40,hp_hum_sword_fire_v01.geo
8881,Weapon_Avatar_Blade_Fire_CMN_41_to_45,hp_hum_sword_fire_v01.geo
8886,Weapon_Avatar_Blade_Fire_CMN_46_to_49,hp_hum_sword_fire_v01.geo
8890,Weapon_Avatar_Blade_Ice_CMN_31_to_35,hp_hum_sword_ice_v01.geo
8892,Weapon_Avatar_Blade_Ice_CMN_36_to_40,hp_hum_sword_ice_v01.geo
8895,Weapon_Avatar_Blade_Ice_CMN_41_to_45,hp_hum_sword_ice_v01.geo
8900,Weapon_Avatar_Blade_Ice_CMN_46_to_49,hp_hum_sword_ice_v01.geo
8904,Weapon_Avatar_Blade_Laser_CMN_31_to_35,hp_hum_sword_laser_v01.geo
8906,Weapon_Avatar_Blade_Laser_CMN_36_to_40,hp_hum_sword_laser_v01.geo
8909,Weapon_Avatar_Blade_Laser_CMN_41_to_45,hp_hum_sword_laser_v01.geo
8914,Weapon_Avatar_Blade_Laser_CMN_46_to_49,hp_hum_sword_laser_v01.geo
8918,Weapon_Avatar_Blade_Electric_CMN_31_to_35,hp_hum_sword_electric_v01.geo
8920,Weapon_Avatar_Blade_Electric_CMN_36_to_40,hp_hum_sword_electric_v01.geo
8923,Weapon_Avatar_Blade_Electric_CMN_41_to_45,hp_hum_sword_electric_v01.geo
8928,Weapon_Avatar_Blade_Electric_CMN_46_to_49,hp_hum_sword_electric_v01.geo
8932,Weapon_Avatar_Torqueshell_Rifle_Physical_CMN_33_to_37,hp_hum_sniperrifle_physcial.geo
8934,Weapon_Avatar_Torqueshell_Rifle_Physical_CMN_38_to_42,hp_hum_sniperrifle_physcial.geo
8937,Weapon_Avatar_Torqueshell_Rifle_Physical_CMN_43_to_47,hp_hum_sniperrifle_physcial.geo
8942,Weapon_Avatar_Torqueshell_Rifle_Physical_CMN_48_to_49,hp_hum_sniperrifle_physcial.geo
8946,Weapon_Avatar_Torqueshell_Rifle_Electric_CMN_33_to_37,hp_hum_sniperrifle_electric.geo
8948,Weapon_Avatar_Torqueshell_Rifle_Electric_CMN_38_to_42,hp_hum_sniperrifle_electric.geo
8951,Weapon_Avatar_Torqueshell_Rifle_Electric_CMN_43_to_47,hp_hum_sniperrifle_electric.geo
8956,Weapon_Avatar_Torqueshell_Rifle_Electric_CMN_48_to_49,hp_hum_sniperrifle_electric.geo
8960,Weapon_Avatar_Torqueshell_Rifle_EMP_CMN_33_to_37,hp_hum_sniperrifle_emp.geo
8962,Weapon_Avatar_Torqueshell_Rifle_EMP_CMN_38_to_42,hp_hum_sniperrifle_emp.geo
8965,Weapon_Avatar_Torqueshell_Rifle_EMP_CMN_43_to_47,hp_hum_sniperrifle_emp.geo
8970,Weapon_Avatar_Torqueshell_Rifle_EMP_CMN_48_to_49,hp_hum_sniperrifle_emp.geo
8974,Weapon_Avatar_Torqueshell_Rifle_Sonic_CMN_33_to_37,hp_hum_sniperrifle_sonic.geo
8976,Weapon_Avatar_Torqueshell_Rifle_Sonic_CMN_38_to_42,hp_hum_sniperrifle_sonic.geo
8979,Weapon_Avatar_Torqueshell_Rifle_Sonic_CMN_43_to_47,hp_hum_sniperrifle_sonic.geo
8984,Weapon_Avatar_Torqueshell_Rifle_Sonic_CMN_48_to_49,hp_hum_sniperrifle_sonic.geo
8988,Weapon_Avatar_Torqueshell_Rifle_Laser_CMN_33_to_37,hp_hum_sniperrifle_laser.geo
8990,Weapon_Avatar_Torqueshell_Rifle_Laser_CMN_38_to_42,hp_hum_sniperrifle_laser.geo
8993,Weapon_Avatar_Torqueshell_Rifle_Laser_CMN_43_to_47,hp_hum_sniperrifle_laser.geo
8998,Weapon_Avatar_Torqueshell_Rifle_Laser_CMN_48_to_49,hp_hum_sniperrifle_laser.geo
9002,Weapon_Avatar_NetGun_Fire_CMN_31_to_35,hp_hum_netgun_fire.geo
9004,Weapon_Avatar_NetGun_Fire_CMN_36_to_40,hp_hum_netgun_fire.geo
9007,Weapon_Avatar_NetGun_Fire_CMN_41_to_45,hp_hum_netgun_fire.geo
9012,Weapon_Avatar_NetGun_Fire_CMN_46_to_49,hp_hum_netgun_fire.geo
9016,Weapon_Avatar_NetGun_Ice_CMN_31_to_35,hp_hum_netgun_ice_v01.geo
9018,Weapon_Avatar_NetGun_Ice_CMN_36_to_40,hp_hum_netgun_ice_v01.geo
9021,Weapon_Avatar_NetGun_Ice_CMN_41_to_45,hp_hum_netgun_ice_v01.geo
9026,Weapon_Avatar_NetGun_Ice_CMN_46_to_49,hp_hum_netgun_ice_v01.geo
9030,Weapon_Avatar_NetGun_Electric_CMN_31_to_35,hp_hum_netgun_electric_v01.geo
9032,Weapon_Avatar_NetGun_Electric_CMN_36_to_40,hp_hum_netgun_electric_v01.geo
9035,Weapon_Avatar_NetGun_Electric_CMN_41_to_45,hp_hum_netgun_electric_v01.geo
9040,Weapon_Avatar_NetGun_Electric_CMN_46_to_49,hp_hum_netgun_electric_v01.geo
9044,Weapon_Avatar_PolarityGun_Fire_CMN_33_to_37,hp_hum_polaritygun_fire.geo
9046,Weapon_Avatar_PolarityGun_Fire_CMN_38_to_42,hp_hum_polaritygun_fire.geo
9049,Weapon_Avatar_PolarityGun_Fire_CMN_43_to_47,hp_hum_polaritygun_fire.geo
9054,Weapon_Avatar_PolarityGun_Fire_CMN_48_to_49,hp_hum_polaritygun_fire.geo
9058,Weapon_Avatar_PolarityGun_Ice_CMN_33_to_37,hp_hum_propellant_gun_ice.geo
9060,Weapon_Avatar_PolarityGun_Ice_CMN_38_to_42,hp_hum_propellant_gun_ice.geo
9063,Weapon_Avatar_PolarityGun_Ice_CMN_43_to_47,hp_hum_propellant_gun_ice.geo
9068,Weapon_Avatar_PolarityGun_Ice_CMN_48_to_49,hp_hum_propellant_gun_ice.geo
9072,Weapon_Avatar_PolarityGun_Electric_CMN_33_to_37,hp_hum_polaritygun_electric_v01.geo
9074,Weapon_Avatar_PolarityGun_Electric_CMN_38_to_42,hp_hum_polaritygun_electric_v01.geo
9077,Weapon_Avatar_PolarityGun_Electric_CMN_43_to_47,hp_hum_polaritygun_electric_v01.geo
9082,Weapon_Avatar_PolarityGun_Electric_CMN_48_to_49,hp_hum_polaritygun_electric_v01.geo
9086,Weapon_Avatar_InjectionGun_Fire_CMN_32_to_36,hp_hum_injectiongun_fire_v01.geo
9088,Weapon_Avatar_InjectionGun_Fire_CMN_37_to_41,hp_hum_injectiongun_fire_v01.geo
9091,Weapon_Avatar_InjectionGun_Fire_CMN_42_to_46,hp_hum_injectiongun_fire_v01.geo
9096,Weapon_Avatar_InjectionGun_Fire_CMN_47_to_49,hp_hum_injectiongun_fire_v01.geo
9100,Weapon_Avatar_InjectionGun_Ice_CMN_32_to_36,hp_hum_injectiongun_ice_v01.geo
9102,Weapon_Avatar_InjectionGun_Ice_CMN_37_to_41,hp_hum_injectiongun_ice_v01.geo
9105,Weapon_Avatar_InjectionGun_Ice_CMN_42_to_46,hp_hum_injectiongun_ice_v01.geo
9110,Weapon_Avatar_InjectionGun_Ice_CMN_47_to_49,hp_hum_injectiongun_ice_v01.geo
9114,Weapon_Avatar_InjectionGun_Electric_CMN_32_to_36,hp_hum_injectiongun_electric_v01.geo
9116,Weapon_Avatar_InjectionGun_Electric_CMN_37_to_41,hp_hum_injectiongun_electric_v01.geo
9119,Weapon_Avatar_InjectionGun_Electric_CMN_42_to_46,hp_hum_injectiongun_electric_v01.geo
9124,Weapon_Avatar_InjectionGun_Electric_CMN_47_to_49,hp_hum_injectiongun_electric_v01.geo
9142,Weapon_Avatar_InjectionGun_Virulent_CMN_32_to_36,hp_hum_injectiongun_viral.geo
9144,Weapon_Avatar_InjectionGun_Virulent_CMN_37_to_41,hp_hum_injectiongun_viral.geo
9147,Weapon_Avatar_InjectionGun_Virulent_CMN_42_to_46,hp_hum_injectiongun_viral.geo
9152,Weapon_Avatar_InjectionGun_Virulent_CMN_47_to_49,hp_hum_injectiongun_viral.geo
9153,TerraAriekiCavernRoomV02,terra_arieki_cavern_room_v02.geo
9231,TerraAriekiCavernRoomV01,terra_arieki_cavern_room_v01.geo
9233,VfxAriekiLavaBlurpV01,vfx_arieki_lava_blurp_v01.geo
9243,TerraAriekiCavernRoomV03,terra_arieki_cavern_room_v03.geo
9244,Bane_Caretaker,creature_bane_caretaker_v01.geo
9245,ArchCormanGenObjDrillV01,prop_corman_drill_v01.geo
9246,ArchCormanGenObjJackhammerV01,prop_corman_jackhammer_v01.geo
9247,UsableInertDestHumFortDoorLargeV01,arch_hum_fort_door_large_v01.geo
9248,ArchBaneIndustrialRoomMachinaFactory,arch_bane_industrial_room_machina_factory.geo
9249,ArchForeanXanxnestV01Destroyed,arch_forean_xanxnest_v01_destroyed.geo
9252,ArchBaneLargeSonicTowerV01,arch_bane_large_sonic_tower_v01.geo
9254,MisWildernessItemFranjasPhotoAlbum,item_datablock_hum.geo
9256,VfxAriekiLavaBlurpV02,vfx_arieki_lava_blurp_v02.geo
9257,UsableInertDestBaneSonicFence,arch_bane_sonic_fence.geo
9258,ArchBaneIndustrialRoomControl24mV12,arch_bane_industrial_room_control_24m_v12.geo
9259,ArchBaneIndustrialRoomControl24mV13,arch_bane_industrial_room_control_24m_v13.geo
9260,UsableInertDestBaneBarrelV01,prop_bane_barrel_v01.geo
9261,ArchForeanWarnethiveV01Destroyed,arch_forean_warnethive_v01_destroyed.geo
9262,ArchForeanRamp8x3mDestroyedV01,arch_forean_village_ramp_8mx3m_destroyed_v01.geo
9263,ArchForeanHutLargeDestroyedV01,arch_forean_hut_large_destroyed_v01.geo
9264,ArchForeanHutMeduimDestroyedV01,arch_forean_hut_medium_destroyed_v01.geo
9265,ArchForeanHutSmallDestroyedV01,arch_forean_hut_small_destroyed_v01.geo
9266,ArchForeanShopStallDestroyedV01,arch_forean_shop_stall_destroyed_v01.geo
9267,ArchForeanWarnethiveRubbleV01Destroyed,arch_forean_warnethive_rubble_v01_destroyed.geo
9268,UsableCrSpawnerBaneDropshipV01,bane_vehicle_dropship.geo
9269,UsableCrSpawnerHumDropshipV01,vehicle_hum_dropship_v01.geo
9270,MisWildernessTraitorsMachinaParts,item_bio_limbs_hum_v01.geo
9271,UsableStatelessBaneMachinaFactoryBase,arch_bane_machina_factory_base.geo
9272,UsableInertDestBaneMachinaFactoryCenter,arch_bane_machina_center_intact.geo
9273,UsableCrSpawnerBaneMachinaCartridgeV01,arch_bane_machina_cartridge.geo
9274,ArchHumGenObjSandbags01V07,prop_hum_sandbags01V07.geo
9275,ArchHumGenObjSandbags01V08,prop_hum_sandbags01V08.geo
9276,ArchHumGenObjSandbags01V09,prop_hum_sandbags01V09.geo
9277,UsableDoorBaneMachinaFactoryV01,arch_bane_machina_doors.geo
9278,ArchBaneIndustrialChunnelRoomOverlookRamp,arch_bane_industrial_chunnel_room_overlook_ramp_v01.geo
9279,ArchBaneInteriorLightV01,arch_bane_interior_light_v01.geo
9280,MisDivideItemCaretakerHead,item_bio_heads_thrax_v01.geo
9281,VfxAriekiTarBubblesV01,vfx_arieki_tar_bubbles_v01.geo
9282,VfxAriekiTarBubblesV02,vfx_arieki_tar_bubbles_v02.geo
9284,Redshirt_Creature_Earth_AFS_Heapsaw,creature_pet_heapsaw_v01.geo
9286,RandomExplosionHumanToriodCannon,vfx_ability_toroid_cannon.geo
9287,ArchBaneShard,arch_bane_shard.geo
9288,Ammo_Scrap_1_Scrap_Metal,item_canister_hum_v01.geo
9289,Ammo_Nucleotides_1_Pyrimidines,item_canister_hum_v02.geo
9290,ArchHumanBaseGateForcefield,arch_hum_fort_wall_entrance_32m_v01_forcefield.geo
9291,ArchHumOutpostFenceGateV01Forcefield,arch_hum_outpost_fence_entrance_v01_forcefield.geo
9292,Treasure_Cipher_Crate_Ammo_01DELETEDUPE,item_crate_bane_v01.geo
9293,Treasure_Cipher_Crate_Ammo_02DELETEDUPE,item_crate_bane_v01.geo
9294,Treasure_Cipher_Crate_Ammo_03DELETEDUPE,item_crate_bane_v01.geo
9295,Treasure_Cipher_Crate_Ammo_04,item_crate_hum_v01.geo
9296,Treasure_Cipher_Crate_Ammo_05,item_crate_hum_v01.geo
9302,ArchHumGenObjBedV01,prop_hum_bed_v01.geo
9303,ArchHumGenObjBagV02,prop_hum_bag_v02.geo
9304,ArchHumGenObjBagV03,prop_hum_bag_v03.geo
9308,ArchHumGenObjBedV02,prop_hum_bed_v02.geo
9310,ArchHumGenObjBedV03,prop_hum_bed_v03.geo
9312,ArchHumGenObjBedV04,prop_hum_bed_v04.geo
9313,ArchHumGenObjBedV05,prop_hum_bed_v05.geo
9314,ArchHumGenObjBedV06,prop_hum_bed_v06.geo
9315,ArchHumGenObjBlanketV01,prop_hum_blanket_v01.geo
9316,ArchHumGenObjBlanketV02,prop_hum_blanket_v02.geo
9317,ArchHumGenObjChairV06,prop_hum_chair_v06.geo
9318,ArchHumGenObjChairV07,prop_hum_chair_v07.geo
9319,ArchHumGenObjChairV08,prop_hum_chair_v08.geo
9320,ArchHumGenObjCotV01,prop_hum_cot_v01.geo
9321,ArchHumGenObjDresserV01,prop_hum_dresser_v01.geo
9322,ArchHumGenObjDresserV02,prop_hum_dresser_v02.geo
9323,ArchHumGenObjHamperV01,prop_hum_hamper_v01.geo
9324,ArchHumGenObjShelvesV02,prop_hum_shelves_v02.geo
9325,ArchHumGenObjSleepingbagV01,prop_hum_sleepingbag_v01.geo
9326,ArchHumGenObjSleepingbagV02,prop_hum_sleepingbag_v02.geo
9327,ArchHumGenObjStretcherV01,prop_hum_stretcher_v01.geo
9328,ArchHumGenObjTowelsV01,prop_hum_towels_v01.geo
9329,RandomExplosionBaneFallingBomb,particle_proxy.geo
9330,TerraAriekiGenHornitoV01,terra_arieki_gen_hornito_v01.geo
9331,TerraAriekiGenHornitoV02,terra_arieki_gen_hornito_v02.geo
9332,TerraAriekiGenHornitoV03,terra_arieki_gen_hornito_v03.geo
9333,TerraAriekiGenHornitoV04,terra_arieki_gen_hornito_v04.geo
9334,ArchHumObjHospitalbedV01,prop_hum_hospitalbed_v01.geo
9337,UsableDoorBaneIndustrialV01,arch_bane_industrial_chunnel_entrance_door_v01.geo
9338,ArchBaneIndustrialOverlookEndcapV01,arch_bane_industrial_overlook_endcap_v01.geo
9339,ArchBaneIndustrialDoorBulkheadV01,arch_bane_industrial_door_bulkhead_v01.geo
9340,TerraAriekiGenHornitoV05,terra_arieki_gen_hornito_v05.geo
9353,RandomExplosionAriekiHornitoEruption,particle_proxy.geo
9354,Bane_Thrax_Grenadier,creature_thrax_lieutenant_v01.geo
9359,Shield_Creature_Thug_01,ammo_rockets_v01.geo
9360,Shield_Creature_Boss_01,ammo_rockets_v01.geo
9361,Shield_Creature_Thug_02,ammo_rockets_v01.geo
9362,Shield_Creature_Boss_02,ammo_rockets_v01.geo
9363,Shield_Creature_Thug_03,ammo_rockets_v01.geo
9364,Shield_Creature_Boss_03,ammo_rockets_v01.geo
9365,Shield_Creature_Thug_04,ammo_rockets_v01.geo
9366,Shield_Creature_Boss_04,ammo_rockets_v01.geo
9367,Shield_Creature_Thug_05,ammo_rockets_v01.geo
9368,Shield_Creature_Boss_05,ammo_rockets_v01.geo
9369,Shield_Creature_Thug_06,ammo_rockets_v01.geo
9370,Shield_Creature_Boss_06,ammo_rockets_v01.geo
9371,Shield_Creature_Thug_07,ammo_rockets_v01.geo
9372,Shield_Creature_Boss_07,ammo_rockets_v01.geo
9373,Shield_Creature_Thug_08,ammo_rockets_v01.geo
9374,Shield_Creature_Boss_08,ammo_rockets_v01.geo
9375,Shield_Creature_Thug_09,ammo_rockets_v01.geo
9376,Shield_Creature_Boss_09,ammo_rockets_v01.geo
9377,Shield_Creature_Thug_10,ammo_rockets_v01.geo
9378,Shield_Creature_Boss_10,ammo_rockets_v01.geo
9379,Shield_Creature_Thug_11,ammo_rockets_v01.geo
9380,Shield_Creature_Boss_11,ammo_rockets_v01.geo
9381,Shield_Creature_Thug_12,ammo_rockets_v01.geo
9382,Shield_Creature_Boss_12,ammo_rockets_v01.geo
9383,Shield_Creature_Thug_13,ammo_rockets_v01.geo
9384,Shield_Creature_Boss_13,ammo_rockets_v01.geo
9385,Shield_Creature_Thug_14,ammo_rockets_v01.geo
9386,Shield_Creature_Boss_14,ammo_rockets_v01.geo
9387,Shield_Creature_Thug_15,ammo_rockets_v01.geo
9388,Shield_Creature_Boss_15,ammo_rockets_v01.geo
9389,Shield_Creature_Thug_16,ammo_rockets_v01.geo
9390,Shield_Creature_Boss_16,ammo_rockets_v01.geo
9391,Shield_Creature_Thug_17,ammo_rockets_v01.geo
9392,Shield_Creature_Boss_17,ammo_rockets_v01.geo
9393,Shield_Creature_Thug_18,ammo_rockets_v01.geo
9394,Shield_Creature_Boss_18,ammo_rockets_v01.geo
9395,Shield_Creature_Thug_19,ammo_rockets_v01.geo
9396,Shield_Creature_Boss_19,ammo_rockets_v01.geo
9397,Shield_Creature_Thug_20,ammo_rockets_v01.geo
9398,Shield_Creature_Boss_20,ammo_rockets_v01.geo
9399,Shield_Creature_Thug_21,ammo_rockets_v01.geo
9400,Shield_Creature_Boss_21,ammo_rockets_v01.geo
9401,Shield_Creature_Thug_22,ammo_rockets_v01.geo
9402,Shield_Creature_Boss_22,ammo_rockets_v01.geo
9403,Shield_Creature_Thug_23,ammo_rockets_v01.geo
9404,Shield_Creature_Boss_23,ammo_rockets_v01.geo
9405,Shield_Creature_Thug_24,ammo_rockets_v01.geo
9406,Shield_Creature_Boss_24,ammo_rockets_v01.geo
9407,Shield_Creature_Thug_25,ammo_rockets_v01.geo
9408,Shield_Creature_Boss_25,ammo_rockets_v01.geo
9409,Shield_Creature_Thug_26,ammo_rockets_v01.geo
9410,Shield_Creature_Boss_26,ammo_rockets_v01.geo
9411,Shield_Creature_Thug_27,ammo_rockets_v01.geo
9412,Shield_Creature_Boss_27,ammo_rockets_v01.geo
9413,Shield_Creature_Thug_28,ammo_rockets_v01.geo
9414,Shield_Creature_Boss_28,ammo_rockets_v01.geo
9415,Shield_Creature_Thug_29,ammo_rockets_v01.geo
9416,Shield_Creature_Boss_29,ammo_rockets_v01.geo
9417,Shield_Creature_Thug_30,ammo_rockets_v01.geo
9418,Shield_Creature_Boss_30,ammo_rockets_v01.geo
9419,Shield_Creature_Thug_31,ammo_rockets_v01.geo
9420,Shield_Creature_Boss_31,ammo_rockets_v01.geo
9421,Shield_Creature_Thug_32,ammo_rockets_v01.geo
9422,Shield_Creature_Boss_32,ammo_rockets_v01.geo
9423,Shield_Creature_Thug_33,ammo_rockets_v01.geo
9424,Shield_Creature_Boss_33,ammo_rockets_v01.geo
9425,Shield_Creature_Thug_34,ammo_rockets_v01.geo
9426,Shield_Creature_Boss_34,ammo_rockets_v01.geo
9427,Shield_Creature_Thug_35,ammo_rockets_v01.geo
9428,Shield_Creature_Boss_35,ammo_rockets_v01.geo
9429,Shield_Creature_Thug_36,ammo_rockets_v01.geo
9430,Shield_Creature_Boss_36,ammo_rockets_v01.geo
9431,Shield_Creature_Thug_37,ammo_rockets_v01.geo
9432,Shield_Creature_Boss_37,ammo_rockets_v01.geo
9433,Shield_Creature_Thug_38,ammo_rockets_v01.geo
9434,Shield_Creature_Boss_38,ammo_rockets_v01.geo
9435,Shield_Creature_Thug_39,ammo_rockets_v01.geo
9436,Shield_Creature_Boss_39,ammo_rockets_v01.geo
9437,Shield_Creature_Thug_40,ammo_rockets_v01.geo
9438,Shield_Creature_Boss_40,ammo_rockets_v01.geo
9439,Shield_Creature_Thug_41,ammo_rockets_v01.geo
9440,Shield_Creature_Boss_41,ammo_rockets_v01.geo
9441,Shield_Creature_Thug_42,ammo_rockets_v01.geo
9442,Shield_Creature_Boss_42,ammo_rockets_v01.geo
9443,Shield_Creature_Thug_43,ammo_rockets_v01.geo
9444,Shield_Creature_Boss_43,ammo_rockets_v01.geo
9445,Shield_Creature_Thug_44,ammo_rockets_v01.geo
9446,Shield_Creature_Boss_44,ammo_rockets_v01.geo
9447,Shield_Creature_Thug_45,ammo_rockets_v01.geo
9448,Shield_Creature_Boss_45,ammo_rockets_v01.geo
9449,Shield_Creature_Thug_46,ammo_rockets_v01.geo
9450,Shield_Creature_Boss_46,ammo_rockets_v01.geo
9451,Shield_Creature_Thug_47,ammo_rockets_v01.geo
9452,Shield_Creature_Boss_47,ammo_rockets_v01.geo
9453,Shield_Creature_Thug_48,ammo_rockets_v01.geo
9454,Shield_Creature_Boss_48,ammo_rockets_v01.geo
9455,Shield_Creature_Thug_49,ammo_rockets_v01.geo
9456,Shield_Creature_Boss_49,ammo_rockets_v01.geo
9457,Shield_Creature_Thug_50,ammo_rockets_v01.geo
9458,Shield_Creature_Boss_50,ammo_rockets_v01.geo
9461,ArchBaneInteriorLightV02,arch_bane_interior_light_v02.geo
9462,ArchBaneExteriorLightV03,arch_bane_exterior_light_v03.geo
9463,ArchBaneExteriorLightV04,arch_bane_exterior_light_v04.geo
9464,ArchBaneGenObjLightV02,prop_bane_light_v02.geo
9465,ArchHumBaseLightconeAnim,prop_hum_light_rotate_v01.geo
9466,UsableTreasureDispForeanCorpseFemaleV01,usable_td_corpse_forean_f_v01.geo
9468,UsableTwoStateHumIntrusionSirenV01,prop_hum_loudspeaker_v01.geo
9469,ArchBaneExteriorLightV05,arch_bane_exterior_light_v05.geo
9470,ArchBaneExteriorLightV06,arch_bane_exterior_light_v06.geo
9471,ArchBaneExteriorLightV02Rotate,arch_bane_exterior_light_v02_rotate.geo
9472,ArchBaneExteriorLightV06Rotate,arch_bane_exterior_light_v06_rotate.geo
9473,UsableForceFieldDELETEV01,arch_hum_fort_wall_entrance_32m_v01_forcefield.geo
9474,UsableItemAccHumObjGPSBeaconV01,prop_hum_gps_beacon_acceptor_v01.geo
9475,ArchHumObjGPSBeaconV01,prop_hum_gps_beacon_v01.geo
9476,ArchHumObjLandmineV01,prop_hum_landmine_v01.geo
9477,Creature_Juggernaut_Mortar,particle_proxy.geo
9478,UsableTwoStateHumComputerV01V06,prop_hum_monitor_v01_v06.geo
9479,UsableTwoStateHumComputerV02V05,prop_hum_monitor_v02_v05.geo
9480,ArchBaneIndustrialChunnelRoomLightV01,arch_bane_industrial_chunnel_room_light_v01.geo
9482,MisInclineItemGPSBeacon,item_datablock_hum.geo
9485,UsableInertDestBaneMachinaFactoryTubes,arch_bane_machina_tubes_intact.geo
9487,ArchForeanBunkerV01,arch_forean_eloh_bunker_v01.geo
9488,ArchHumDropshipLandingpadV01,arch_hum_dropship_landingpad_v01.geo
9535,ArchBaneMachinaCenterShield,arch_bane_machina_center_shield.geo
9536,UsableInertDestHumBarrelV01,prop_hum_barrel_v02.geo
9537,ArchHumDropshipCrateInterior,arch_hum_dropship_crate_interior.geo
9538,UsableItemDispElohLogosAttackV01,arch_eloh_logos_attack_v01.geo
9540,MisDivideItemGPSMarker,prop_hum_gps_beacon_v01.geo
9541,UsableStatelessConsoleButtonRemoteViewCameraDELETEDUPE,prop_bane_console_switch_v01.geo
9542,UsableTwoStateBaneAlarmLightV01,prop_bane_alarm_light_v01.geo
9543,UsableTwoStateHumToilet,prop_hum_wc_v01.geo
9544,ArchElohObeliskV04,arch_eloh_obelisk_v04.geo
9545,UsableTwoStateElohObeliskComTechV01,arch_eloh_obelisk_com_tech_v01.geo
9546,ArchForeanDebrisV01,arch_forean_debris_v01.geo
9547,ArchForeanDebrisV02,arch_forean_debris_v02.geo
9548,ArchForeanDebrisV03,arch_forean_debris_v03.geo
9549,Sys_CameraEye,particle_proxy.geo
9551,UsableTwoStateHumSinkV01,prop_hum_sink_v02.geo
9552,UsableTwoStateHumSinkV02,prop_hum_sink_v02.geo
9553,ArchBaneIndustrialChunnelCatwalkPlatform12MV01,arch_bane_industrial_chunnel_catwalk_platform_12m_v01.geo
9554,AccountReward_Pet_ShellBot,creature_pet_shell_bot_v01.geo
9555,TerraAriekiCavernOffset48mV03,terra_arieki_cavern_offset_48m_v03.geo
9556,TerraAriekiCavernOffset48mV04,terra_arieki_cavern_offset_48m_v04.geo
9557,TerraAriekiCavernTurnRampV01,terra_arieki_cavern_turn_ramp_v01.geo
9558,TerraAriekiCavernTurnRampV02,terra_arieki_cavern_turn_ramp_v02.geo
9559,TerraAriekiCavernTurn48mV02,terra_arieki_cavern_turn_48m_v02.geo
9560,TerraAriekiCavernTurnRampV03,terra_arieki_cavern_turn_ramp_v03.geo
9561,TerraAriekiCavernTurnRampV04,terra_arieki_cavern_turn_ramp_v04.geo
9563,UsableTwoStateHumToiletV02,prop_hum_wc_v01.geo
9564,ArchBaneIndustrialChunnelCatwalkOverlookBridgeShort,arch_bane_industrial_chunnel_catwalk_overlook_bridge_short.geo
9565,ArchBaneIndustrialChunnelCatwalkPlatformEdger12m,arch_bane_industrial_chunnel_catwalk_platform_edger_12m.geo
9566,ArchBaneIndustrialChunnelCatwalkPlatformEdger28m,arch_bane_industrial_chunnel_catwalk_platform_edger_28m.geo
9567,ArchBaneIndustrialChunnelCatwalkPlatform28MV01,arch_bane_industrial_chunnel_catwalk_platform_28m_v01.geo
9568,ArchBaneIndustrialChunnelCatwalkPlatform4MV01,arch_bane_industrial_chunnel_catwalk_platform_4m_v01.geo
9569,ArchBaneExteriorPipesV06,arch_bane_exterior_pipes_v06.geo
9570,ArchBaneExteriorPipesV07,arch_bane_exterior_pipes_v07.geo
9571,UsableForceFieldHumBaseGateV01,arch_hum_fort_wall_entrance_32m_v01_forcefield.geo
9572,UsableForceFieldBaneOutpostWallMajorV01,arch_bane_outpost_wall_major_entrance_v01_forcefield.geo
9577,ArchBaneIndustrialChunnelMachine01V01,arch_bane_industrial_chunnel_machine_01_v01.geo
9578,ArchBaneIndustrialChunnelMachine02V01,arch_bane_industrial_chunnel_machine_02_v01.geo
9579,ArchBaneIndustrialChunnelMachine03V01,arch_bane_industrial_chunnel_machine_03_v01.geo
9580,ArchBaneIndustrialChunnelMachine04V01,arch_bane_industrial_chunnel_machine_04_v01.geo
9581,ArchBaneIndustrialChunnelMachine05V01,arch_bane_industrial_chunnel_machine_05_v01.geo
9582,ArchBaneIndustrialChunnelMachine06V01,arch_bane_industrial_chunnel_machine_06_v01.geo
9583,ArchBaneIndustrialChunnelMachine07V01,arch_bane_industrial_chunnel_machine_07_v01.geo
9587,Modification_ClothingColor_Rare,ammo_gas_v01.geo
9588,UsableTwoStateBaneMachinaFactoryBasePipes,arch_bane_machina_factory_base_pipes.geo
9589,ArchBaneMachinaFactoryBasePipesDestroyed,arch_bane_machina_factory_base_pipes_destroyed.geo
9590,MisWildernessItemPravusKey_TRUNK,ammo_bullets_v01.geo
9591,IngredientRocketFuel,item_canister_hum_v02.geo
9595,UsableCraftingHumStationV01,prop_hum_craftstation_v01.geo
9597,SkyCommonFogShield,sky_common_fog_shield.geo
9598,UsableTwoStateBaneMachinaFactoryDoorInsideDestroyed,arch_bane_machina_factory_door_inside.geo
9600,UsableInertDestBaneMachinaFactoryBaseUpper,arch_bane_machina_factory_base_upper.geo
9601,ArchHumFortHeadqtrsV01Destroyed,arch_hum_fort_headqtrs_v02_destroyed.geo
9602,ArchHumFortHospitalV01Destroyed,arch_hum_fort_hospital_v02_destroyed.geo
9603,ArchHumFortShopArmorV01Destroyed,arch_hum_fort_shop_armor_v02_destroyed.geo
9604,ArchHumFortWallEntrance32MV01Destroyed,arch_hum_fort_wall_entrance_32m_v04_destroyed.geo
9605,ArchHumFortWallStraight16MV01Destroyed,arch_hum_fort_wall_straight_16m_v02_destroyed.geo
9606,ArchHumFortWallStraight8MV01Destroyed,arch_hum_fort_wall_straight_8m_v02_destroyed.geo
9613,ArchHumOutpostFenceStraight8V02,arch_hum_outpost_fence_straight_8_v05.geo
9617,MisPoolsItemOrders,item_keycard_hum.geo
9618,MisPoolsItemBrokentoken,item_bag_hum_v02.geo
9619,ArchHumOutpostFenceStraight8V03,arch_hum_outpost_fence_straight_8_v06.geo
9620,ArchHumOutpostFenceCornerV03,arch_hum_outpost_fence_corner_v08.geo
9623,ArchHumOutpostFenceCornerV04,arch_hum_outpost_fence_corner_v09.geo
9625,TerraAriekiCavernRockyRampright824mV01,terra_arieki_cavern_rocky_rampright8_24m_v01.geo
9626,TerraAriekiCavernRockyRoof160V01,terra_arieki_cavern_rocky_roof_160m_v01.geo
9627,TerraAriekiCavernRockyRoof250mX140mV01,terra_arieki_cavern_rocky_roof_250m_x_140m_v01.geo
9628,TerraAriekiCavernRockyRoof500mX280mV01,terra_arieki_cavern_rocky_roof_500m_x_280m_v01.geo
9629,TerraAriekiCavernRockyRoofFlat160mV01,terra_arieki_cavern_rocky_roof_flat_160m_v01.geo
9630,TerraAriekiCavernRockyRoofTimora160mV01,terra_arieki_cavern_rocky_roof_timora_160m_v01.geo
9631,TerraAriekiCavernRockySplit1624V01,terra_arieki_cavern_rocky_split16_24m_v01.geo
9632,TerraAriekiCavernRockySplit16824mV01,terra_arieki_cavern_rocky_split16_8_24m_v01.geo
9633,TerraAriekiCavernRockyStraight24mV01,terra_arieki_cavern_rocky_straight_24m_v01.geo
9634,TerraAriekiCavernRockyStraight8mV01,terra_arieki_cavern_rocky_straight_8m_v01.geo
9635,TerraAriekiCavernRockyStraightStacked1624mV01,terra_arieki_cavern_rocky_straight_stacked16_24m_v01.geo
9636,TerraAriekiCavernRockyTee16mV01,terra_arieki_cavern_rocky_tee_16m_v01.geo
9637,TerraAriekiCavernRockyTee16mV02,terra_arieki_cavern_rocky_tee_16m_v02.geo
9638,TerraAriekiCavernRockyTee16mV03,terra_arieki_cavern_rocky_tee_16m_v03.geo
9639,TerraAriekiCavernRockyTurn24mV01,terra_arieki_cavern_rocky_turn_24m_v01.geo
9640,TerraAriekiLavatubeDoor8mV01,terra_arieki_lavatube_door_8m_v01.geo
9641,TerraAriekiLavatubeEndcap0124mV01,terra_arieki_lavatube_endcap_01_24m_v01.geo
9642,TerraAriekiLavatubeEndcap0124V02,terra_arieki_lavatube_endcap_01_24m_v02.geo
9643,TerraAriekiLavatubeEndcap0224mV01,terra_arieki_lavatube_endcap_02_24m_v01.geo
9644,UsableInertDestWarnetNestDELETEV02,arch_forean_warnethive_v01.geo
9645,TerraAriekiLavatubeEndcap0224mV02,terra_arieki_lavatube_endcap_02_24m_v02.geo
9646,TerraAriekiLavatubeEndcap16mV01,terra_arieki_lavatube_endcap_16m_v01.geo
9647,TerraAriekiLavatubeOffset48mV01,terra_arieki_lavatube_offset_48m_v01.geo
9649,TerraAriekiLavatubeOffset48mV02,terra_arieki_lavatube_offset_48m_v02.geo
9650,TerraAriekiLavatubeOffset48mV03,terra_arieki_lavatube_offset_48m_v03.geo
9651,TerraAriekiLavatubeOffset48mV04,terra_arieki_lavatube_offset_48m_v04.geo
9652,TerraAriekiLavatubeOffsetramp48mV01,terra_arieki_lavatube_offsetramp_48m_v01.geo
9653,TerraAriekiLavatubeOffsetramp48mV02,terra_arieki_lavatube_offsetramp_48m_v02.geo
9654,TerraAriekiLavatubeRamp48mV01,terra_arieki_lavatube_ramp_48m_v01.geo
9655,TerraAriekiLavatubeRamp48mV02,terra_arieki_lavatube_ramp_48m_v02.geo
9656,TerraAriekiLavatubeRoom0148V01,terra_arieki_lavatube_room_01_48m_v01.geo
9657,TerraAriekiLavatubeRoom0248mV01,terra_arieki_lavatube_room_02_48m_v01.geo
9658,TerraAriekiLavatubeRoomV01,terra_arieki_lavatube_room_v01.geo
9659,TerraAriekiLavatubeRoomV02,terra_arieki_lavatube_room_v02.geo
9660,TerraAriekiLavatubeRoomV03,terra_arieki_lavatube_room_v03.geo
9661,TerraAriekiLavatubeStraight16mV01,terra_arieki_lavatube_straight_16m_v01.geo
9662,TerraAriekiLavatubeStraight24mV01,terra_arieki_lavatube_straight_24m_v01.geo
9663,TerraAriekiLavatubeStraight48mV01,terra_arieki_lavatube_straight_48m_v01.geo
9664,TerraAriekiLavatubeStraight8mV01,terra_arieki_lavatube_straight_8m_v01.geo
9665,TerraAriekiLavatubeTurn48mV01,terra_arieki_lavatube_turn_48m_v01.geo
9666,TerraAriekiLavatubeTurn48mV02,terra_arieki_lavatube_turn_48m_v02.geo
9667,TerraAriekiLavatubeTurnRampV01,terra_arieki_lavatube_turn_ramp_v01.geo
9668,TerraAriekiLavatubeTurnRampV02,terra_arieki_lavatube_turn_ramp_v02.geo
9669,TerraAriekiLavatubeTurnRampV03,terra_arieki_lavatube_turn_ramp_v03.geo
9670,TerraAriekiLavatubeTurnRampV04,terra_arieki_lavatube_turn_ramp_v04.geo
9671,TerraAriekiLavtubeY48mV01,terra_arieki_lavatube_y_48m_v01.geo
9672,FloraAriekiPlainsSackplant01V02,flora_arieki_plains_sackplant_01_v02.geo
9673,FloraAriekiPlainsSackplant01V03,flora_arieki_plains_sackplant_01_v03.geo
9676,VfxWaterfall2m24mV01,vfx_waterfall_2m_24m_v01.geo
9677,VfxWaterfallDirty16m24mV01,vfx_waterfall_dirty_16m_24m_v01.geo
9678,VfxWaterfallDirty4m24mV01,vfx_waterfall_dirty_4m_24m_v01.geo
9679,VfxWaterfallDirty8m24mV01,vfx_waterfall_dirty_8m_24m_v01.geo
9680,ArchHumOutpostFenceCornerV05,arch_hum_outpost_fence_corner_v10.geo
9681,Sys_GeneratedBody,null_geo.geo
9682,VfxWaterfallBigsprayDirty,vfx_waterfall_bigspray_dirty.geo
9683,VfxWaterfallSmallsprayDirty,vfx_waterfall_smallspray_dirty.geo
9684,MisTestFolettomiteheads,item_bio_heads_warnet_v01.geo
9685,MisTestFolettoItemcanisteruse,item_canister_hum_v01.geo
9687,TerraForeasRiverDamV06,terra_foreas_river_dam_v06.geo
9688,VfxAriekiGroundFog,arieki_ground_fog_v01.geo
9690,Z_TEST_Creature_1,test_creature_1.geo
9696,MisTestFolettoThraxLThead,item_bio_heads_thrax_v01.geo
9697,ArchHumCorrRoomStraight64mV01,arch_hum_corr_room_straight_64m_v08.geo
9698,ArchHumCorrRoomStraight64mV02,arch_hum_corr_room_straight_64m_v12.geo
9699,TerraAriekiBarnicaleRockarchesV01,terra_arieki_barnacle_rockarches_v01.geo
9700,TerraAriekiBarnicaleRockarchesV02,terra_arieki_barnacle_rockarches_v02.geo
9701,TerraAriekiBarnicaleRockarchesV03,terra_arieki_barnacle_rockarches_v03.geo
9702,TerraAriekiBarnicaleRockspikesV01,terra_arieki_barnacle_rockspikes_v01.geo
9703,TerraAriekiBarnicaleSmallRockV01,terra_arieki_barnacle_smallrock_v01.geo
9704,TerraAriekiBarnicaleSmallRockV02,terra_arieki_barnacle_smallrock_v02.geo
9705,TerraAriekiBarnicaleSmallRockV03,terra_arieki_barnacle_smallrock_v03.geo
9706,TerraAriekiBarnicaleSmallRockV04,terra_arieki_barnacle_smallrock_v04.geo
9707,ArchHumOutpostDitchStraight8V01,arch_hum_outpost_ditch_straight_8_v03.geo
9708,ArchHumOutpostDitchStraight24V01,arch_hum_outpost_ditch_straight_24_v03.geo
9709,ArchHumOutpostDitchCornerOutV01,arch_hum_outpost_ditch_corner_out_v02.geo
9710,ArchHumOutpostDitchCornerInV01,arch_hum_outpost_ditch_corner_in_v02.geo
9711,ArchHumOutpostTrenchBunkerV01,arch_hum_outpost_trench_bunker_v05.geo
9712,ArchHumOutpostDitchPipeStraight8V01,arch_hum_outpost_ditch_pipe_straight_8_v02.geo
9714,TerraAriekiAshRockarchesV01,terra_arieki_ash_rockarches_v01.geo
9715,TerraAriekiAshRockarchesV02,terra_arieki_ash_rockarches_v02.geo
9716,TerraAriekiAshRockarchesV03,terra_arieki_ash_rockarches_v03.geo
9717,TerraAriekiAshRockarchesV04,terra_arieki_ash_rockarches_v04.geo
9718,TerraAriekiAshRockspikesV01,terra_arieki_ash_rockspikes_v01.geo
9719,TerraAriekiAshRockspikesV02,terra_arieki_ash_rockspikes_v02.geo
9720,TerraAriekiAshRockspikesV03,terra_arieki_ash_rockspikes_v03.geo
9721,TerraAriekiAshRockspikesV04,terra_arieki_ash_rockspikes_v04.geo
9722,TerraAriekiAshSmallrockV01,terra_arieki_ash_smallrock_v01.geo
9723,TerraAriekiAshSmallrockV02,terra_arieki_ash_smallrock_v02.geo
9724,TerraAriekiAshSmallrockV03,terra_arieki_ash_smallrock_v03.geo
9725,TerraAriekiAshSmallrockV04,terra_arieki_ash_smallrock_v04.geo
9726,TerraAriekiAshSmallrockV05,terra_arieki_ash_smallrock_v05.geo
9727,ArchAttaBridgeCurveDestroyedV01,arch_atta_bridge_curve_destroyed_v01.geo
9728,ArchAttaBridgeRampDestroyedV01,arch_atta_bridge_ramp_destroyed_v01.geo
9729,ArchAttaBridgeStraightDestroyedV01,arch_atta_bridge_straight_destroyed_v03.geo
9730,ArchAttaBridgeTowerDestroyedV03,arch_atta_bridge_tower_destroyed_v03.geo
9731,ArchAttaBridgeTowerV07,arch_atta_bridge_tower_v07.geo
9732,ArchAttaBridgeTowerV08,arch_atta_bridge_tower_v08.geo
9733,ArchAttaBridgeTowerDestroyedV07,arch_atta_bridge_tower_destroyed_v07.geo
9734,TerraForeasHillsideRootsV01,terra_foreas_hillside_roots_v01.geo
9735,TerraForeasHillsideRootsV02,terra_foreas_hillside_roots_v02.geo
9736,MisPalisadesAmmoPharmaceutical,item_canister_hum_v02.geo
9737,Bane_Psychomite,creature_bane_psychomite_v01.geo
9742,UsableTwoStateBloodAnalyzer,prop_hum_monitor_v01_v01.geo
9743,VfxAriekiAshenDesertRain,arieki_ashen_desert_rain_v01.geo
9744,TestLogosObelisk,arch_eloh_relicgate_v01.geo
9745,ArchBaneConsoleAcceptorSwitchDELETEDUPE,prop_bane_console_datablade_empty.geo
9747,UsableForceFieldDELETEDELETEDUPE,arch_bane_outpost_wall_major_entrance_v01_forcefield.geo
9748,ArchHumOutpostFenceGateV02,arch_hum_outpost_fence_entrance_v04.geo
9750,Bane_Treeback,creature_bane_treeback_v01.geo
9751,Bane_Linker,creature_bane_linker_armor_v01.geo
9753,Mygone_Creature_Mycon_Manta,creature_mycon_manta_v01.geo
9755,ArchBrannGenObjTempleV01,prop_brann_temple_v01.geo
9756,ArchBrannPrison,arch_brann_prison.geo
9757,ArchBrannGenObjSmokestackV01,prop_brann_smokestack_v01.geo
9758,ArchElohCorridorRoomV03,arch_eloh_corridor_room_v03.geo
9759,ArchElohCorridorRoomV04,arch_eloh_corridor_room_v04.geo
9760,ArchBrannCorridorEntranceShellback01V01,arch_brann_corridor_entrance_shellback_01_v01.geo
9762,ArchBrannCorridorEntranceShell01V01,arch_brann_corridor_entrance_shell_01_v01.geo
9763,ArchBrannCorridorRoom01V01,arch_brann_corridor_room_01_v01.geo
9764,ArchBrannGreenhouse01V01,arch_brann_greenhouse_01_v01.geo
9765,ArchForeanFithiceggclusterV01DestroyedV02,arch_forean_fithiceggcluster_v01_destroyed_v02.geo
9766,ArchBrannCorridorEntranceShell01V02,arch_brann_corridor_entrance_shell_01_v02.geo
9767,ArchBrannBarracks01_v01,arch_brann_barracks_01_v01.geo
9768,ArchBrannCorridorCross01V01,arch_brann_corridor_cross_01_v01.geo
9769,ArchBrannCorridorRoom01DormV01,arch_brann_corridor_room_01_dorm_v01.geo
9770,ArchBrannCorridorEndcap01V01,arch_brann_corridor_endcap_01_v01.geo
9771,ArchBrannCorridorRamp01V01,arch_brann_corridor_ramp_01_v01.geo
9772,ArchBrannCorridorRoom01GreenhouseV01,arch_brann_corridor_room_01_greenhouse_v01.geo
9773,ArchBrannDome01V01,arch_brann_dome_01_v01.geo
9774,ArchBrannGenObjScanningLightsV01,prop_brann_scanning_lights_v01.geo
9775,ArchBrannCorridorEntrance01V01,arch_brann_corridor_entrance_01_v01.geo
9776,ArchBrannCorridorTee01V01,arch_brann_corridor_tee_01_v01.geo
9777,ArchBrannCorridorAirlock01V01,arch_brann_corridor_airlock_01_v01.geo
9778,ArchBrannCorridorTurnRtV01,arch_brann_corridor_turn_rt_01_v01.geo
9779,ArchBrannCorridorTurnLftV01,arch_brann_corridor_turn_lft_01_v01.geo
9780,ArchBrannMelthouseV01,arch_brann_melthouse_v01.geo
9785,ArchBrannGenObjSinkV01,prop_brann_sink_v01.geo
9786,ArchBrannCorridorRoom01PanopticonV01,arch_brann_corridor_room_01_panopticon_v01.geo
9787,ArchBrannCorridorStraight0124mV01,arch_brann_corridor_straight_01_24m_v01.geo
9788,ArchForeanBridgeV01,arch_forean_bridge_v01.geo
9789,ArchBrannCorridorRoom01QuarterV01,arch_brann_corridor_room_01_quarter_v01.geo
9790,ArchBrannCorridorRoom01QuarterV02,arch_brann_corridor_room_01_quarter_v02.geo
9791,ArchBrannTowerRelayV01,arch_brann_tower_relay_v01.geo
9794,ArchBrannTurbine01V01,arch_brann_trubine_01_v01.geo
9797,ArchBrannCorridorRoom01QuarterV03,arch_brann_corridor_room_01_quarter_v03.geo
9798,ArchBrannGenObjMonitorDeviceV01DELETE,prop_brann_monitordevice_v01.geo
9799,ArchAttaBridgeTowerDestroyedV01,arch_atta_bridge_tower_destroyed_v01.geo
9800,ArchAttaBridgeTowerDestroyedV02,arch_atta_bridge_tower_destroyed_v02.geo
9801,ArchAttaBridgeTowerDestroyedV04,arch_atta_bridge_tower_destroyed_v04.geo
9802,ArchAttaBridgeTowerDestroyedV05,arch_atta_bridge_tower_destroyed_v05.geo
9803,ArchAttaBridgeTowerDestroyedV06,arch_atta_bridge_tower_destroyed_v06.geo
9804,Vehicle_Bane_Strider_V1,creature_thrax_strider_v01.geo
9810,FloraForeasOptTree01V01,flora_foreas_gen_tree01_v01_lod1.geo
10088,UsableInertDestAriekiFlamepodsV01,mesh_flora_arieki_flamepods_V01.geo
10089,ArchBaneSonicFenceDestroyedV01,arch_bane_sonic_fence_destroyed_v01.geo
10090,ItemFloraForeasCallaFernV01,item_flora_foreas_calla_fernV01.geo
10091,FloraAriekiPlantSmoker01v01,flora_arieki_plant_smoker_01_v01.geo
10092,FloraAriekiSmoker01V02,flora_arieki_plant_smoker_01_v02.geo
10093,FloraAriekiSmoker01V03,flora_arieki_plant_smoker_01_v03.geo
10095,MisWildernessItemStimdust,item_canister_hum_v01.geo
10096,FloraAriekiGrassclumpSulfur01V01,flora_arieki_grassclump_sulfur01_v01.geo
10097,FloraAriekiGrassclumpSulfur01V02,flora_arieki_grassclump_sulfur01_v02.geo
10098,FloraAriekiGrassclumpSulfur01V03,flora_arieki_grassclump_sulfur01_v03.geo
10099,FloraAriekiSpongeshell01V01,flora_arieki_spongeshell_01_v01.geo
10100,MisDivideItemAirstrikeGPS,prop_hum_gps_beacon_v01.geo
10101,MisPalisadesItemBloodyvest,item_canister_hum_v01.geo
10107,TerraAriekiSulfurRockarchesV02,terra_arieki_sulfur_rockarches_v02.geo
10108,ArchBaneOutpostGeneratorDestroyed,arch_bane_outpost_generator_destroyed_v01.geo
10109,TerraAriekiSulfurRockarchesV01,terra_arieki_sulfur_rockarches_v01.geo
10110,TerraAriekiSulfurRockarchesV03,terra_arieki_sulfur_rockarches_v03.geo
10111,TerraAriekiSulfurRockarchesV04,terra_arieki_sulfur_rockarches_v04.geo
10112,TerraAriekiSulfurRockspikesV01,terra_arieki_sulfur_rockspikes_v01.geo
10113,TerraAriekiSulfurRockspikesV02,terra_arieki_sulfur_rockspikes_v02.geo
10114,TerraAriekiSulfurRockspikesV03,terra_arieki_sulfur_rockspikes_v03.geo
10115,TerraAriekiSulfurRockspikesV04,terra_arieki_sulfur_rockspikes_v04.geo
10116,TerraAriekiSulfurSmallrockV01,terra_arieki_sulfur_smallrock_v01.geo
10117,TerraAriekiSulfurSmallrockV02,terra_arieki_sulfur_smallrock_v02.geo
10118,TerraAriekiSulfurSmallrockV03,terra_arieki_sulfur_smallrock_v03.geo
10119,TerraAriekiSulfurSmallrockV04,terra_arieki_sulfur_smallrock_v04.geo
10120,TerraAriekiSulfurSmallrockV05,terra_arieki_sulfur_smallrock_v05.geo
10124,UsableBombBrannV01,prop_brann_bomb_acceptor_v02.geo
10126,ArchBaneIndustrialServiceEntranceV01,arch_bane_industrial_service_entrance_v01.geo
10127,UsableItemAccHumTroubleWithTreebacks,prop_hum_gps_beacon_acceptor_v01.geo
10128,MisWildernessItemTroubleWithTreebacks,prop_hum_gps_beacon_v01.geo
10129,TerraAriekiSulfurDepositsV01,terra_arieki_sulfur_deposits_v01.geo
10130,TerraAriekiSulfurDepositsV02,terra_arieki_sulfur_deposits_v02.geo
10135,FloraAriekiCoral01V01,flora_arieki_coral_01_v01.geo
10136,FloraAriekiTubeplants01V01,flora_arieki_tubeplants_01_v01.geo
10138,MisDivideItemCaretakerHeadThrowaway,item_bio_heads_thrax_v01.geo
10139,FloraAriekiTubeplants01V02,flora_arieki_tubeplants_01_v02.geo
10140,FloraAriekiRaintreeDeadGrassy01V01,flora_arieki_raintree_dead_grassy_01_v01.geo
10141,FloraAriekiRaintreeDeadGrassy01V02,flora_arieki_raintree_dead_grassy_01_v02.geo
10142,FloraAriekiRaintreeDeadGrassy01V03,flora_arieki_raintree_dead_grassy_01_v03.geo
10143,FloraAriekiPlantBirdseye01V02,flora_arieki_plant_birdseye_01_v02.geo
10146,GenDispenserAttaLarvaeV01,prop_mycon_bone_maggot.geo
10147,SkyLightRays,sky_light_rays.geo
10148,ArchBaneExteriorFoundryV01,arch_bane_exterior_foundry_v01.geo
10149,ArchBaneIndustrialChunnelRawEndcapV01,arch_bane_industrial_chunnel_raw_endcap_v01.geo
10150,ArchBaneIndustrialChunnelRawStraight0232mV01,arch_bane_industrial_chunnel_raw_straight_02_32m_v01.geo
10151,ArchBaneIndustrialChunnelRawStraight02Coupler16mV01,arch_bane_industrial_chunnel_raw_straight_02_coupler_16m_v01.geo
10152,ArchBaneIndustrialChunnelRawStraight02Coupler24V02,arch_bane_industrial_chunnel_raw_straight_02_coupler_24m_v02.geo
10154,UsableTreasureDispV01DELETEDUPE,prop_bane_crate_v01.geo
10155,SkyMyconDefaultSun,sky_mycon_default_sun.geo
10156,SkyMyconDefaultSunMatte,sky_mycon_default_sun_matte.geo
10157,SkyMyconDefaultAegis,sky_mycon_default_aegis.geo
10158,Mygone_Creature_Impaler,creature_mycon_impaler_v01.geo
10159,UsableInertDestBaneMachineV01,prop_bane_machine_v01.geo
10162,Ambient_Swamp_Rat,creature_foreas_swamp_rat_v01.geo
10163,UsableStatelessBaneLandingPadv01,arch_bane_landingpad_v01.geo
10164,Creature_Granitour_Young,creature_arieki_granitour_v01.geo
10165,Ambient_Kalastride,creature_arieki_kalastride_v01.geo
10166,Bane_Hunter,creature_bane_hunter_v02.geo
10167,Ambient_Rhegit,creature_foreas_rhegit_v01.geo
10168,Ambient_Yimma,creature_foreas_yimma_v01.geo
10169,Ambient_Moss_Grubber,creature_mycon_moss_grubber_v01.geo
10170,Mygone_Creature_Khrab,creature_mycon_khrab_v01.geo
10173,SkyMyconDefaultAegisCorona,sky_mycon_default_aegis_corona.geo
10174,UsableInertDestBanePrototypeWormholeDeviceV01,arch_bane_wormhole_incomplete_v01.geo
10175,SkyCommon128GreyTo0BlackColor,sky_common_128_grey_to_0_black_color.geo
10176,UsableInertDestXanxNest,arch_forean_xanxnest_v01.geo
10177,UsableTwoStateElohCommunicationsTowerV01,arch_eloh_communications_tower_v01.geo
10178,ArchBrannGenObjPowercouplingV01DELETE,prop_brann_powercoupling_v01.geo
10179,ArchBrannCorridorRoom01EndcapV01,arch_brann_corridor_room_01_endcap_v01.geo
10180,UsableCrSpawnerDestFithikEggClusterV01,arch_forean_fithiceggcluster_v01.geo
10181,UsableDoorHumBaseHolofenceV01,arch_hum_fort_fence_holo_straight_door_v01.geo
10183,UsableInertDestBaneArmoryMachineryV01DELETEDUPE,prop_bane_armory_machinery_v01.geo
10185,ArchBaneGenObjDocumentationV01DELETEDUPE,prop_bane_console_datablade_full.geo
10186,ArchBaneGenObjDropShipV01,prop_bane_drop_ship_v01.geo
10187,ArchBaneGenObjGearDriverDestroyedV01,prop_bane_gear_driver_destroyed_v01.geo
10188,ArchBaneGenObjGearDriverV01,prop_bane_gear_driver_v01.geo
10189,ArchBaneGenObjMineDestroyedV01DELETE,prop_bane_mine_v01.geo
10190,UsableInertDestBaneRawFuelPumpHouseV01,prop_bane_fuel_pump_v01.geo
10191,UsableInertDestBaneSecurityMachineryV01,prop_bane_security_machinery_v01.geo
10192,UsableInertDestBaneSpotlightV01,prop_bane_spot_light_v01.geo
10193,UsableInertDestBaneSupplyCraneV01,prop_bane_supply_crane_v01.geo
10194,ArchBaneGenObjSupplyLandingStripV01,prop_bane_supply_landing_strip_v01.geo
10195,ArchBaneGenObjWormholeHousingV01,prop_bane_wormhole_housing_v01.geo
10196,UsableTwoStateBrannLightningResistorV01,prop_brann_resistor_v01.geo
10199,UsableItemDispElohLogosDispenserV01DELETE,arch_eloh_logos_dispenser_v01.geo
10200,UsableTwoStateElohDoorSwitchV01,arch_eloh_door_switch_v01.geo
10201,UsableTwoStateElohGenObjMessengerMachineV01,prop_eloh_messenger_machine_v01.geo
10202,UsableTwoStateElohGenObjSanctusGrottoPuzzleElement,prop_eloh_sanctus_grotto_puzzle_element.geo
10207,UsableInertDestHumAmmoStoresV01,prop_hum_ammo_stores_v01.geo
10211,MisWildernessItemBaneDatapad,item_datablade_bane.geo
10213,MisTordenPlainsTechSup,item_crate_hum_v01.geo
10214,MisDivideItemMinosKeyCodes,item_keycard_bane_gen.geo
10215,Ambient_Cavern_Creepa,creature_arieki_creepa_v01.geo
10216,Ambient_Cavern_Fruko,creature_mycon_fruko_v01.geo
10217,Ambient_Fromada,creature_foreas_fromada_v01.geo
10218,Ambient_Lavar,creature_arieki_lavar_v01.geo
10219,Ambient_Lognar,creature_foreas_lognar_v01.geo
10220,Ambient_Mush_Digger,creature_mycon_mushdigger_v01.geo
10221,Ambient_Spore_Hitcher,creature_mycon_sporehitcher_v01.geo
10222,Boss_Eloh,creature_eloh_v01.geo
10223,Z_PLACEHOLDER_Merarim,creature_arieki_geyser_hopper_v01.geo
10224,Z_PLACEHOLDER_Samael,creature_arieki_geyser_hopper_v01.geo
10225,Boss_Voro_A,creature_bane_voro_a_v01.geo
10226,Mygone_Creature_Leaper,creature_mycon_leaper_v01.geo
10227,Mygone_Creature_Loper,creature_mycon_loper_v01.geo
10228,Z_PLACEHOLDER_Mutalis,creature_mycon_mutalis_soldier_v01.geo
10229,Mygone_Creature_Peltast,creature_mycon_peltast_v01.geo
10230,Mygone_Creature_Reaver,creature_mycon_reaver_v01.geo
10231,Z_PLACEHOLDER_Gax_Discharger,creature_pet_heapsaw_v01.geo
10232,Pet_Lightweaver,creature_pet_healer_v01.geo
10233,Z_PLACEHOLDER_Runner,creature_pet_heapsaw_v01.geo
10234,MisPlainsTranscipts,item_datablock_hum.geo
10235,Vehicle_AFS_Mech,creature_human_mech_v01.geo
10236,TerraForeasCavernRoof500m280mV02,terra_foreas_cavern_roof_500m_x_280m_v02.geo
10237,MisPlainsFilterLight,item_canister_hum_v02.geo
10238,MisPlainsKeyLight,item_keycard_hum.geo
10240,Creature_Miasma_Boss,creature_foreas_miasma_v01.geo
10242,ArchElohCorridorCouplerV01,arch_eloh_corridor_coupler_v01.geo
10243,ArchElohCorridorCross16MV01,arch_eloh_corridor_cross_32m_v01.geo
10246,ArchElohCorridorEndcapV01,arch_eloh_corridor_endcap_v01.geo
10249,ArchElohCorridorOffsetLeftV01,arch_eloh_corridor_offset_left_v01.geo
10250,ArchElohCorridorOffsetRightV01,arch_eloh_corridor_offset_right_v01.geo
10251,ArchElohCorridorRamp48MV01,arch_eloh_corridor_ramp_48m_v01.geo
10252,ArchElohCorridorRoomV01,arch_eloh_corridor_room_v01.geo
10253,ArchElohCorridorRoomV02,arch_eloh_corridor_room_v02.geo
10254,ArchElohCorridorStraight16MV01,arch_eloh_corridor_straight_16m_v01.geo
10255,ArchElohCorridorStraight32MV01,arch_eloh_corridor_straight_32m_v01.geo
10256,ArchElohCorridorTee32MV01,arch_eloh_corridor_tee_32m_v01.geo
10257,ArchElohCorridorTurnLeft16MV01,arch_eloh_corridor_turn_left_16m_v01.geo
10258,ArchElohCorridorTurnRight16MV01,arch_eloh_corridor_turn_right_16m_v01.geo
10259,ArchElohObeliskV01,arch_eloh_obelisk_v01.geo
10260,ArchElohObeliskV02,arch_eloh_obelisk_v02.geo
10261,ArchElohObeliskV03,arch_eloh_obelisk_v03.geo
10264,UsableTwoStateDELETEV04,vfx_ability_shifter_geo_v01.geo
10265,MisPlainsBroData,item_datablock_hum.geo
10267,MisWetlandsRefinerySecurityTape,ammo_bullets_v01.geo
10276,MisWetlandsRefineryToxinSample,ammo_bullets_v01.geo
10282,UsableInertDestBaneSonicTowerV01,prop_bane_sonictower_v01.geo
10284,UsableStatelessBaneSupplyLandingStripDELETEDUPE,arch_bane_landingpad_v01.geo
10285,UsableInertDestBaneWormholeDeviceV02DELETEDUPE,arch_bane_wormhole_incomplete_v01.geo
10287,UsableInertDestThraxMachineryV01DELETEDUPE,prop_bane_machine_v01.geo
10288,Weapon_Creature_Loper_Club,hp_loper_club_v01.geo
10289,UsableTriggeredTwoStateWaypointElohV01,arch_eloh_waypoint.geo
10290,UsableInertDestBaneCameraV01,prop_bane_camera_v01.geo
10294,UsableTwoStateBaneChunnelDoorCaveIn,arch_bane_industrial_chunnel_raw_02_32m_door_open.geo
10298,MisPalisadesItemSohraniband,item_bag_hum_v01.geo
10300,ArchBaneExteriorLightV07,arch_bane_exterior_light_v07.geo
10308,UsableTreasureDispElohReliquaryV01,arch_eloh_reliquary_v01.geo
10310,Bane_Amoeboid_v1_Boss,creature_bane_amoeboid_v01.geo
10312,Bane_Amoeboid_v2_Boss,creature_bane_amoeboid_v02.geo
10314,Creature_Prison_Bot_Reconstructor_Boss,creature_arieki_bot_reconstructor_v01.geo
10315,Creature_Prison_Bot_Warden_Boss,creature_arieki_bot_warden_v01.geo
10317,Creature_Beam_Manta_Boss,creature_arieki_beam_manta_v01.geo
10319,Creature_Boargar_Standard_Boss,creature_boargar_v01.geo
10321,Bane_Caretaker_Boss,creature_bane_caretaker_v01.geo
10323,Bane_Fithik_Winged_Boss,creature_thrax_fithik_v01.geo
10325,Creature_Flaregasher_Boss,creature_arieki_flare_gasher_v01.geo
10327,Bane_Hunter_Boss,creature_bane_hunter_v02.geo
10331,Creature_Lasher_Boss,creature_arieki_lasher_v01.geo
10333,Bane_Lightbender_Standard_Boss,creature_bane_lightbender_v01.geo
10335,Bane_Linker_Boss,creature_bane_linker_armor_v01.geo
10337,Bane_Nitroglazer_Boss,creature_bane_nitroglazer_v01.geo
10339,Bane_Sentinel_Boss,creature_bane_sentinel_v01.geo
10343,Creature_Treeback_Adult_Boss,creature_treeback_v01.geo
10346,MisWildernessItemThraxHeart,item_bio_organ_gen_v01.geo
10347,Creature_Treelurker_Boss,creature_treelurker_v01.geo
10348,Creature_Treemite_Boss,creature_treemite_v01.geo
10349,ArchHumBaseGatesystemXJunction,arch_hum_fort_catwlk_wall_cross_v02.geo
10350,ArchHumBaseGatesystemWallGate16M,arch_hum_fort_catwlk_wall_gate_16m_v02.geo
10351,ArchHumBaseGatesystemWallHalf16M,arch_hum_fort_catwlk_wall_half_16m_v02.geo
10352,ArchHumBaseGatesystemWall32M,arch_hum_fort_catwlk_wall_straight_32m_v02.geo
10353,ArchHumBaseGatesystemCatwalk32M,arch_hum_fort_catwlk_walkway_32m_v02.geo
10354,ArchForeanElohCavernEntranceV01,arch_forean_eloh_cavern_entrance_v01.geo
10355,ArchForeanElohGravestoneV01,arch_forean_eloh_gravestone_v01.geo
10356,MisTordenMiresNecklace,item_bag_hum_v01.geo
10357,Weapon_Creature_Bane_Grenade,hp_bane_launcher_v01.geo
10359,WaterForeasRiverStraightDirty6mV01,water_foreas_river_straight_dirty_64m_v01.geo
10360,WaterForeasRiverStraightDirty64mV02,water_foreas_river_straight_dirty_64m_v02.geo
10361,WaterForeasRiverStraightDirty64mV03,water_foreas_river_straight_dirty_64m_v03.geo
10363,UsableInertDestBaneBarrelV01DELETEDUPE,prop_bane_barrel_v01.geo
10364,WaterForeasRiverStraightDirty64V04,water_foreas_river_straight_dirty_64m_v04.geo
10365,WaterForeasRiverTeeDirty64mV01,water_foreas_river_tee_dirty_64m_v01.geo
10366,WaterForeasRiverTeeDirty64mV02,water_foreas_river_tee_dirty_64m_v02.geo
10367,WaterForeasRiverTurnLeftDirty32mV01,water_foreas_river_turn_left_dirty_32m_v01.geo
10368,WaterForeasRiverTurnLeftDirty64mV01,water_foreas_river_turn_left_dirty_64m_v01.geo
10369,WaterForeasRiverTurnRightDirty32mV01,water_foreas_river_turn_right_dirty_32m_v01.geo
10370,WaterForeasRiverTurnRightDirty64mV01,water_foreas_river_turn_right_dirty_64m_v01.geo
10371,WaterForeasRiverYDirty64mV01,water_foreas_river_y_dirty_64m_v01.geo
10372,WaterForeasRiverYDirty64mV02,water_foreas_river_y_dirty_64m_v02.geo
10373,ArchHumBaseGatesystemCatwalk16MV02,arch_hum_fort_catwlk_platform_16m_v04.geo
10374,ArchHumBaseGatesystemPlatform16Mx12M,arch_hum_fort_catwlk_platform_16x12m_v02.geo
10375,ArchHumBaseGatesystemCatwalk4MV02,arch_hum_fort_catwlk_platform_4m_v02.geo
10376,ArchHumBaseGatesystemCatwalk64M,arch_hum_fort_catwlk_walkway_64m_v02.geo
10377,ArchHumBaseGatesystemPlatform8Mx12M,arch_hum_fort_catwlk_platform_8x12m_v01.geo
10379,UsableItemDispBaneGasHarvesterV01DELETEDUPE,prop_bane_gasharvester_canister_full.geo
10380,ArchForeanElohCavernStraight24mV01,arch_forean_eloh_cavern_straight_24m_v01.geo
10381,ArchForeanElohCavernStraight8mV01,arch_forean_eloh_cavern_straight_8m_v01.geo
10382,ArchForeanElohCavernTee16mV01,arch_forean_eloh_cavern_tee_16m_v01.geo
10383,ArchForeanElohShrineV03,arch_forean_eloh_shrine_v03.geo
10384,ArchForeanElohWallV01,arch_forean_eloh_wall_v01.geo
10385,ItemElohLogosDisperse,item_crate_hum_v01.geo
10386,ItemElohLogosLightning,item_crate_hum_v01.geo
10387,ItemElohLogosCreate,item_crate_hum_v01.geo
10388,ItemElohLogosNegative,item_crate_hum_v01.geo
10389,ItemElohLogosMachine,item_crate_hum_v01.geo
10391,ItemElohLogosWeave,arch_eloh_logos_weave_v01.geo
10393,ItemElohLogosEnclosure,item_crate_hum_v01.geo
10394,ItemElohLogosCorpse,item_crate_hum_v01.geo
10395,ItemElohLogosSelf,item_crate_hum_v01.geo
10396,ItemElohLogosSeparate,item_crate_hum_v01.geo
10397,ItemElohLogosPlant,item_crate_hum_v01.geo
10398,ItemElohLogosControl,item_crate_hum_v01.geo
10399,ItemElohLogosManifest,item_crate_hum_v01.geo
10400,ItemElohLogosLife,item_crate_hum_v01.geo
10401,ItemElohLogosBomb,item_crate_hum_v01.geo
10402,ItemElohLogosAround,item_crate_hum_v01.geo
10403,ItemElohLogosGround,item_crate_hum_v01.geo
10404,ItemElohLogosForward,item_crate_hum_v01.geo
10405,ItemElohLogosVortex,item_crate_hum_v01.geo
10407,ArchHumBaseGatesystemRamp2MV02,arch_hum_fort_catwlk_ramp_2m_v03.geo
10408,ArchHumBaseGatesystemRamp4MV02,arch_hum_fort_catwlk_ramp_4m_v03.geo
10409,MisDivideItemTowerPasscode,item_datablade_bane.geo
10412,MisPlainsHiveScan,item_datablock_hum.geo
10413,ArchHumBaseGatesystemWallGate24M,arch_hum_fort_catwlk_wall_gate_24m_v02.geo
10414,TerraForeasCavernEntrance24mV04,terra_foreas_cavern_entrance_24m_v04.geo
10415,UsableTwoStateBaneTripWire,prop_bane_tripwire.geo
10416,UsableCrSpawnerHumDropshipMechV01,vehicle_hum_dropship_mech_v01.geo
10417,ArchBrannCorridorStraight018mV01,arch_brann_corridor_straight_01_8m_v01.geo
10418,ArchBrannTowerCommunication01V01,arch_brann_tower_communication_v01.geo
10419,ArchBrannTowerSolar01V01,arch_brann_tower_solar_01_v01.geo
10420,ArchBaneObjConsoleV02V02,prop_bane_console_v02_v02.geo
10421,ArchBaneObjConsoleV02V03,prop_bane_console_v02_v03.geo
10422,ArchBaneObjConsoleV03V02,prop_bane_console_v03_v02.geo
10424,ArchBaneObjConsoleV03V03,prop_bane_console_v03_v03.geo
10425,ArchBaneObjConsolePedestalV01,prop_bane_console_pedestal_v01.geo
10426,ArchHumanBaseHolofencePostV02,arch_hum_fort_fence_holo_post_v02.geo
10427,ArchHumanBaseHolofenceStraight16mV02,arch_hum_fort_fence_holo_straight_16m_v02.geo
10428,ArchHumanBaseHolofenceStraight12mV02,arch_hum_fort_fence_holo_straight_12m_v02.geo
10429,ArchHumanBaseHolofenceStraight8mV02,arch_hum_fort_fence_holo_straight_8m_v02.geo
10430,ArchHumanBaseHolofenceStraight4mV02,arch_hum_fort_fence_holo_straight_4m_v02.geo
10431,ArchBrannCorridorRoom01OrechamberV01,arch_brann_corridor_room_01_orechamber_v01.geo
10432,ArchHumBaseHolosignDeltaOutpost,prop_hum_sign_holo_v28.geo
10433,MisMarshesItemC6801Crate01,item_crate_hum_v01.geo
10434,ArchHumBaseHolosignWeaponsAmmo,prop_hum_sign_holo_v04.geo
10436,MisMarshesItemC6801Crate02,item_crate_hum_v02.geo
10442,NPC_Vehicle_AFS_Mech,creature_human_mech_v01.geo
10443,UsableStatelessDELETEV02,particle_proxy.geo
10444,Treasure_Cipher_Crate_Bane_v1DELETEDUPE,item_crate_bane_v01.geo
10448,UsableTwoStateBaneDatabladeSlotDELETEDUPE,prop_bane_console_datablade_empty.geo
10449,ItemBaneDatablade,item_datablade_bane.geo
10451,MisDevilsFithikQueenMandibles,item_bio_insect_gen_v01.geo
10452,MisDevilsMechEquipment,item_machinepart_bane_v01.geo
10453,MisPalisadesTreebackCalmingAgent,item_bio_goo_gen_v01.geo
10454,UsableTwoStateDELETEV02,prop_corman_crate_science_v01.geo
10455,UsableTreasureDispCormanTrappedbox,prop_corman_crate_science_v01.geo
10457,MisWildernessItemWaterAnalyzationData,item_datablock_hum.geo
10458,UsableItemDispWaterAnalyzer,prop_hum_barrel_v01.geo
10459,ArchBrannGenObjComputerV01,prop_brann_computer_v01.geo
10460,ArchBrannGenObjComputerV02,prop_brann_computer_v02.geo
10461,VfxAriekiGroundFog08x16,vfx_env_arieki_ground_fog_8x16.geo
10462,VfxAriekiGroundFog16x16,vfx_env_arieki_ground_fog_16x16.geo
10463,VfxAriekiGroundFog32x32,vfx_env_arieki_ground_fog_32x32.geo
10464,VfxAriekiGroundFog64x64,vfx_env_arieki_ground_fog_64x64.geo
10465,VfxForeasBattlefieldGroundFog8x16,vfx_env_foreas_ground_fog_8x16.geo
10466,VfxForeasBattlefieldGroundFog16x16,vfx_env_foreas_ground_fog_16x16.geo
10467,VfxForeasBattlefieldGroundFog32x32,vfx_env_foreas_ground_fog_32x32.geo
10468,VfxForeasBattlefieldGroundFog64x64,vfx_env_foreas_ground_fog_64x64.geo
10469,VfxGreenSwampGroundSteam64x64,vfx_env_green_ground_steam_64x64.geo
10470,VfxGreenSwampGroundSteam8x16,vfx_env_green_ground_steam_8x16.geo
10471,VfxGreenSwampGroundSteam16x16,vfx_env_green_ground_steam_16x16.geo
10472,VfxGreenSwampGroundSteam32x32,vfx_env_green_ground_steam_32x32.geo
10473,VfxForeasTrailDust4x4,vfx_env_traildust_4x4.geo
10474,VfxAmbientFlySwarm1x1,vfx_ambient_fly_swarm_1x1.geo
10475,VfxAmbientFlySwarm4x4,vfx_ambient_fly_swarm_4x4.geo
10476,VfxAmbientFlySwarm8x8,vfx_ambient_fly_swarm_8x8.geo
10477,VfxForeasBirdsTreetops,vfx_env_birds_treetops.geo
10478,VfxForeasBirdsBushes,vfx_env_birds_bushes.geo
10479,VfxForeasLeavesFalling16x16,vfx_env_leaves_fall_16x16.geo
10480,VfxForeasLeavesFalling64x64,vfx_env_leaves_fall_64x64.geo
10481,VfxForeasLeavesFalling128x128,vfx_env_leaves_fall_128x128.geo
10482,VfxForeasBattlefieldGroundSmoke16x16,vfx_env_foreas_ground_smoke_16x16.geo
10483,VfxForeasBattlefieldGroundSmoke8x16,vfx_env_foreas_ground_smoke_8x16.geo
10484,VfxForeasBattlefieldGroundSmoke32x32,vfx_env_foreas_ground_smoke_32x32.geo
10485,VfxForeasBattlefieldGroundSmoke64x64,vfx_env_foreas_ground_smoke_64x64.geo
10486,VfxForeasFirebug16x16,vfx_env_firebug_16x16.geo
10487,MisDevilsKey,item_keycard_bane_gen.geo
10490,VfxForeasLightraysOutdoors4x4x32,vfx_lightrays_outdoors_4x4x32.geo
10491,VfxForeasLightraysOutdoors8x8x32,vfx_lightrays_outdoors_8x8x32.geo
10492,VfxForeasLightraysClusterOutdoors32x32x32,vfx_lightrays_cluster_outdoors_32x32x32.geo
10493,VfxForeasForestFog32x32,vfx_env_foreas_forest_fog_32x32.geo
10494,VfxForeasLightraysCavernSmall,terra_foreas_cavern_lightrays_small.geo
10495,VfxForeasForestFog64x64,vfx_env_foreas_forest_fog_64x64.geo
10496,VfxForeasLightraysCavernMedium,terra_foreas_cavern_lightrays_med.geo
10497,VfxForeasFlatFog32x32,vfx_env_foreas_flat_fog_32x32.geo
10498,VfxForeasLightraysCavernMediumCluster,terra_foreas_cavern_lightrays_cluster_med.geo
10499,VfxForeasFlatFog64x64,vfx_env_foreas_flat_fog_64x64.geo
10500,VfxForeasMountainMist,vfx_env_foreas_mountain_mist.geo
10501,VfxForeasFirebug32x32,vfx_env_firebug_32x32.geo
10502,Bane_Thrax_Technician_Boss,creature_thrax_technician_v01.geo
10503,Bane_Thrax_Soldier_Pistol_Boss,creature_thrax_soldier_v03_pistol.geo
10504,Bane_Thrax_Soldier_Rifle_Boss,creature_thrax_soldier_v03_rifle.geo
10505,VfxForeasCavesCeilingShiftDust,vfx_env_cave_ceilingshift_dust.geo
10506,MisDivideItemRadioBeacon,prop_hum_gps_beacon_v01.geo
10507,MisPalisadesItemKennilaxxhead,item_bio_heads_thrax_v01.geo
10508,MisDivideItemPogonosAid,item_crate_hum_v03.geo
10509,Emplacement_Bane_Turret_Mini,prop_bane_mortarlauncher_v01.geo
10510,Bane_Howler_Boss,creature_bane_howler_v02.geo
10511,TerraAriekiLavatubeInstance,terra_arieki_lavatube_instance.geo
10512,UsableItemDispTinctuHerbDELETE,flora_foreas_gen_plant06_v02.geo
10513,MisWildernessItemTinctuHerb,flora_foreas_gen_plant06_v02.geo
10515,ArchBaneIndustrialChunnelCatwalkRampBase,arch_bane_industrial_chunnel_catwalk_ramp_base.geo
10516,UsableTwoStateHumDropshipBeam,vehicle_hum_dropship_v01.geo
10518,MisWildernessItemEssenceOfTincta,item_canister_hum_v02.geo
10519,UsableNPCBaneKeyboard,prop_bane_console_keyboard.geo
10520,MisWildernessItemVoynichCodex,prop_hum_bag_v02.geo
10521,Ability_Crab_Mine,vfx_ability_crabmine_geo_v01.geo
10522,Creature_Xanx_Standard_Boss,creature_bane_xanx_v01.geo
10523,Bane_Xanx_Boss,creature_bane_xanx_v02.geo
10529,Weapon_Creature_NPC_Forean_Bow,hp_forean_female_bow_v01.geo
10530,Weapon_Creature_NPC_Forean_GooGun,hp_forean_goo_gun.geo
10531,Weapon_Creature_NPC_Forean_Machina,hp_forean_weapon_machina_rifle_v01.geo
10532,Weapon_Creature_NPC_Forean_Spear,hp_forean_staff.geo
10533,Weapon_Creature_NPC_Forean_Staff,hp_forean_shaman_staff_v01.geo
10536,Weapon_Human_Redshirt_Pistol_Laser,hp_hum_pistol_physical_v01.geo
10537,Weapon_Human_Redshirt_Rifle_Laser,hp_hum_rifle_laser_v01.geo
10538,Weapon_Human_Redshirt_RocketLauncher_Laser,hp_hum_rocketlauncher_physical_v01.geo
10546,MisDivideItemPurgasDecryptionDevice,item_keypass_bane_gen.geo
10548,MisPalisadesItemResearchData,item_datablock_hum.geo
10550,RandomExplosionBaneFallingBomb_01,particle_proxy.geo
10551,RandomExplosionBaneFallingBomb_02,particle_proxy.geo
10552,RandomExplosionBaneFallingBomb_03,particle_proxy.geo
10553,RandomExplosionBaneFallingBomb_04,particle_proxy.geo
10554,RandomExplosionBaneFallingBomb_05,particle_proxy.geo
10555,RandomExplosionBaneFallingBomb_06,particle_proxy.geo
10556,RandomExplosionBaneFallingBomb_07,particle_proxy.geo
10557,RandomExplosionBaneFallingBomb_08,particle_proxy.geo
10558,RandomExplosionBaneFallingBomb_09,particle_proxy.geo
10559,RandomExplosionBaneFallingBomb_10,particle_proxy.geo
10560,RandomExplosionBaneFallingBomb_11,particle_proxy.geo
10561,RandomExplosionBaneFallingBomb_12,particle_proxy.geo
10562,RandomExplosionBaneFallingBomb_13,particle_proxy.geo
10563,RandomExplosionBaneFallingBomb_14,particle_proxy.geo
10564,RandomExplosionBaneFallingBomb_15,particle_proxy.geo
10565,RandomExplosionBaneFallingBomb_16,particle_proxy.geo
10566,RandomExplosionBaneFallingBomb_17,particle_proxy.geo
10567,RandomExplosionBaneFallingBomb_18,particle_proxy.geo
10568,RandomExplosionBaneFallingBomb_19,particle_proxy.geo
10569,RandomExplosionBaneFallingBomb_20,particle_proxy.geo
10570,RandomExplosionBaneFallingBomb_21,particle_proxy.geo
10571,RandomExplosionBaneFallingBomb_22,particle_proxy.geo
10572,RandomExplosionBaneFallingBomb_23,particle_proxy.geo
10573,RandomExplosionBaneFallingBomb_24,particle_proxy.geo
10574,RandomExplosionBaneFallingBomb_25,particle_proxy.geo
10575,RandomExplosionBaneFallingBomb_26,particle_proxy.geo
10576,RandomExplosionBaneFallingBomb_27,particle_proxy.geo
10577,RandomExplosionBaneFallingBomb_28,particle_proxy.geo
10578,RandomExplosionBaneFallingBomb_29,particle_proxy.geo
10579,RandomExplosionBaneFallingBomb_30,particle_proxy.geo
10580,RandomExplosionBaneFallingBomb_31,particle_proxy.geo
10581,RandomExplosionBaneFallingBomb_32,particle_proxy.geo
10582,RandomExplosionBaneFallingBomb_33,particle_proxy.geo
10583,RandomExplosionBaneFallingBomb_34,particle_proxy.geo
10584,RandomExplosionBaneFallingBomb_35,particle_proxy.geo
10585,RandomExplosionBaneFallingBomb_36,particle_proxy.geo
10586,RandomExplosionBaneFallingBomb_37,particle_proxy.geo
10587,RandomExplosionBaneFallingBomb_38,particle_proxy.geo
10588,RandomExplosionBaneFallingBomb_39,particle_proxy.geo
10589,RandomExplosionBaneFallingBomb_40,particle_proxy.geo
10590,RandomExplosionBaneFallingBomb_41,particle_proxy.geo
10591,RandomExplosionBaneFallingBomb_42,particle_proxy.geo
10592,RandomExplosionBaneFallingBomb_43,particle_proxy.geo
10593,RandomExplosionBaneFallingBomb_44,particle_proxy.geo
10594,RandomExplosionBaneFallingBomb_45,particle_proxy.geo
10595,RandomExplosionBaneFallingBomb_46,particle_proxy.geo
10596,RandomExplosionBaneFallingBomb_47,particle_proxy.geo
10597,RandomExplosionBaneFallingBomb_48,particle_proxy.geo
10598,RandomExplosionBaneFallingBomb_49,particle_proxy.geo
10599,RandomExplosionBaneFallingBomb_50,particle_proxy.geo
10603,UsableInertDestBaneTeleporterV01DELETEDUPE,arch_bane_teleporter_v01.geo
10605,UsableDoorElohV01,vfx_arch_eloh_door_v01.geo
10606,NPC_Creature_Boargar,creature_boargar_v01.geo
10608,Mis_Wilderness_Item_EssenceOfTinctu,item_canister_hum_v01.geo
10609,NPC_Human_Swapset_Female_Boss,avatar_hum_f_nude_caucasian_v01.geo
10610,NPC_Human_Swapset_Male_Boss,avatar_hum_m_nude_caucasian_v01.geo
10611,MisWildernessItemCormanPlagueVaccination,prop_hum_bag_v02.geo
10612,NPC_Bane_Thrax_Grenadier_Boss,creature_thrax_lieutenant_v01.geo
10613,AnimCondForcer_Avatar_PDA,hp_hum_tissue_extract.geo
10614,UsableStatelessBaneObjConsoleCameraMonitorV01DELETEDUPE,prop_bane_console_monitor_v01_v02.geo
10620,MisBootCampItemCollectorHead,item_bio_heads_thrax_v01.geo
10621,MisBootCampItemDissectorHead,item_bio_heads_thrax_v01.geo
10622,ArchHumOutpostTrenchCorner90InV02,arch_hum_outpost_trench_90_corner_in_v04.geo
10623,ArchHumOutpostTrenchCorner90OutV02,arch_hum_outpost_trench_90_corner_out_v04.geo
10624,ArchHumOutpostTrench32MV01,arch_hum_outpost_trench_32m_v02.geo
10625,ArchHumOutpostTrench48MV01,arch_hum_outpost_trench_48m_v02.geo
10626,ArchHumOutpostTrench64MV01,arch_hum_outpost_trench_64m_v02.geo
10628,ArchHumOutpostTrenchBunkerV03,arch_hum_outpost_trench_bunker_v07.geo
10629,ArchHumOutpostTrenchBunkerV04,arch_hum_outpost_trench_bunker_v08.geo
10630,MisGuardpromItemCallistoFlightRecorder,prop_hum_recorder_v01.geo
10631,MisTreebackComputerTwentyOneBarrels,prop_hum_monitor_v01_v01.geo
10633,MisDivideItemPurgasLevel2Card,item_keycard_v02_bane.geo
10634,Mis_Palisades_ToolHealingDisc,hp_hum_tool_healing_disc_v01.geo
10636,Weapon_Human_Redshirt_InjectionGun_Virulent,hp_hum_injectiongun_viral.geo
10637,MisDivideItemPurgasLevel3Card,item_keycard_v03_bane.geo
10638,MisTreebackCommandoHowlerMission,prop_hum_corpse_v01.geo
10639,UsableTwoStateBaneArticulatedDrillV01DELETEDUPE,prop_bane_articulateddrill_v01.geo
10640,UsableDoorForeanElohCavernV01,arch_forean_eloh_cavern_door.geo
10641,ArchForeanElohCavernDoorJambV01,arch_forean_eloh_cavern_door_jamb.geo
10642,NPC_Hominis_Machina,creature_thrax_hominis_v01.geo
10644,MisDivideItemToxicCannister,item_canister_bane_v02.geo
10645,MisGuardPromThraxJammingUnit,prop_bane_outpost_terminal_v01.geo
10647,MisGuardPromItemVanadiumRedoxCell,item_canister_hum_v01.geo
10650,ArchForeanFithicThrone,arch_forean_fithic_throne.geo
10653,ArchForeanElohColossusV02Destroyed,arch_forean_eloh_colossus_v02_destroyed.geo
10654,ArchForeanElohColossusV03Destroyed,arch_forean_eloh_colossus_v03_destroyed.geo
10657,ArchForeanElohColossusV04Destroyed,arch_forean_eloh_colossus_v04_destroyed.geo
10658,ArchForeanElohColossusV05Destroyed,arch_forean_eloh_colossus_v05_destroyed.geo
10659,ArchForeanElohColossusV06Destroyed,arch_forean_eloh_colossus_v06_destroyed.geo
10660,ArchForeanElohColossusV07Destroyed,arch_forean_eloh_colossus_v07_destroyed.geo
10661,ArchForeanElohColossusV08Destroyed,arch_forean_eloh_colossus_v08_destroyed.geo
10663,FloraMyconZeek01V01,flora_mycon_zeek01_v01.geo
10666,MisCavesofDonnDataCube,item_datablade_bane.geo
10670,UsableInertDestBaneBarrelMaroxinDELETEDUPE,prop_bane_barrel_v01.geo
10673,MisValverdePoolsGauntletKey,item_keycard_bane_gen.geo
10676,TerraAriekiRockVistaV01,terra_arieki_rock_vista_v01.geo
10677,TerraAriekiRockVistaV02,terra_arieki_rock_vista_v02.geo
10678,TerraAriekiRockVistaV03,terra_arieki_rock_vista_v03.geo
10679,TerraAriekiBarnacaleV01,terra_arieki_barnacle_v01.geo
10680,TerraAriekiBarnacaleV02,terra_arieki_barnacle_v02.geo
10681,TerraAriekiBarnacaleV03,terra_arieki_barnacle_v03.geo
10684,TerraAriekiLavaRiverFalls16m16mV01,terra_arieki_lava_river_falls_16m_16m_v01.geo
10685,TerraAriekiLavaRiverFalls16m16mV02,terra_arieki_lava_river_falls_16m_16m_v02.geo
10687,test_dvargo_archbaneindustrialbuilding,test_dvargo1_arch_bane_exterior_factory_v01.geo
10693,FloraAriekiInclineCatstick01V04,flora_arieki_incline_catstick_01_v04.geo
10694,ArchHumOutpostDitchStraight16V01,arch_hum_outpost_ditch_straight_16_v02.geo
10695,FloraAriekiPlantsAshenCatstick01V01,flora_arieki_plants_ashen_catstick_01_v01.geo
10696,FloraAriekiPlantsAshenCatstick01V02,flora_arieki_plants_ashen_catstick_01_v02.geo
10697,FloraAriekiPlantsAshenCatstick01V03,flora_arieki_plants_ashen_catstick_01_v03.geo
10698,FloraAriekiPlantsAshenCatstick01V04,flora_arieki_plants_ashen_catstick_01_v04.geo
10699,ArchBaneIndustrialOverlookExteriorWindowV01,test_dvargo_arch_bane_industrial_room_reactor_level02_wall_v02.geo
10700,Ability_Bane_Landmine,creature_bane_mine_v01.geo
10701,TerraAriekiLavaRiverFalls16m8mV01,terra_arieki_lava_river_falls_16m_8m_v01.geo
10702,TerraAriekiLavaRiverFalls16m8mV02,terra_arieki_lava_river_falls_16m_8m_v02.geo
10703,TerraAriekiLavaRiverFalls16m8mV03,terra_arieki_lava_river_falls_16m_8m_v03.geo
10704,FloraAriekiCarnivorousAshed01V01,flora_arieki_carnivorous_ashed_01_v01.geo
10705,FloraAriekiCarnivorousAshed01V02,flora_arieki_carnivorous_ashed_01_v02.geo
10706,FloraAriekiCarnivorousAshed01V03,flora_arieki_carnivorous_ashed_01_v03.geo
10707,FloraAriekiCarnivorousAshed01V04,flora_arieki_carnivorous_ashed_01_v04.geo
10708,FloraAriekiIlluminariAshen01V01,flora_arieki_Illuminari_ashen_01_v01.geo
10709,FloraAriekiIlluminariAshen01V02,flora_arieki_Illuminari_ashen_01_v02.geo
10710,FloraAriekiIlluminariAshen01V03,flora_arieki_Illuminari_ashen_01_v03.geo
10711,FloraAriekiGoyterAshen01V01,flora_arieki_goyter_ashen01_v01.geo
10712,FloraAriekiGoyterAshen01V02,flora_arieki_goyter_ashen01_v02.geo
10713,FloraAriekiBonelilyAshen01V01,flora_arieki_bonelilly_ashen_01_v01.geo
10714,FloraAriekiBonelilyAshen01V02,flora_arieki_bonelilly_ashen_01_v02.geo
10715,FloraAriekiPlantBirdseyeAshen01V01,flora_arieki_plant_birdseye_ashen_01_v01.geo
10716,FloraAriekiPlantBirdseyeAshen01V02,flora_arieki_plant_birdseye_ashen_01_v02.geo
10717,FloraAriekiGrassclumpAshen01V01,flora_arieki_grassclump_ashen01_v01.geo
10718,FloraAriekiPlantHarpusAshen01V01,flora_arieki_plant_harpus_ashen01_v01.geo
10719,FloraAriekiPlantHarpusAshen01V02,flora_arieki_plant_harpus_ashen01_v02.geo
10720,FloraAriekiPlantHarpusAshen01V03,flora_arieki_plant_harpus_ashen01_v03.geo
10721,FloraAriekiPlantHomburgerAshen01V01,flora_arieki_plant_homburger_ashen_01_v01.geo
10722,FloraAriekiPlantHomburgerAshen01V02,flora_arieki_plant_homburger_ashen_01_v02.geo
10723,FloraAriekiRaintreeAsh01V04,flora_arieki_raintree_ash_01_v04.geo
10724,FLoraMyconTiglets01V01,flora_mycon_tiglets01_v01.geo
10725,ArchBaneOutpostWallMinorStraight8m,arch_bane_outpost_wall_minor_straight_8m.geo
10727,ArchHumGenObjLightV03,prop_hum_light_v03.geo
10728,ArchHumGenObjHighlightV01,prop_hum_highlight_v01.geo
10729,ArchBrannCorridorStraight0116mV01,arch_brann_corridor_straight_01_16m_v01.geo
10730,ArchBrannCorridorStraight018mv02,arch_brann_corridor_straight_01_8m_v02.geo
10731,ArchBrannCorridorStraitght0116mV02,arch_brann_corridor_straight_01_16m_v02.geo
10732,ArchBrannCorridorStraitght0124mV02,arch_brann_corridor_straight_01_24m_v02.geo
10733,ArchBrannCorridorRoom01QuarterV04,arch_brann_corridor_room_01_quarter_v04.geo
10734,ArchBrannCorridorRampTurnLft01V01,arch_brann_corridor_ramp_turn_lft_01_v01.geo
10735,ArchBrannCorridorRampTurnRt01V01,arch_brann_corridor_ramp_turn_rt_01_v01.geo
10736,ArchBaneOutpostWallMajorStraight32m,arch_bane_outpost_wall_major_straight_32m.geo
10737,ArchBaneOutpostWallMajorEntranceV01,arch_bane_outpost_wall_major_entrance_v01.geo
10738,ArchBaneOutpostWallMajorStraight64m,arch_bane_outpost_wall_major_straight_64m.geo
10739,ArchBaneOutpostWallMajorStraight96m,arch_bane_outpost_wall_major_straight_96m.geo
10740,ArchBaneOutpostWallMajorCorner90In,arch_bane_outpost_wall_major_corner_90_in.geo
10741,ArchBaneOutpostWallMajorCorner90Out,arch_bane_outpost_wall_major_corner_90_out.geo
10742,TerraAriekiMagmonixSkeletonV01,terra_arieki_magnomix_skeleton_v01.geo
10743,ArchBaneOutpostWallMinorStraight16m,arch_bane_outpost_wall_minor_straight_16m.geo
10744,ArchBaneOutpostWallMinorStraight24m,arch_bane_outpost_wall_minor_straight_24m.geo
10745,ArchBaneOutpostWallMinorStraight32m,arch_bane_outpost_wall_minor_straight_32m.geo
10746,TerraAriekiMagmonixSkeletonV02,terra_arieki_magnomix_skeleton_v02.geo
10747,TerraAriekiMagmonixSkeletonV03,terra_arieki_magnomix_skeleton_v03.geo
10748,ArchBaneOutpostWallMajorCorner120Out,arch_bane_outpost_wall_major_corner_120_out.geo
10749,UsableDoorBrannCorridor04mV01,arch_brann_corridor_door_01_4m_v01.geo
10750,ArchBrannCorridorRoom01PanopticonCellCapV01,arch_brann_corridor_room_01_panopticon_cell_cap_v01.geo
10751,ArchBrannCorridorStraightCell0124mV01,arch_brann_corridor_straight_cell_01_24m_v01.geo
10752,ArchBrannCorridorStraightCell0124mV02,arch_brann_corridor_straight_cell_01_24m_v02.geo
10753,ArchBrannCorridorStraightCell0124mV03,arch_brann_corridor_straight_cell_01_24m_v03.geo
10754,ArchBrannCorridorStraightCell0124mV04,arch_brann_corridor_straight_cell_01_24m_v04.geo
10755,FloraMyconFan01V01,flora_mycon_fan01_v01.geo
10756,FloraMyconPlantMurph01V01,flora_mycon_plant_murph01_v01.geo
10757,ArchBaneOutpostWallMajorCorner120In,arch_bane_outpost_wall_major_corner_120_in.geo
10758,ArchBaneOutpostWallMinorCorner120,arch_bane_outpost_wall_minor_corner_120.geo
10759,ArchBaneOutpostWallMinorCorner90,arch_bane_outpost_wall_minor_corner_90.geo
10760,UsableTwoStateHumFanV01,prop_hum_fan_v01.geo
10761,ArchBaneOutpostWallMajorStraight16m,arch_bane_outpost_wall_major_straight_16m.geo
10762,TEST_Weapon_Avatar_Mutalis_Staff,hp_mutalis_staff_v01.geo
10763,TEST_Weapon_Avatar_Mutalis_Grenade_Launcher,hp_mutalis_grenadelauncher_v01.geo
10764,ArchBaneOutpostWallMinorEndV01,arch_bane_outpost_wall_minor_end_v01.geo
10765,ArchBaneOutpostWallMinorEntranceV01,arch_bane_outpost_wall_minor_entrance_v01.geo
10766,ArchBrannGenObjCameraV01DELETE,prop_brann_camera_v01.geo
10767,TerraAriekiCavernAbyssRoofV01,terra_arieki_cavern_roof_abyss_v01.geo
10768,ArchBrannGenObjLightV01,prop_brann_light_v01.geo
10769,MisWetlandsRefineryDoorCode,item_datablock_hum.geo
10770,ArchBrannGenObjBedV01,prop_brann_bed_v01.geo
10771,ArchBrannGenObjBombV01,prop_brann_bomb_v01.geo
10772,ArchBrannGenObjChairV01,prop_brann_chair_v01.geo
10773,ArchBrannGenObjComputerV03,prop_brann_computer_v03.geo
10774,ArchBrannGenObjCounterV01,prop_brann_counter_v01.geo
10775,ArchBrannGenObjCrateV01,prop_brann_crate_v01.geo
10776,UsableInertDestBrannGeneratorV01,prop_brann_generator_v01.geo
10777,ArchBrannGenObjCrateV02,prop_brann_crate_v02.geo
10778,ArchBrannGenObjGeneratorV01Destroyed,prop_brann_generator_v01_destroyed.geo
10779,ArchBrannGenObjLightV02,prop_brann_light_v02.geo
10780,ArchBrannGenObjLightV03,prop_brann_light_v03.geo
10781,ArchBrannGenObjLightV04,prop_brann_light_v04.geo
10782,ArchBrannGenObjManholeV01,prop_brann_manhole_v01.geo
10783,ArchBrannGenObjMobileV01,prop_brann_mobile_v01.geo
10784,ArchBrannGenObjMobileV02,prop_brann_mobile_v02.geo
10786,ArchBrannGenObjResistorV01Destroyed,prop_brann_resistor_v01_destroyed.geo
10788,ArchBrannGenObjTableV01,prop_brann_table_v01.geo
10789,ArchBrannGenObjTableV02,prop_brann_table_v02.geo
10790,ArchBrannGenObjTableV03,prop_brann_table_v03.geo
10791,ArchBrannGenObjTurretV01,prop_brann_turret_v01.geo
10792,FloraAriekiPlantLica01V01,flora_arieki_plant_lica_01_v01.geo
10795,ArchBrannCorridorRoom01ColumnV01,arch_brann_corridor_room_01_column_v01.geo
10796,ArchBrannCorridorRoom01ColumnV02,arch_brann_corridor_room_01_column_v02.geo
10797,ArchBrannCorridorRoom01StamperV01,arch_brann_corridor_room_01_stamper_v01.geo
10800,ArchHumOutpostFenceStraight16V01,arch_hum_outpost_fence_straight_16_v03.geo
10801,ArchHumOutpostFenceStraight16V02,arch_hum_outpost_fence_straight_16_v04.geo
10802,VfxAriekiLavaSteam08x16,vfx_env_lava_steam_8x16.geo
10803,VfxAriekiLavaSteam16x16,vfx_env_lava_steam_16x16.geo
10804,VfxAriekiLavaSteam32x32,vfx_env_lava_steam_32x32.geo
10805,VfxAriekiLavaSteam64x64,vfx_env_lava_steam_64x64.geo
10807,TerraAriekiCavernAbyssRoofV02,terra_arieki_cavern_roof_abyss_v02.geo
10808,ArchBrannPrisonwallCorner01_16m_v01,arch_brann_prisonwall_corner_01_16m_v01.geo
10809,ArchBrannPrisonwallEndcap01v01,arch_brann_prisonwall_endcap_01_v01.geo
10810,UsableDoorBrannPrisonwallEntrance0140mv01,arch_brann_prisonwall_entrance_01_40m_v01.geo
10811,ArchBrannPrisonwallStraight0116mv01,arch_brann_prisonwall_straight_01_16m_v01.geo
10813,ArchBrannPrisonwallStraight0124mv01,arch_brann_prisonwall_straight_01_24m_v01.geo
10814,ArchBrannPrisonwallStraight018mv01,arch_brann_prisonwall_straight_01_8m_v01.geo
10815,ArchBrannPrisonwallStraight018mv02,arch_brann_prisonwall_straight_01_8m_v02.geo
10816,ArchBrannPrisonwallStraight018mv03,arch_brann_prisonwall_straight_01_8m_v03.geo
10817,ArchBrannCorridorCrossGroup01V01,arch_brann_corridor_cross_group_01_v01.geo
10818,ArchBrannCorridorCrossGroup01V02,arch_brann_corridor_cross_group_01_v02.geo
10819,FloraAriekiPlantBurnedCarnivorus01V01,flora_arieki_plant_burned_carnivorous01_v01.geo
10820,FloraAriekiPlantBurnedCarnivorus01V02,flora_arieki_plant_burned_carnivorous01_v02.geo
10821,FloraAriekiPlantBurnedCarnivorus01V03,flora_arieki_plant_burned_carnivorous01_v03.geo
10822,FloraAriekiPlantBurnedCarnivorus01V04,flora_arieki_plant_burned_carnivorous01_v04.geo
10823,FloraAriekiPlantBurnedBonelilly01V01,flora_arieki_plant_burned_bonelilly01_v01.geo
10824,FloraAriekiPlantBurnedBonelilly01V02,flora_arieki_plant_burned_bonelilly01_v02.geo
10825,FloraAriekiPlantBurnedCatstick01V01,flora_arieki_plant_burned_catstick01_v01.geo
10826,FloraAriekiPlantBurnedCatstick01V02,flora_arieki_plant_burned_catstick01_v02.geo
10827,FloraAriekiPlantBurnedHomburger01V01,flora_arieki_plant_burned_homburger_01_v01.geo
10829,FloraAriekiPlantBurnedBirdseye01V02,flora_arieki_plant_burned_birdseye_01_v02.geo
10830,FloraAriekiPlantBurnedHarpus01V01,flora_arieki_plant_burned_harpus_01_v01.geo
10831,FloraAriekiPlantBurnedHarpus01V02,flora_arieki_plant_burned_harpus_01_v02.geo
10832,FloraAriekiPlantBurnedHarpus01V03,flora_arieki_plant_burned_harpus_01_v03.geo
10833,FloraAriekiPlantBurnedBirdseye01V01,flora_arieki_plant_burned_birdseye_01_v01.geo
10834,FloraAriekiPlantBurnedHomburger01V02,flora_arieki_plant_burned_homburger_01_v02.geo
10836,ArchElohCommunicationsTowerLOD01V02,arch_eloh_communications_tower_v02.geo
10840,TerraAriekiCavernAbyssStalagtiteV01,terra_arieki_cavern_abyss_stalagtite_v01.geo
10841,TerraAriekiCavernAbyssStalagtiteV02,terra_arieki_cavern_abyss_stalagtite_v02.geo
10849,TerraAriekiCavernAbyssStalagtiteV03,terra_arieki_cavern_abyss_stalagtite_v03.geo
10850,TerraAriekiCavernAbyssStalagtiteV04,terra_arieki_cavern_abyss_stalagtite_v04.geo
10851,TerraAriekiCavernAbyssStalagtiteV05,terra_arieki_cavern_abyss_stalagtite_v05.geo
10852,TerraAriekiCavernAbyssStalagtiteV06,terra_arieki_cavern_abyss_stalagtite_v06.geo
10853,TerraAriekiCavernAbyssStalagtiteV07,terra_arieki_cavern_abyss_stalagtite_v07.geo
10854,Bane_Mox_Standard,creature_bane_mox_v01.geo
10856,Weapon_Creature_Lightbender_v2,hp_lightbender_pistol_v02.geo
10857,Bane_Lightbender_Alternate,creature_bane_lightbender_v02.geo
10858,Bane_Miasma_Standard,creature_bane_miasma_v01.geo
10860,TerraAriekiCavernAbyssRoofV03,terra_arieki_cavern_roof_abyss_v03.geo
10980,MisPlateauItemCartographyDatapadBlank,item_datablock_hum.geo
10981,MisPlateauItemMapOfValverdeChasm,item_datablock_hum.geo
10984,VfxWaterLeak,vfx_water_leak_v01.geo
10985,VfxWaterLeakSplashes,vfx_water_leak_splash_v01.geo
10986,VfxHumanDropzoneFlare,vfx_human_flare_dropzone.geo
10987,VfxSmokeSmoldering4x4,vfx_env_foreas_smoke_smolder_4x4.geo
10988,VfxSmokeSmoldering8x8,vfx_env_foreas_smoke_smolder_8x8.geo
10989,Vehicle_Bane_Treecutter,creature_bane_treecutter_v01.geo
10997,Ability_Reality_Ripper,vfx_ability_reality_ripper_geo_v01.geo
10999,TerraAriekiCavernAbyssDevilsPostV01,terra_arieki_cavern_abyss_devilspost_v01.geo
11007,TerraAriekiMagmonixSkeletonV01dark,terra_arieki_magnomix_skeleton_v01_dark.geo
11010,TerraAriekiMagmonixSkeletonV02dark,terra_arieki_magnomix_skeleton_v02_dark.geo
11011,TerraAriekiMagmonixSkeletonV03dark,terra_arieki_magnomix_skeleton_v03_Dark.geo
11012,ArchBaneExteriorPipesV08,arch_bane_exterior_pipes_v08.geo
11013,SkyForeasDefaultMountainrange,sky_foreas_default_mountainrange.geo
11015,MisLogosResearchItemDNASample,item_canister_bane_v01.geo
11017,MisLogosResearchItemBaneCellsKeycode,item_keycard_bane_gen.geo
11018,Ambient_Pod_Crawler,creature_mycon_pod_crawler_v01.geo
11032,ArchBrannCorridorEntranceCapV01,arch_brann_corridor_entrance_cap_v01.geo
11034,SkyForeasValverdeMesarange,sky_foreas_valverde_mesarange.geo
11046,MisMarshesLogosAccessCard1,item_keycard_bane_gen.geo
11047,MisMarshesLogosAccessCard2,item_keycard_bane_gen.geo
11049,MisValverdeLogosResearchItemAgentDispersal,item_canister_bane_v02.geo
11053,ArchForeanBridgeCeremonialV01,arch_forean_bridge_ceremonial_v01.geo
11054,TestArchHumFortCatwalkBridge32mV01,test_arch_hum_fort_catwlk_bridge_32m_v01.geo
11055,ArchHumOutpostFenceStraight24V01Destroyed,arch_hum_outpost_fence_straight_24_v03_destroyed.geo
11057,MisLogosResearchItemDetonators,prop_hum_bomb_v01.geo
11058,ArchBaneOutpostWallMajorStraight32mV02,arch_bane_outpost_wall_major_straight_32m_v02.geo
11059,ArchHumCorridorStraight018mV01,arch_hum_corridor_straight_01_8m_v02.geo
11060,ArchHumCorridorStraight0124mV01,arch_hum_corridor_straight_01_24m_v04.geo
11061,ArchHumCorridorTurn018mV01,arch_hum_corridor_turn_01_8m_v02.geo
11062,ArchHumCorridorTee018mV01,arch_hum_corridor_tee_01_8m_v02.geo
11063,ArchHumCorridorCross018mV01,arch_hum_corridor_cross_01_8m_v02.geo
11064,ArchBaneOutpostWallMajorCorner120OutV02,arch_bane_outpost_wall_major_corner_120_out_v02.geo
11065,Boss_Voro_B,creature_bane_voro_b_v01.geo
11066,Boss_Voro_C,creature_bane_voro_c_v01.geo
11067,Boss_Voro_D,creature_bane_voro_d_v01.geo
11068,Boss_Voro_E,creature_bane_voro_e_v01.geo
11074,MisPlateauItemMindControlImplant_01,item_datablade_bane.geo
11077,UsableItemDisp_item_crate_bane_v02DELETE,item_crate_bane_v02.geo
11078,UsableItemDisp_item_crate_hum_v01,item_crate_hum_v01.geo
11079,UsableItemDispHumItemCrateV01CONVERT2TD,item_crate_hum_v02.geo
11080,UsableItemDisp_item_crate_hum_v03CONVERT2TD,item_crate_hum_v03.geo
11081,UsableItemDispBaneDataBladeV01,item_datablade_bane.geo
11082,UsableItemDisp_item_datablock_hum,item_datablock_hum.geo
11083,UsableItemDisp_item_flora_foreas_calla_fernV01,item_flora_foreas_calla_fernV01.geo
11084,UsableItemDisp_item_gen_v01,item_gen_v01.geo
11085,UsableItemDisp_item_keycard_baneCONVERT2TD,item_keycard_bane_gen.geo
11086,UsableItemDisp_item_keycard_hum,item_keycard_hum.geo
11087,UsableItemDisp_item_machinepart_bane_v01CONVERT2TD,item_machinepart_bane_v01.geo
11088,UsableItemDisp_item_machinepart_bane_v02CONVERT2TD,item_machinepart_bane_v02.geo
11089,UsableItemDisp_item_machinepart_bane_v03CONVERT2TD,item_machinepart_bane_v03.geo
11090,UsableItemDisp_item_machinepart_bane_v04CONVERT2TD,item_machinepart_bane_v04.geo
11091,UsableItemDisp_item_machinepart_hum_v01,item_machinepart_hum_v01.geo
11092,UsableItemDisp_item_machinepart_hum_v02,item_machinepart_hum_v02.geo
11093,UsableItemDisp_item_artifact_rock_gen_v01,item_artifact_rock_gen_v01.geo
11094,UsableItemDisp_item_bag_bane_v01DELETE,item_bag_bane_v01.geo
11095,UsableItemDisp_item_bag_bane_v02DELETE,item_bag_bane_v02.geo
11096,UsableItemDisp_item_bag_hum_v01,item_bag_hum_v01.geo
11097,UsableItemDisp_item_bag_hum_v02,item_bag_hum_v02.geo
11098,UsableItemDisp_item_bio_goo_gen_v01CONVERT2TD,item_bio_goo_gen_v01.geo
11099,UsableItemDisp_item_bio_heads_brann_v01,item_bio_heads_brann_v01.geo
11100,UsableItemDisp_item_bio_heads_human_v01,item_bio_heads_human_v01.geo
11101,UsableItemDisp_item_bio_heads_mycon_v01,item_bio_heads_mycon_v01.geo
11102,UsableItemDisp_item_bio_heads_thrax_v01,item_bio_heads_thrax_v01.geo
11103,UsableItemDisp_item_bio_heads_warnet_v01,item_bio_heads_warnet_v01.geo
11104,UsableItemDisp_item_bio_hide_gen_v01,item_bio_hide_gen_v01.geo
11105,UsableItemDisp_item_bio_insect_gen_v01,item_bio_insect_gen_v01.geo
11106,UsableItemDisp_item_bio_limbs_hum_v01,item_bio_limbs_hum_v01.geo
11107,UsableItemDisp_item_bio_organ_bane_v01CONVERT2TD,item_bio_organ_bane_v01.geo
11108,UsableItemDisp_item_bio_organ_gen_v01,item_bio_organ_gen_v01.geo
11109,UsableItemDisp_item_bio_organ_warnet_v01,item_bio_organ_warnet_v01.geo
11110,UsableItemDisp_item_bio_plant_gen_v01,item_bio_plant_gen_v01.geo
11111,UsableItemDisp_item_bio_plant_gen_v02DELETE,item_bio_plant_gen_v02.geo
11112,UsableItemDisp_item_canister_bane_v01CONVERT2TD,item_canister_bane_v01.geo
11113,UsableItemDisp_item_canister_bane_v02,item_canister_bane_v02.geo
11114,UsableItemDisp_item_canister_hum_v01,item_canister_hum_v01.geo
11115,UsableItemDisp_item_canister_hum_v02,item_canister_hum_v02.geo
11116,UsableItemDisp_item_crate_bane_v01CONVERT2TD,item_crate_bane_v01.geo
11119,ArchBaneOutpostWallMinorStraight16mV02,arch_bane_outpost_wall_minor_straight_16m_v02.geo
11121,MisPlainsZairInfoPad,item_datablock_hum.geo
11124,Mis_Plateau_ItemMindControlDeviceExtractor,hp_hum_tissue_extract.geo
11125,ArchBaneOutpostWallMinorCorner120V02,arch_bane_outpost_wall_minor_corner_120_v02.geo
11126,ArchBaneOutpostWallMinorStraight4m,arch_bane_outpost_wall_minor_straight_4m.geo
11128,UsableTriggeredTwoStateV01DELETEDUPE,prop_bane_pedestal_switch_door_v01.geo
11129,ArchBaneOutpostWallMinorCorner120V03,arch_bane_outpost_wall_minor_corner_120_v03.geo
11130,ArchBaneOutpostWallMinorEndV02,arch_bane_outpost_wall_minor_end_v02.geo
11131,UsableItemAccBaneConsoleV02DELETEDUPE,prop_bane_console_datablade_empty.geo
11132,ArchBaneIndustrialOverlookExteriorWindowV02,arch_bane_industrial_overlook_exterior_window_v01.geo
11133,SkyAriekiDefaultVolcanoes,sky_arieki_default_volcanoes.geo
11134,Boss_Enslaver,creature_bane_neph_enslaver_v01.geo
11135,Weapon_Creature_Boss_Enslaver,hp_neph_enslaver_gun.geo
11136,ArchBaneVoroPlatformV01,arch_bane_voro_platform_v01.geo
11137,SkyAriekiDefaultVolcanoesVFX,sky_arieki_default_volcanoes_vfx.geo
11138,UsableNPCHumMonitorV01DELETEDUPE,prop_hum_monitor_v01_v01.geo
11139,VfxForeasFlatFog16x16,vfx_env_foreas_flat_fog_16x16.geo
11140,VfxForeasForestFog16x16,vfx_env_foreas_forest_fog_16x16.geo
11141,ArchHumCorridorDoorjamb018mV01,arch_hum_corridor_doorjamb_01_8m_v02.geo
11143,UsableNPCHumMonitorV01,prop_hum_monitor_v02_v01.geo
11144,UsableDoorHumCorridorV01,arch_hum_corridor_door_v01.geo
11146,MisXenoBoargarCells,item_bio_goo_gen_v01.geo
11147,VfxAriekiVolcanoGiantEternalV01,vfx_env_arieki_volcano_giant_eternal_v01.geo
11148,MisXenoTreeLurkerDna,item_canister_hum_v01.geo
11149,MisXenoTreemiteScrapings,item_bio_insect_gen_v01.geo
11150,MisXenoThraxBlood,item_canister_hum_v02.geo
11151,MisXenoHunterCarapace,item_bio_hide_gen_v01.geo
11152,MisXenoCaretakerFluids,item_bio_goo_gen_v01.geo
11153,MisXenoShieldDroneParts,item_machinepart_bane_v01.geo
11154,MisXenoHowlerTeeth,item_bio_organ_gen_v01.geo
11156,MisXenoForeanMachinaParts,item_machinepart_bane_v02.geo
11157,MisXenoHominisMachinaScraps,item_machinepart_bane_v03.geo
11158,FloraForeasGenPlant02V02far,flora_foreas_gen_plant02_far.geo
11159,MisXenoPredatorParts,item_machinepart_bane_v03.geo
11160,MisXenoXanxPincers,item_bio_insect_gen_v01.geo
11161,MixXenoFithikSpleen,item_bio_organ_bane_v01.geo
11162,MisXenoMiasmaGoo,item_bio_goo_gen_v01.geo
11163,MisXenoWarnetWings,item_bio_insect_gen_v01.geo
11164,MisXenoWarnetQueenHead,item_bio_heads_warnet_v01.geo
11165,MisXenoStalkerScraps,item_machinepart_bane_v04.geo
11166,MisXenoTechnicianSample,item_canister_hum_v01.geo
11167,MisXenoFilcherLiver,item_bio_organ_bane_v01.geo
11168,ArchBaneOutpostBridgeLandingV01,test_dvargo_arch_bane_outpost_bridgelanding_v01.geo
11169,ArchHumBridge16mV01,arch_hum_bridge_16m_v02.geo
11170,ArchHumBridge24mV01,arch_hum_bridge_24m_v02.geo
11171,ArchHumGenObjPipeV05,prop_hum_pipe_v05.geo
11172,FloraForeasCliffTree01V01,flora_foreas_cliff_tree01_V01.geo
11173,FloraForeasCliffTree01V02,flora_foreas_cliff_tree01_V02.geo
11174,FloraForeasCliffBush01V01,flora_foreas_cliff_bush01_V01.geo
11175,FloraForeasCliffBush01V02,flora_foreas_cliff_bush01_V02.geo
11176,ArchHumBridge32mV01,arch_hum_bridge_32m_v02.geo
11177,ArchHumBridge64mV01,arch_hum_bridge_64m_v02.geo
11178,ArchHumGenObjPipegroup16mV01,prop_hum_pipegroup_16m_v01.geo
11179,ArchHumOutpostDitchStraight24v02,arch_hum_outpost_ditch_straight_24_v04.geo
11180,ArchHumOutpostDitchStraight8v02,arch_hum_outpost_ditch_straight_8_v04.geo
11181,ArchHumGenObjSandbags01V10,prop_hum_sandbags01V10.geo
11182,ArchCormanGenObjCommpackV01,prop_corman_commpack_v01.geo
11183,ArchCormanWatchtowerV02,arch_corman_watchtower_v02.geo
11184,ArchCormanWatchtowerV03,arch_corman_watchtower_v03.geo
11185,TerraForeasCliffRocklarge01V01,terra_foreas_cliff_rock_large01_v01.geo
11186,ArchHumGenObjSandbags01V11,prop_hum_sandbags01V11.geo
11187,ArchHumOutpostBunkerV01,arch_hum_outpost_bunker_v03.geo
11188,VfxSmokePlumeTall5mx5m,vfx_smokeplume_tall_sm_v01.geo
11189,VfxSmokePlumeTall10mx10m,vfx_smokeplume_tall_med_v01.geo
11190,VfxSmokePlumeTall20mx20m,vfx_smokeplume_tall_lg_v01.geo
11191,TerraForeasCliffRockMed01V01,terra_foreas_cliff_rock_med01_v01.geo
11192,ArchCormanWatchtowerV02Destroyed,arch_corman_watchtower_v02_destroyed.geo
11195,TerraForeasCliffRockMed01V02,terra_foreas_cliff_rock_med01_v02.geo
11196,ItemElohLogosTarget,item_crate_hum_v01.geo
11198,ItemElohLogosMovement,item_crate_hum_v01.geo
11199,ItemElohLogosCommunication,item_crate_hum_v01.geo
11200,ItemElohLogosSummon,item_crate_hum_v01.geo
11201,ItemElohLogosHere,item_crate_hum_v01.geo
11202,ItemElohLogosSpeed,item_crate_hum_v01.geo
11203,ItemElohLogosTrap,item_crate_hum_v01.geo
11204,ItemElohLogosMind,item_crate_hum_v01.geo
11205,ArchHumGenRubbleMedV01,prop_hum_rubble_large_v01.geo
11206,ArchHumPipesystem45degree40mV01,arch_hum_pipesystem_45degree_40m_v01.geo
11207,ArchHumPipesystemElbow64mV01,arch_hum_pipesystem_elbow_64m_v01.geo
11208,ArchHumPipesystemElbow64mV02,arch_hum_pipesystem_elbow_64m_v02.geo
11209,ArchHumPipesystemStraight56mV01,arch_hum_pipesystem_straight_56m_v01.geo
11210,ArchHumPipesystemStraight56mV02,arch_hum_pipesystem_straight_56m_v02.geo
11211,ArchBaneVoroRoomV01,arch_bane_voro_room_v01.geo
11212,TerraForeasCliffRockLarge01V03,terra_foreas_cliff_rock_large01_v03.geo
11213,ArchHumBaseHolosignMobileDestroyed,prop_hum_sign_holo_mobile_v01_destroyed.geo
11214,ArchHumBaseHolosignForeasBaseDestroyed,prop_hum_sign_holo_v01_destroyed.geo
11215,ArchHumBaseHolosignHQ,prop_hum_sign_holo_v08.geo
11216,ArchHumBaseHolosignFoxtrotDestroyed,prop_hum_sign_holo_v07_destroyed.geo
11217,ArchHumBaseHolosignBarracks,prop_hum_sign_holo_v11.geo
11218,ArchHumBaseHolosignWormhole,prop_hum_sign_holo_v14.geo
11219,ArchHumBaseHolosignFrontlinesDestroyed,prop_hum_sign_holo_v03_destroyed.geo
11220,ArchHumPipesystemStraight16mV01,arch_hum_pipesystem_straight_16m_v01.geo
11221,ArchHumPipesystemStraight16mV02,arch_hum_pipesystem_straight_16m_v02.geo
11222,TerraForeasCliffRockLarge01V04,terra_foreas_cliff_rock_large01_v04.geo
11223,TerraForeasCliffRockLarge01V02,terra_foreas_cliff_rock_large01_v02.geo
11224,ArchHumGenRubbleLargeV01,prop_hum_rubble_med_v01.geo
11225,ArchBaneOutpostTrenchStraight8MV01,arch_bane_outpost_trench_straight_8m_v01.geo
11226,ArchBaneOutpostTrenchStraight16MV01,arch_bane_outpost_trench_straight_16m_v01.geo
11227,ArchBaneOutpostTrenchStraight32MV01,arch_bane_outpost_trench_straight_32m_v01.geo
11228,ArchBaneOutpostTrenchTurn90InV01,arch_bane_outpost_trench_turn_90_in_v01.geo
11229,ArchBaneOutpostTrenchTurn90OutV01,arch_bane_outpost_trench_turn_90_out_v01.geo
11230,MisElohValeExplosives,prop_hum_bomb_v01.geo
11231,VfxAriekiLavaHaze8x8,vfx_env_arieki_lava_river_haze_8m_v01.geo
11232,VfxAriekiLavaRiverDropoffSplash16m,vfx_env_arieki_lava_river_dropoff_splash_16m_v01.geo
11233,VfxAriekiLavaRiverDropoffSplash32m,vfx_env_arieki_lava_river_dropoff_splash_32m_v01.geo
11234,VfxAriekiLavaRiverDropoffSplash04m,vfx_env_arieki_lava_river_dropoff_splash_4m_v01.geo
11235,VfxAriekiLavaRiverDropoffSplash08m,vfx_env_arieki_lava_river_dropoff_splash_8m_v01.geo
11236,VfxAriekiLavaRiverFallsSplash04m,vfx_env_arieki_lava_river_falls_splash_4m_v01.geo
11237,VfxAriekiLavaRiverFallsSplash08m,vfx_env_arieki_lava_river_falls_splash_8m_v01.geo
11238,VfxAriekiLavaRiverFallsSplash16m,vfx_env_arieki_lava_river_falls_splash_16m_v01.geo
11239,VfxAriekiLavaRiverFallsSplash32m,vfx_env_arieki_lava_river_falls_splash_32m_v01.geo
11240,VfxAriekiLavaRiverFire02m,vfx_env_arieki_lava_river_fire_2m_v01.geo
11241,VfxAriekiLavaRiverFire04m,vfx_env_arieki_lava_river_fire_4m_v01.geo
11242,VfxAriekiLavaRiverFire08m,vfx_env_arieki_lava_river_fire_8m_v01.geo
11243,VfxAriekiLavaRiverFireBurst04m,vfx_env_arieki_lava_river_fireburst_4m_v02.geo
11244,VfxAriekiVolcanoMediumEternalV01,vfx_env_arieki_volcano_medium_eternal_v01.geo
11245,VfxAriekiLavaFireBurst04m,vfx_env_arieki_lava_river_fireburst_4m_v01.geo
11246,ArchBaneOutpostTrenchTurn120OutV01,arch_bane_outpost_trench_turn_120_out_v01.geo
11247,FloraForeasGenTree01FallenV01,flora_foreas_gen_tree01_fallen_v01.geo
11248,FloraForeasGenTree02FallenV02,flora_foreas_gen_tree02_fallen_v02.geo
11249,VfxWaterfall_Foam,vfx_waterfall_wake.geo
11250,FloraForeasGenTree02FallenV01,flora_foreas_gen_tree02_fallen_v01.geo
11251,FloraForeasGenTree01FallenV02,flora_foreas_gen_tree01_fallen_v02.geo
11252,VfxWaterfall_Foam_Small,vfx_waterfall_wake_small.geo
11253,TerraForeasCliffRockLarge01V05,terra_foreas_cliff_rock_large01_v05.geo
11254,ArchBaneExtractionChairEmptyV01,arch_bane_extraction_chair_v01.geo
11255,UsableInertDestBaneExtractionDroneV01,arch_bane_extraction_drone_v01.geo
11256,ArchBaneExtractionSensorsV01,arch_bane_extraction_sensors_v01.geo
11258,ArchBaneGenObjMedicalV01,prop_bane_medical_v01.geo
11259,ArchBaneGenObjResearchMachineV01,prop_bane_research_machine_v01.geo
11260,ArchBaneExteriorSmokestackV01,arch_bane_exterior_smokestack_v01.geo
11261,MisWildernessItemCarvedBoargarHorn,item_bio_organ_gen_v01.geo
11263,MisDivideItemTimoraBombs,prop_hum_bomb_v01.geo
11265,TestPlane,test_plane.geo
11266,VfxAriekiVolcanoGiantRandomV01,vfx_env_arieki_volcano_giant_random_v01.geo
11267,VfxAriekiVolcanoMediumRandomV01,vfx_env_arieki_volcano_medium_random_v01.geo
11268,VfxAriekiVolcanoSmallEternalV01,vfx_env_arieki_volcano_small_eternal_v01.geo
11269,VfxAriekiVolcanoSmallRandomV01,vfx_env_arieki_volcano_small_random_v01.geo
11270,VfxAriekiSmokeGiantEternalV01,vfx_env_arieki_smoke_giant_eternal_v01.geo
11271,VfxAriekiSmokeMediumEternalV01,vfx_env_arieki_smoke_medium_eternal_v01.geo
11272,VfxAriekiLavaFountainSmallV01,vfx_env_arieki_lava_fountain_small_v01.geo
11273,PropHmachinaCorpseArmV01,prop_hmachina_corpse_arm_v01.geo
11274,PropHmachinaCorpseHeadV01,prop_hmachina_corpse_head_v01.geo
11275,PropHmachinaCorpseLegV01,prop_hmachina_corpse_leg_v01.geo
11276,PropHmachinaCorpseTorsoV01,prop_hmachina_corpse_torso_v01.geo
11277,PropHmachinaCorpseWeaponV01,prop_hmachina_corpse_weapon_v01.geo
11278,ArchBaneIndustrialServiceRoom16m16mV02,arch_bane_industrial_service_room_16m_16m_v02.geo
11279,ArchBaneResearchBioTableV01,arch_bane_research_bio_table_v01.geo
11280,ArchBaneResearchBioPropV01,prop_bane_research_bio_v01.geo
11281,ArchBaneResearchBioPropV02,prop_bane_research_bio_v02.geo
11282,VfxAriekiLavaFountainMediumV01,vfx_env_arieki_lava_fountain_medium_v01.geo
11283,ArchHumGenObjSandbags01V12,prop_hum_sandbags01V12.geo
11284,ArchHumGenObjSandbags01V13,prop_hum_sandbags01V13.geo
11285,ArchHumGenObjSandbags01V14,prop_hum_sandbags01V14.geo
11286,VfxAriekiHeatDistortion16x16,vfx_env_arieki_heat_distortion_16x16_v01.geo
11287,VfxAriekiHeatDistortion32x32,vfx_env_arieki_heat_distortion_32x32_v01.geo
11288,VfxAriekiHeatDistortion64x32,vfx_env_arieki_heat_distortion_64x32_v01.geo
11289,VfxAriekiHeatDistortion64x64,vfx_env_arieki_heat_distortion_64x64_v01.geo
11290,VfxAriekiHeatDistortion32x16,vfx_env_arieki_heat_distortion_32x16_v01.geo
11291,TerraForeasGenRock01V09,terra_foreas_gen_rock01_v09.geo
11292,ArchHumOutpostBunkerV02,arch_hum_outpost_bunker_v04.geo
11293,VfxAriekiVolcanicDebris32m,vfx_env_arieki_volcanic_debris_32m.geo
11294,ArchHumTentGenericV01,arch_hum_tent_generic_01_v01.geo
11295,PropHumFCorpseV01,prop_hum_f_corpse_v01.geo
11296,PropHumFCorpseV02,prop_hum_f_corpse_v02.geo
11297,PropHumFCorpseV03,prop_hum_f_corpse_v03.geo
11298,PropHumFCorpseV04,prop_hum_f_corpse_v04.geo
11300,ArchBaneOutpostTrenchTurn120InV01,arch_bane_outpost_trench_turn_120_in_v01.geo
11301,PropHumMCorpseExtractionV01,prop_hum_m_extraction_chair_v01.geo
11302,Emplacement_AFS_Turret_Mini,prop_hum_turret_auto_mini.geo
11303,Creature_Human_Base_Turret_Mini_Base_Track,prop_hum_turret_auto_mini_trackbase.geo
11304,Creature_Human_Base_Turret_Mini_Base_Tripod,prop_hum_turret_auto_mini_stationarybase.geo
11305,ItemTestBaneKeyGeneric,item_keycard_bane_gen.geo
11306,ItemTestBaneKeyLevel01,item_keycard_v01_bane.geo
11307,ItemTestBaneKeyLevel02,item_keycard_v02_bane.geo
11308,ItemTestBaneKeyLevel03,item_keycard_v03_bane.geo
11309,UsableTwoStateBaneConsoleKeycardSlot,prop_bane_console_keycard_slot.geo
11310,MisWilderenessItemNPCRangerSilus,usable_td_corpse_forean_m_v01.geo
11311,UsableTreasureDispBaneCrateV03DELETE,item_crate_bane_v02.geo
11312,UsableTreasureDispBaneFoodCrateDELETEDUPE,item_crate_bane_v01.geo
11314,MisDivideItemBaneFood,item_canister_bane_v01.geo
11316,MisDivideItemBaneTranslator,item_machinepart_bane_v02.geo
11317,MisXenoLightbenderGland,item_bio_organ_gen_v01.geo
11318,ArchHumGenObjSandbagPosts01V01,prop_hum_sandbag_posts01V01.geo
11319,Boss_Voro_Mouth,creature_bane_voro_mouth_v01.geo
11320,NPC_Bane_Thrax_Technician,creature_thrax_technician_v01.geo
11321,ArchHumOutpostBunkerSandbagsV01,arch_hum_outpost_bunker_sandbags_v03.geo
11322,UsableTwoStateBaneConsoleKeypassScanner_DUPE,prop_bane_console_keypass_scanner.geo
11323,ArchHumOutpostBunkerSandbagsv02,arch_hum_outpost_bunker_sandbags_v04.geo
11324,ArchBaneAtmosphereGeneratorV01,arch_bane_atmosphere_generator_v01.geo
11327,ArchHumGenObjSandbags01V15,prop_hum_sandbags01V15.geo
11328,ArchHumGenObjSandbags01V16,prop_hum_sandbags01V16.geo
11329,FloraForeasInfectedTree01V01,flora_foreas_infected_tree01_v01.geo
11330,FloraForeasInfectedTree01V02,flora_foreas_infected_tree01_v02.geo
11331,FloraForeasInfectedTree01V03,flora_foreas_infected_tree01_v03.geo
11334,MisXenoAmoeboidCytoplasms,item_bio_goo_gen_v01.geo
11335,UsableNPCCormanComputerV01DELETEDUPE,prop_corman_computer_v01.geo
11341,Weapon_Avatar_LeechGun_Fire_CMN_29_to_33,hp_hum_densitygun_fire.geo
11350,Weapon_Avatar_LeechGun_Ice_CMN_29_to_33,hp_hum_densitygun_ice.geo
11358,Weapon_Avatar_LeechGun_Physical_CMN_29_to_33,hp_hum_densitygun_physical_v01.geo
11366,Weapon_Avatar_LeechGun_Virulent_CMN_29_to_33,hp_hum_densitygun_viral_v01.geo
11387,Weapon_Avatar_GrenadeLauncher_EMP_CMN_20_to_24,hp_hum_grenadelauncher_emp_v01.geo
11389,Weapon_Avatar_GrenadeLauncher_EMP_CMN_25_to_29,hp_hum_grenadelauncher_emp_v01.geo
11394,Weapon_Avatar_GrenadeLauncher_EMP_CMN_30_to_34,hp_hum_grenadelauncher_emp_v01.geo
11415,Weapon_Avatar_GrenadeLauncher_Fire_CMN_20_to_24,hp_hum_grenadelauncher_fire.geo
11417,Weapon_Avatar_GrenadeLauncher_Fire_CMN_25_to_29,hp_hum_grenadelauncher_fire.geo
11422,Weapon_Avatar_GrenadeLauncher_Fire_CMN_30_to_34,hp_hum_grenadelauncher_fire.geo
11442,Weapon_Avatar_GrenadeLauncher_Ice_CMN_20_to_24,hp_hum_grenadelauncher_ice.geo
11444,Weapon_Avatar_GrenadeLauncher_Ice_CMN_25_to_29,hp_hum_grenadelauncher_ice.geo
11449,Weapon_Avatar_GrenadeLauncher_Ice_CMN_30_to_34,hp_hum_grenadelauncher_ice.geo
11470,Weapon_Avatar_GrenadeLauncher_Physical_CMN_20_to_24,hp_hum_grenadelauncher_physical_v01.geo
11472,Weapon_Avatar_GrenadeLauncher_Physical_CMN_25_to_29,hp_hum_grenadelauncher_physical_v01.geo
11477,Weapon_Avatar_GrenadeLauncher_Physical_CMN_30_to_34,hp_hum_grenadelauncher_physical_v01.geo
11497,Weapon_Avatar_GrenadeLauncher_Sonic_CMN_20_to_24,hp_hum_grenadelauncher_sonic.geo
11499,Weapon_Avatar_GrenadeLauncher_Sonic_CMN_25_to_29,hp_hum_grenadelauncher_sonic.geo
11504,Weapon_Avatar_GrenadeLauncher_Sonic_CMN_30_to_34,hp_hum_grenadelauncher_sonic.geo
11515,Weapon_Avatar_InjectionGun_Electric_CMN_50_to_50,hp_hum_injectiongun_electric_v01.geo
11517,Weapon_Avatar_InjectionGun_Electric_CMN_17_to_21,hp_hum_injectiongun_electric_v01.geo
11520,Weapon_Avatar_InjectionGun_Electric_CMN_22_to_26,hp_hum_injectiongun_electric_v01.geo
11526,Weapon_Avatar_InjectionGun_Electric_CMN_27_to_31,hp_hum_injectiongun_electric_v01.geo
11559,RECYCLE_Weapon_Avatar_InjectionGun_Fire_15_to_16,hp_hum_injectiongun_fire_v01.geo
11561,Weapon_Avatar_InjectionGun_Fire_CMN_50_to_50,hp_hum_injectiongun_fire_v01.geo
11564,Weapon_Avatar_InjectionGun_Fire_CMN_22_to_26,hp_hum_injectiongun_fire_v01.geo
11570,Weapon_Avatar_InjectionGun_Fire_CMN_27_to_31,hp_hum_injectiongun_fire_v01.geo
11581,RECYCLE_Weapon_Avatar_InjectionGun_Ice_15_to_16,hp_hum_injectiongun_ice_v01.geo
11583,Weapon_Avatar_InjectionGun_Ice_CMN_50_to_50,hp_hum_injectiongun_ice_v01.geo
11586,Weapon_Avatar_InjectionGun_Ice_CMN_22_to_26,hp_hum_injectiongun_ice_v01.geo
11592,Weapon_Avatar_InjectionGun_Ice_CMN_27_to_31,hp_hum_injectiongun_ice_v01.geo
11603,Weapon_Avatar_InjectionGun_Virulent_CMN_15_to_16,hp_hum_injectiongun_viral.geo
11605,Weapon_Avatar_InjectionGun_Virulent_CMN_17_to_21,hp_hum_injectiongun_viral.geo
11608,Weapon_Avatar_InjectionGun_Virulent_CMN_22_to_26,hp_hum_injectiongun_viral.geo
11614,Weapon_Avatar_InjectionGun_Virulent_CMN_27_to_31,hp_hum_injectiongun_viral.geo
11623,RECYCLE_Weapon_Avatar_MachineGun_Electric_08_to_12,hp_hum_machinegun_electric.geo
11635,Weapon_Avatar_MachineGun_Electric_CMN_18_to_22,hp_hum_machinegun_electric.geo
11637,Weapon_Avatar_MachineGun_Electric_CMN_23_to_27,hp_hum_machinegun_electric.geo
11642,Weapon_Avatar_MachineGun_Electric_CMN_28_to_32,hp_hum_machinegun_electric.geo
11651,Weapon_Avatar_MachineGun_EMP_CMN_08_to_12,hp_hum_machinegun_emp.geo
11663,Weapon_Avatar_MachineGun_EMP_CMN_18_to_22,hp_hum_machinegun_emp.geo
11665,Weapon_Avatar_MachineGun_EMP_CMN_23_to_27,hp_hum_machinegun_emp.geo
11670,Weapon_Avatar_MachineGun_EMP_CMN_28_to_32,hp_hum_machinegun_emp.geo
11679,Weapon_Avatar_MachineGun_Laser_CMN_08_to_12,hp_hum_machinegun_laser_v01.geo
11691,Weapon_Avatar_MachineGun_Laser_CMN_18_to_22,hp_hum_machinegun_laser_v01.geo
11693,Weapon_Avatar_MachineGun_Laser_CMN_23_to_27,hp_hum_machinegun_laser_v01.geo
11698,Weapon_Avatar_MachineGun_Laser_CMN_28_to_32,hp_hum_machinegun_laser_v01.geo
11707,Weapon_Avatar_MachineGun_Physical_CMN_08_to_12,hp_hum_machinegun_physical.geo
11719,Weapon_Avatar_MachineGun_Physical_CMN_18_to_22,hp_hum_machinegun_physical.geo
11721,Weapon_Avatar_MachineGun_Physical_CMN_23_to_27,hp_hum_machinegun_physical.geo
11726,Weapon_Avatar_MachineGun_Physical_CMN_28_to_32,hp_hum_machinegun_physical.geo
11737,Weapon_Avatar_NetGun_Electric_CMN_15_to_15,hp_hum_netgun_electric_v01.geo
11739,Weapon_Avatar_NetGun_Electric_CMN_16_to_20,hp_hum_netgun_electric_v01.geo
11742,Weapon_Avatar_NetGun_Electric_CMN_21_to_25,hp_hum_netgun_electric_v01.geo
11748,Weapon_Avatar_NetGun_Electric_CMN_26_to_30,hp_hum_netgun_electric_v01.geo
11759,RECYCLE_Weapon_Avatar_NetGun_Fire_15_to_15,hp_hum_netgun_fire.geo
11761,Weapon_Avatar_NetGun_Fire_CMN_50_to_50,hp_hum_netgun_fire.geo
11764,Weapon_Avatar_NetGun_Fire_CMN_21_to_25,hp_hum_netgun_fire.geo
11770,Weapon_Avatar_NetGun_Fire_CMN_26_to_30,hp_hum_netgun_fire.geo
11781,RECYCLE_Weapon_Avatar_NetGun_Ice_15_to_15,hp_hum_netgun_ice_v01.geo
11783,Weapon_Avatar_NetGun_Ice_CMN_50_to_50,hp_hum_netgun_ice_v01.geo
11786,Weapon_Avatar_NetGun_Ice_CMN_21_to_25,hp_hum_netgun_ice_v01.geo
11792,Weapon_Avatar_NetGun_Ice_CMN_26_to_30,hp_hum_netgun_ice_v01.geo
11800,RECYCLE_Weapon_Avatar_Pistol_Electric_05_to_09,hp_hum_pistol_electric_v01.geo
11804,RECYCLE_Weapon_Avatar_Pistol_Electric_10_to_14,hp_hum_pistol_electric_v01.geo
11815,Weapon_Avatar_Pistol_Electric_CMN_20_to_24,hp_hum_pistol_electric_v01.geo
11817,Weapon_Avatar_Pistol_Electric_CMN_25_to_29,hp_hum_pistol_electric_v01.geo
11822,Weapon_Avatar_Pistol_Electric_CMN_30_to_34,hp_hum_pistol_electric_v01.geo
11830,Weapon_Avatar_Pistol_EMP_CMN_05_to_09,hp_hum_pistol_emp_v01.geo
11834,Weapon_Avatar_Pistol_EMP_CMN_10_to_14,hp_hum_pistol_emp_v01.geo
11845,Weapon_Avatar_Pistol_EMP_CMN_20_to_24,hp_hum_pistol_emp_v01.geo
11847,Weapon_Avatar_Pistol_EMP_CMN_25_to_29,hp_hum_pistol_emp_v01.geo
11852,Weapon_Avatar_Pistol_EMP_CMN_30_to_34,hp_hum_pistol_emp_v01.geo
11860,Weapon_Avatar_Pistol_Laser_CMN_05_to_09,hp_hum_pistol_laser.geo
11864,Weapon_Avatar_Pistol_Laser_CMN_10_to_14,hp_hum_pistol_laser.geo
11875,Weapon_Avatar_Pistol_Laser_CMN_20_to_24,hp_hum_pistol_laser.geo
11877,Weapon_Avatar_Pistol_Laser_CMN_25_to_29,hp_hum_pistol_laser.geo
11882,Weapon_Avatar_Pistol_Laser_CMN_30_to_34,hp_hum_pistol_laser.geo
11889,Weapon_Avatar_Pistol_Physical_CMN_05_to_09,hp_hum_pistol_physical_v01.geo
11893,Weapon_Avatar_Pistol_Physical_CMN_10_to_14,hp_hum_pistol_physical_v01.geo
11904,Weapon_Avatar_Pistol_Physical_CMN_20_to_24,hp_hum_pistol_physical_v01.geo
11906,Weapon_Avatar_Pistol_Physical_CMN_25_to_29,hp_hum_pistol_physical_v01.geo
11911,Weapon_Avatar_Pistol_Physical_CMN_30_to_34,hp_hum_pistol_physical_v01.geo
11918,RECYCLE_Weapon_Avatar_Pistol_Sonic_05_to_09,hp_hum_pistol_physical_v01.geo
11922,RECYCLE_Weapon_Avatar_Pistol_Sonic_10_to_14,hp_hum_pistol_physical_v01.geo
11933,Weapon_Avatar_Pistol_Sonic_CMN_20_to_24,hp_hum_pistol_physical_v01.geo
11935,Weapon_Avatar_Pistol_Sonic_CMN_25_to_29,hp_hum_pistol_physical_v01.geo
11940,Weapon_Avatar_Pistol_Sonic_CMN_30_to_34,hp_hum_pistol_physical_v01.geo
11951,Weapon_Avatar_PolarityGun_Electric_CMN_15_to_17,hp_hum_polaritygun_electric_v01.geo
11953,Weapon_Avatar_PolarityGun_Electric_CMN_18_to_22,hp_hum_polaritygun_electric_v01.geo
11956,Weapon_Avatar_PolarityGun_Electric_CMN_23_to_27,hp_hum_polaritygun_electric_v01.geo
11962,Weapon_Avatar_PolarityGun_Electric_CMN_28_to_32,hp_hum_polaritygun_electric_v01.geo
11973,RECYCLE_Weapon_Avatar_PolarityGun_Fire_15_TO_17,hp_hum_polaritygun_fire.geo
11975,Weapon_Avatar_PolarityGun_Fire_CMN_50_to_50,hp_hum_polaritygun_fire.geo
11978,Weapon_Avatar_PolarityGun_Fire_CMN_23_to_27,hp_hum_polaritygun_fire.geo
11984,Weapon_Avatar_PolarityGun_Fire_CMN_28_to_32,hp_hum_polaritygun_fire.geo
11995,RECYCLE_Weapon_Avatar_PolarityGun_Ice_15_TO_17,hp_hum_polaritygun_v01.geo
11997,Weapon_Avatar_PolarityGun_Ice_CMN_50_to_50,hp_hum_propellant_gun_ice.geo
12000,Weapon_Avatar_PolarityGun_Ice_CMN_23_to_27,hp_hum_propellant_gun_ice.geo
12006,Weapon_Avatar_PolarityGun_Ice_CMN_28_to_32,hp_hum_propellant_gun_ice.geo
12014,Weapon_Avatar_PropellantGun_EMP_CMN_30_to_31,hp_hum_propellant_gun_emp.geo
12022,Weapon_Avatar_PropellantGun_Fire_CMN_30_to_31,hp_hum_propellant_gun_fire.geo
12030,Weapon_Avatar_PropellantGun_Ice_CMN_30_to_31,hp_hum_propellant_gun_ice.geo
12038,Weapon_Avatar_PropellantGun_Sonic_CMN_30_to_31,hp_hum_propellant_gun_sonic.geo
12046,Weapon_Avatar_PropellantGun_Virulent_CMN_30_to_31,hp_hum_propellant_gun_viral.geo
12054,RECYCLE_Weapon_Avatar_Rifle_Electric_01_to_05,hp_hum_rifle_electric.geo
12058,RECYCLE_Weapon_Avatar_Rifle_Electric_06_to_10,hp_hum_rifle_electric.geo
12069,Weapon_Avatar_Rifle_Electric_CMN_16_to_20,hp_hum_rifle_electric.geo
12071,Weapon_Avatar_Rifle_Electric_CMN_21_to_25,hp_hum_rifle_electric.geo
12076,Weapon_Avatar_Rifle_Electric_CMN_26_to_30,hp_hum_rifle_electric.geo
12084,RECYCLE_Weapon_Avatar_Rifle_EMP_01_to_05,hp_hum_rifle_emp_v01.geo
12088,Weapon_Avatar_Rifle_EMP_CMN_06_to_10,hp_hum_rifle_emp_v01.geo
12099,Weapon_Avatar_Rifle_EMP_CMN_16_to_20,hp_hum_rifle_emp_v01.geo
12101,Weapon_Avatar_Rifle_EMP_CMN_21_to_25,hp_hum_rifle_emp_v01.geo
12106,Weapon_Avatar_Rifle_EMP_CMN_26_to_30,hp_hum_rifle_emp_v01.geo
12114,RECYCLE_Weapon_Avatar_Rifle_Laser_01_to_05,hp_hum_rifle_laser_v01.geo
12118,Weapon_Avatar_Rifle_Laser_CMN_06_to_10,hp_hum_rifle_laser_v01.geo
12129,Weapon_Avatar_Rifle_Laser_CMN_16_to_20,hp_hum_rifle_laser_v01.geo
12131,Weapon_Avatar_Rifle_Laser_CMN_21_to_25,hp_hum_rifle_laser_v01.geo
12136,Weapon_Avatar_Rifle_Laser_CMN_26_to_30,hp_hum_rifle_laser_v01.geo
12143,Weapon_Avatar_Rifle_Physical_CMN_01_to_05,hp_hum_rifle_physical_v01.geo
12147,Weapon_Avatar_Rifle_Physical_CMN_06_to_10,hp_hum_rifle_physical_v01.geo
12158,Weapon_Avatar_Rifle_Physical_CMN_16_to_20,hp_hum_rifle_physical_v01.geo
12160,Weapon_Avatar_Rifle_Physical_CMN_21_to_25,hp_hum_rifle_physical_v01.geo
12165,Weapon_Avatar_Rifle_Physical_CMN_26_to_30,hp_hum_rifle_physical_v01.geo
12172,RECYCLE_Weapon_Avatar_Rifle_Sonic_01_to_05,hp_hum_rifle_sonic_v01.geo
12176,RECYCLE_Weapon_Avatar_Rifle_Sonic_06_to_to_10,hp_hum_rifle_sonic_v01.geo
12187,Weapon_Avatar_Rifle_Sonic_CMN_16_to_20,hp_hum_rifle_sonic_v01.geo
12189,Weapon_Avatar_Rifle_Sonic_CMN_21_to_25,hp_hum_rifle_sonic_v01.geo
12194,Weapon_Avatar_Rifle_Sonic_CMN_26_to_30,hp_hum_rifle_sonic_v01.geo
12215,Weapon_Avatar_RocketLauncher_Electric_CMN_50_to_50,hp_hum_rocketlauncher_electric.geo
12217,Weapon_Avatar_RocketLauncher_Electric_CMN_19_to_23,hp_hum_rocketlauncher_electric.geo
12220,Weapon_Avatar_RocketLauncher_Electric_CMN_24_to_28,hp_hum_rocketlauncher_electric.geo
12226,Weapon_Avatar_RocketLauncher_Electric_CMN_29_to_33,hp_hum_rocketlauncher_electric.geo
12247,Weapon_Avatar_RocketLauncher_EMP_CMN_15_to_18,hp_hum_rocketlauncher_emp.geo
12249,Weapon_Avatar_RocketLauncher_EMP_CMN_19_to_23,hp_hum_rocketlauncher_emp.geo
12252,Weapon_Avatar_RocketLauncher_EMP_CMN_24_to_28,hp_hum_rocketlauncher_emp.geo
12258,Weapon_Avatar_RocketLauncher_EMP_CMN_29_to_33,hp_hum_rocketlauncher_emp.geo
12279,Weapon_Avatar_RocketLauncher_Laser_CMN_15_to_18,hp_hum_rocketlauncher_laser.geo
12281,Weapon_Avatar_RocketLauncher_Laser_CMN_19_to_23,hp_hum_rocketlauncher_laser.geo
12284,Weapon_Avatar_RocketLauncher_Laser_CMN_24_to_28,hp_hum_rocketlauncher_laser.geo
12290,Weapon_Avatar_RocketLauncher_Laser_CMN_29_to_33,hp_hum_rocketlauncher_laser.geo
12311,Weapon_Avatar_RocketLauncher_Physical_CMN_15_to_18,hp_hum_rocketlauncher_physical_v01.geo
12313,Weapon_Avatar_RocketLauncher_Physical_CMN_19_to_23,hp_hum_rocketlauncher_physical_v01.geo
12316,Weapon_Avatar_RocketLauncher_Physical_CMN_24_to_28,hp_hum_rocketlauncher_physical_v01.geo
12322,Weapon_Avatar_RocketLauncher_Physical_CMN_29_to_33,hp_hum_rocketlauncher_physical_v01.geo
12343,Weapon_Avatar_RocketLauncher_Sonic_CMN_15_to_18,hp_hum_rocketlauncher_sonic.geo
12345,Weapon_Avatar_RocketLauncher_Sonic_CMN_19_to_23,hp_hum_rocketlauncher_sonic.geo
12348,Weapon_Avatar_RocketLauncher_Sonic_CMN_24_to_28,hp_hum_rocketlauncher_sonic.geo
12354,Weapon_Avatar_RocketLauncher_Sonic_CMN_29_to_33,hp_hum_rocketlauncher_sonic.geo
12362,Weapon_Avatar_Shotgun_v1_EMP_CMN_50_to_50,hp_hum_shotgun_emp_v01.geo
12366,Weapon_Avatar_Shotgun_v1_EMP_CMN_07_to_11,hp_hum_shotgun_emp_v01.geo
12377,Weapon_Avatar_Shotgun_v1_EMP_CMN_17_to_21,hp_hum_shotgun_emp_v01.geo
12379,Weapon_Avatar_Shotgun_v1_EMP_CMN_22_to_26,hp_hum_shotgun_emp_v01.geo
12384,Weapon_Avatar_Shotgun_v1_EMP_CMN_27_to_31,hp_hum_shotgun_emp_v01.geo
12392,RECYCLE_Weapon_Avatar_Shotgun_Fire_02_to_06,hp_hum_shotgun_fire.geo
12396,RECYCLE_Weapon_Avatar_Shotgun_Fire_07_to_11,hp_hum_shotgun_fire.geo
12407,Weapon_Avatar_Shotgun_v1_Fire_CMN_50_to_50,hp_hum_shotgun_fire.geo
12409,Weapon_Avatar_Shotgun_v1_Fire_CMN_22_to_26,hp_hum_shotgun_fire.geo
12414,Weapon_Avatar_Shotgun_v1_Fire_CMN_27_to_31,hp_hum_shotgun_fire.geo
12422,RECYCLE_Weapon_Avatar_Shotgun_Ice_02_to_to_06,hp_hum_shotgun_ice.geo
12426,RECYCLE_Weapon_Avatar_Shotgun_Ice_07_to_to_11,hp_hum_shotgun_ice.geo
12437,Weapon_Avatar_Shotgun_v1_Ice_CMN_50_to_50,hp_hum_shotgun_ice.geo
12439,Weapon_Avatar_Shotgun_v1_Ice_CMN_22_to_26,hp_hum_shotgun_ice.geo
12444,Weapon_Avatar_Shotgun_v1_Ice_CMN_27_to_31,hp_hum_shotgun_ice.geo
12451,Weapon_Avatar_Shotgun_v1_Laser_CMN_50_to_50,hp_hum_shotgun_laser_v01.geo
12455,Weapon_Avatar_Shotgun_v1_Laser_CMN_07_to_11,hp_hum_shotgun_laser_v01.geo
12466,Weapon_Avatar_Shotgun_v1_Laser_CMN_17_to_21,hp_hum_shotgun_laser_v01.geo
12468,Weapon_Avatar_Shotgun_v1_Laser_CMN_22_to_26,hp_hum_shotgun_laser_v01.geo
12473,Weapon_Avatar_Shotgun_v1_Laser_CMN_27_to_31,hp_hum_shotgun_laser_v01.geo
12481,Weapon_Avatar_Shotgun_v1_Physical_CMN_02_to_06,hp_hum_shotgun_physical_v01.geo
12485,Weapon_Avatar_Shotgun_v1_Physical_CMN_07_to_11,hp_hum_shotgun_physical_v01.geo
12496,Weapon_Avatar_Shotgun_v1_Physical_CMN_17_to_21,hp_hum_shotgun_physical_v01.geo
12498,Weapon_Avatar_Shotgun_v1_Physical_CMN_22_to_26,hp_hum_shotgun_physical_v01.geo
12503,Weapon_Avatar_Shotgun_v1_Physical_CMN_27_to_31,hp_hum_shotgun_physical_v01.geo
12510,RECYCLE_Weapon_Avatar_Shotgun_Sonic_02_to_06,hp_hum_shotgun_sonic.geo
12514,Weapon_Avatar_Shotgun_v1_Sonic_CMN_50_to_50,hp_hum_shotgun_sonic.geo
12525,Weapon_Avatar_Shotgun_v1_Sonic_CMN_17_to_21,hp_hum_shotgun_sonic.geo
12527,Weapon_Avatar_Shotgun_v1_Sonic_CMN_22_to_26,hp_hum_shotgun_sonic.geo
12532,Weapon_Avatar_Shotgun_v1_Sonic_CMN_27_to_31,hp_hum_shotgun_sonic.geo
12540,Weapon_Avatar_Staff_Electric_CMN_30_to_34,hp_hum_staff_electric_v01.geo
12548,Weapon_Avatar_Staff_EMP_CMN_30_to_34,hp_hum_staff_emp_v01.geo
12556,Weapon_Avatar_Staff_Fire_CMN_30_to_34,hp_hum_staff_fire_v01.geo
12564,Weapon_Avatar_Staff_Ice_CMN_30_to_34,hp_hum_staff_ice_v01.geo
12572,Weapon_Avatar_Staff_Physical_CMN_30_to_34,hp_hum_staff_physical_v01.geo
12580,Weapon_Avatar_Staff_Virulent_CMN_30_to_34,hp_hum_staff_viral_v01.geo
12588,Weapon_Avatar_Blade_Electric_CMN_30_to_30,hp_hum_sword_electric_v01.geo
12596,Weapon_Avatar_Blade_Fire_CMN_30_to_30,hp_hum_sword_fire_v01.geo
12604,Weapon_Avatar_Blade_Ice_CMN_30_to_30,hp_hum_sword_ice_v01.geo
12612,Weapon_Avatar_Blade_Laser_CMN_30_to_30,hp_hum_sword_laser_v01.geo
12620,Weapon_Avatar_Blade_Physical_CMN_30_to_30,hp_hum_sword_v01.geo
12628,Weapon_Avatar_Torqueshell_Rifle_Electric_CMN_30_to_32,hp_hum_sniperrifle_electric.geo
12636,Weapon_Avatar_Torqueshell_Rifle_EMP_CMN_30_to_32,hp_hum_sniperrifle_emp.geo
12644,Weapon_Avatar_Torqueshell_Rifle_Laser_CMN_30_to_32,hp_hum_sniperrifle_laser.geo
12652,Weapon_Avatar_Torqueshell_Rifle_Physical_CMN_30_to_32,hp_hum_sniperrifle_physcial.geo
12660,Weapon_Avatar_Torqueshell_Rifle_Sonic_CMN_30_to_32,hp_hum_sniperrifle_sonic.geo
12668,FloraForeasInfectedTree01V04,flora_foreas_infected_tree01_v04.geo
12669,UsableItemDispElohLogosAroundV01,arch_eloh_logos_around_v01.geo
12670,UsableItemDispElohLogosBombV01,arch_eloh_logos_bomb_v01.geo
12671,UsableItemDispElohLogosChaosV01,arch_eloh_logos_chaos_v01.geo
12672,UsableItemDispElohLogosCloudV01,arch_eloh_logos_cloud_v01.geo
12673,UsableItemDispElohLogosCommunicationV01,arch_eloh_logos_communicate_v01.geo
12674,UsableItemDispElohLogosControlV01,arch_eloh_logos_control_v01.geo
12675,UsableItemDispElohLogosCorpseV01,arch_eloh_logos_corpse_v01.geo
12676,UsableItemDispElohLogosCreateV01,arch_eloh_logos_creation_v01.geo
12677,UsableItemDispElohLogosDefendV01,arch_eloh_logos_defend_v01.geo
12678,UsableItemDispElohLogosDisperseV01,arch_eloh_logos_dispersion_v01.geo
12679,UsableItemDispElohLogosEnclosureV01,arch_eloh_logos_enclosure_v01.geo
12680,UsableItemDispElohLogosEternityV01DELETEME,arch_eloh_logos_give_v01.geo
12681,UsableItemDispElohLogosForwardV01,arch_eloh_logos_foward_v01.geo
12682,UsableItemDispElohLogosFriendV01,arch_eloh_logos_friend_v01.geo
12683,UsableItemDispElohLogosGroundV01,arch_eloh_logos_ground_v01.geo
12684,UsableItemDispElohLogosHereV01,arch_eloh_logos_here_v01.geo
12685,UsableItemDispElohLogosLifeV01,arch_eloh_logos_life_v01.geo
12686,UsableItemDispElohLogosLightningV01,arch_eloh_logos_lightning_v01.geo
12687,UsableItemDispElohLogosMachineV01,arch_eloh_logos_machine_v01.geo
12688,UsableItemDispElohLogosManifestV01,arch_eloh_logos_manifest_v01.geo
12689,UsableItemDispElohLogosMindV01,arch_eloh_logos_mind_v01.geo
12690,UsableItemDispElohLogosMovementV01,arch_eloh_logos_movement_v01.geo
12691,UsableItemDispElohLogosNegativeV01,arch_eloh_logos_subtract_v01.geo
12692,UsableItemDispElohLogosPlantV01,arch_eloh_logos_plant_v01.geo
12693,UsableItemDispElohLogosSelfV01,arch_eloh_logos_me_v01.geo
12694,UsableItemDispElohLogosSeparateV01,arch_eloh_logos_seperated_v01.geo
12695,UsableItemDispElohLogosSpeedV01,arch_eloh_logos_speed_v01.geo
12696,UsableItemDispElohLogosSummonV01,arch_eloh_logos_summon_v01.geo
12697,UsableItemDispElohLogosTargetV01,arch_eloh_logos_target_v01.geo
12698,UsableItemDispElohLogosTimeV01,arch_eloh_logos_time_v01.geo
12699,UsableItemDispElohLogosTrapV01,arch_eloh_logos_trap_v01.geo
12700,UsableItemDispElohLogosVortexV01,arch_eloh_logos_vortex_v01.geo
12701,UsableItemDispElohLogosWeaveV01,arch_eloh_logos_weave_v01.geo
12702,VfxForeasLightraysConeWide,vfx_lightrays_cave_cone_v01.geo
12703,FloraForeasInfectedTree01V05,flora_foreas_infected_tree01_v05.geo
12704,VfxForeasCaveFog8x16,vfx_env_foreas_cave_fog_8x16.geo
12705,VfxForeasCaveFog16x16,vfx_env_foreas_cave_fog_16x16.geo
12706,VfxForeasCaveFog32x32,vfx_env_foreas_cave_fog_32x32.geo
12707,VfxForeasCaveFog64x64,vfx_env_foreas_cave_fog_64x64.geo
12708,ArchBaneIndustrialRoomContolBaseV01,test_dvargo_arch_bane_industrial_room_control_base.geo
12709,VfxWaterfallTrickle2m80mv01,vfx_water_trickle_2m_80m_v01.geo
12710,VfxWaterfallTrickle2m80mv02,vfx_water_trickle_2m_80m_v02.geo
12711,VfxForeasCaveHoleBloomV01,vfx_env_foreas_cave_hole_bloom_v01.geo
12712,FloraForeasInfectedStump02V01,flora_foreas_infected_stump01_v01.geo
12713,FloraForeasInfectedStump01V02,flora_foreas_infected_stump01_v02.geo
12714,MisWildernessItemAmmoShipment,item_crate_hum_v03.geo
12715,Tool_Avatar_Armor_Augmentation_05,hp_hum_armoraugment.geo
12720,Tool_Avatar_Armor_Augmentation_10,hp_hum_armoraugment.geo
12725,Tool_Avatar_Armor_Augmentation_15,hp_hum_armoraugment.geo
12730,Tool_Avatar_Armor_Augmentation_20,hp_hum_armoraugment.geo
12735,Tool_Avatar_Armor_Augmentation_25,hp_hum_armoraugment.geo
12740,Tool_Avatar_Armor_Augmentation_30,hp_hum_armoraugment.geo
12745,Tool_Avatar_Armor_Augmentation_35,hp_hum_armoraugment.geo
12750,Tool_Avatar_Armor_Augmentation_40,hp_hum_armoraugment.geo
12755,Tool_Avatar_Armor_Augmentation_45,hp_hum_armoraugment.geo
12760,Tool_Avatar_Armor_Augmentation_50,hp_hum_armoraugment.geo
12761,Tool_Avatar_Cipher_15,hp_hum_cipher.geo
12766,Tool_Avatar_Cipher_20,hp_hum_cipher.geo
12771,Tool_Avatar_Cipher_25,hp_hum_cipher.geo
12776,Tool_Avatar_Cipher_30,hp_hum_cipher.geo
12781,Tool_Avatar_Cipher_35,hp_hum_cipher.geo
12786,Tool_Avatar_Cipher_40,hp_hum_cipher.geo
12791,Tool_Avatar_Cipher_45,hp_hum_cipher.geo
12796,Tool_Avatar_Cipher_50,hp_hum_cipher.geo
12797,Tool_Avatar_Field_Repair_Direct_CMN_05_to_09,hp_hum_field_repair.geo
12802,Tool_Avatar_Field_Repair_Direct_CMN_10_to_14,hp_hum_field_repair.geo
12807,Tool_Avatar_Field_Repair_Direct_CMN_15_to_19,hp_hum_field_repair.geo
12812,Tool_Avatar_Field_Repair_Direct_CMN_20_to_24,hp_hum_field_repair.geo
12817,Tool_Avatar_Field_Repair_Direct_CMN_25_to_29,hp_hum_field_repair.geo
12822,Tool_Avatar_Field_Repair_Direct_CMN_30_to_34,hp_hum_field_repair.geo
12827,Tool_Avatar_Field_Repair_Direct_CMN_35_to_39,hp_hum_field_repair.geo
12832,Tool_Avatar_Field_Repair_Direct_CMN_40_to_44,hp_hum_field_repair.geo
12837,Tool_Avatar_Field_Repair_Direct_CMN_45_to_49,hp_hum_field_repair.geo
12842,Tool_Avatar_Field_Repair_Direct_CMN_50_to_50,hp_hum_field_repair.geo
12850,Tool_Avatar_Healing_Disc_Direct_CMN_15_to_19,hp_hum_tool_healing_disc_v01.geo
12854,Tool_Avatar_Healing_Disc_Direct_CMN_20_to_24,hp_hum_tool_healing_disc_v01.geo
12858,Tool_Avatar_Healing_Disc_Direct_CMN_25_to_29,hp_hum_tool_healing_disc_v01.geo
12862,Tool_Avatar_Healing_Disc_Direct_CMN_30_to_34,hp_hum_tool_healing_disc_v01.geo
12867,Tool_Avatar_Healing_Disc_Direct_CMN_35_to_39,hp_hum_tool_healing_disc_v01.geo
12872,Tool_Avatar_Healing_Disc_Direct_CMN_40_to_44,hp_hum_tool_healing_disc_v01.geo
12877,Tool_Avatar_Healing_Disc_Direct_CMN_45_to_49,hp_hum_tool_healing_disc_v01.geo
12882,Tool_Avatar_Healing_Disc_Direct_CMN_50_to_50,hp_hum_tool_healing_disc_v01.geo
12883,Tool_Avatar_Salvage_30,hp_hum_salvage_extract.geo
12888,Tool_Avatar_Salvage_35,hp_hum_salvage_extract.geo
12893,Tool_Avatar_Salvage_40,hp_hum_salvage_extract.geo
12898,Tool_Avatar_Salvage_45,hp_hum_salvage_extract.geo
12903,Tool_Avatar_Salvage_50,hp_hum_salvage_extract.geo
12904,Tool_Avatar_Tissue_Extractor_15,hp_hum_tissue_extract.geo
12909,Tool_Avatar_Tissue_Extractor_20,hp_hum_tissue_extract.geo
12914,Tool_Avatar_Tissue_Extractor_25,hp_hum_tissue_extract.geo
12919,Tool_Avatar_Tissue_Extractor_30,hp_hum_tissue_extract.geo
12924,Tool_Avatar_Tissue_Extractor_35,hp_hum_tissue_extract.geo
12929,Tool_Avatar_Tissue_Extractor_40,hp_hum_tissue_extract.geo
12934,Tool_Avatar_Tissue_Extractor_45,hp_hum_tissue_extract.geo
12939,Tool_Avatar_Tissue_Extractor_50,hp_hum_tissue_extract.geo
12949,RECYCLE_Weapon_Avatar_MachineGun_Electric_05_to_07,hp_hum_machinegun_electric.geo
12950,Weapon_Avatar_MachineGun_EMP_CMN_05_to_07,hp_hum_machinegun_emp.geo
12951,Weapon_Avatar_MachineGun_Laser_CMN_05_to_07,hp_hum_machinegun_laser_v01.geo
12952,Weapon_Avatar_MachineGun_Physical_CMN_05_to_07,hp_hum_machinegun_physical.geo
12979,UsableTwoStateBaneWaypointV01,arch_bane_waypoint_v01.geo
12980,FloraForeasBillboardTree01V01,flora_foreas_billboard_tree01_v01.geo
12981,UsableInertDestBaneFuelDepotTankV01,arch_bane_fuel_depot_tank_v01.geo
12982,UsableTwoStateBaneConsoleClearanceLvl01Display,prop_bane_console_monitor_access_v01.geo
12983,UsableTwoStateBaneConsoleClearanceLvl02Display,prop_bane_console_monitor_access_v02.geo
12984,UsableTwoStateBaneConsoleClearanceLvl03Display,prop_bane_console_monitor_access_v03.geo
12985,UsableTwoStateBaneConsoleMonitorCameraBroken,prop_bane_console_monitor_camera_lg_broken.geo
12986,UsableTwoStateBaneConsoleMonitorCameraLgV01,prop_bane_console_monitor_camera_lg_v01.geo
12987,UsableTwoStateBaneConsoleMonitorCameraLgV02,prop_bane_console_monitor_camera_lg_v02.geo
12988,UsableTwoStateBaneConsoleMonitorCameraLgV03,prop_bane_console_monitor_camera_lg_v03.geo
12989,UsableTwoStateBaneConsoleMonitorCameraLgV04,prop_bane_console_monitor_camera_lg_v04.geo
12991,UsableInertDestBaneFuelDepotFuelV01,arch_bane_fuel_depot_fuel_v01max.geo
12993,UsableTwoStateBaneFuelDepotTankFireV01,arch_bane_fuel_depot_tank_fire_v01max.geo
12994,FloraForeasCropCarrotV01,flora_foreas_crop_carrot_v01.geo
12995,FloraForeasCropCornV01,flora_foreas_crop_corn_v01.geo
12996,FloraForeasCropTeeksV01,flora_foreas_crop_teeks_v01.geo
12997,UsableTwoStateBaneFuelDepotTankForcefieldV01,arch_bane_fuel_depot_tank_forcefield_v01max.geo
12998,UsableInertDestBaneFuelDepotTankPumpV01,arch_bane_fuel_depot_tank_pump_v01.geo
13001,Mis_Incline_Stalker_Plasma_Core,item_bio_organ_bane_v01.geo
13002,FloraForeasGenFlower01V01,flora_foreas_gen_flower01_V01.geo
13003,FloraForeasGenFlower02V01,flora_foreas_gen_flower02_V01.geo
13004,FloraForeasGenFlower03V01,flora_foreas_gen_flower03_V01.geo
13006,Ability_Carpet_Bomb,vfx_ability_fire_support_object_geo.geo
13007,TerraForeasTreemiteMoundv01,terra_foreas_treemite_mound_v01_01.geo
18094,TerraForeasTreemiteMoundV02,terra_foreas_treemite_mound_v02.geo
18152,TerraForeasTreemiteMoundV03,terra_foreas_treemite_mound_v03.geo
18300,TerraForeasTreemiteMoundV04,terra_foreas_treemite_mound_v04.geo
20267,TerraForeasTreemiteMoundV05,terra_foreas_treemite_mound_v05.geo
20268,FloraForeasCropCurlyV01,flora_foreas_crop_curly_v01.geo
20269,FloraForeasCropPolupsV01,flora_foreas_crop_polups_v01.geo
20270,FloraForeasCropWeed01,flora_foreas_crop_weed01_v01.geo
20271,Mis_Incline_Bomb_Turret_Power,prop_hum_bomb_v01.geo
20272,UsableAbilityTemporaryWormhole,vfx_ability_wormhole_orb.geo
20273,VfxWaterSplash2m2mV01,vfx_water_splash_2m_2m_v01.geo
20274,ArchHumGenObjWeaponcaseV01,prop_hum_weaponcase_v01.geo
20275,UsableTwoStateHumGenObjHoloDisplayWeaponV01,prop_hum_holo_display_weapon_v01.geo
20277,Loot_Junk_Boargar_Tusk,ammo_gas_v01.geo
20279,Loot_Junk_Anti_Grav_Pulse_Unit,ammo_gas_v01.geo
20280,Loot_Junk_Bio_Aug_Arm,ammo_gas_v01.geo
20281,Loot_Junk_Boargar_Sacrum,ammo_gas_v01.geo
20282,Loot_Junk_Broken_Shield_Emitter,ammo_gas_v01.geo
20283,Loot_Junk_Cherenkov_Radioactive_Material,ammo_gas_v01.geo
20284,Loot_Junk_Filcher_Cochlea,ammo_gas_v01.geo
20285,Loot_Junk_Filcher_Wing,ammo_gas_v01.geo
20286,Loot_Junk_Fithik_Adiabatic_Membrane,ammo_gas_v01.geo
20287,Loot_Junk_Fithik_Ovipositor,ammo_gas_v01.geo
20288,Loot_Junk_Howler_Unguis,ammo_gas_v01.geo
20289,Loot_Junk_Inertial_Measurement_Unit,ammo_gas_v01.geo
20290,Loot_Junk_Ligand_Analyzer,ammo_gas_v01.geo
20291,Loot_Junk_Mafenide,ammo_gas_v01.geo
20292,Loot_Junk_Meta_Material,ammo_gas_v01.geo
20293,Loot_Junk_Miasma_Ganglion,ammo_gas_v01.geo
20294,Loot_Junk_Miasma_Levitator,ammo_gas_v01.geo
20295,Loot_Junk_Microbial_Fuel_Cell,ammo_gas_v01.geo
20296,Loot_Junk_Micromech_Infected_Brain,ammo_gas_v01.geo
20297,Loot_Junk_Micromech_Purkinje_Cell,ammo_gas_v01.geo
20298,Loot_Junk_Nano_Units,ammo_gas_v01.geo
20299,Loot_Junk_Neuro_Tractor,ammo_gas_v01.geo
20300,Loot_Junk_Nutation_Corrector,ammo_gas_v01.geo
20301,Loot_Junk_Operant_Condition_Device,ammo_gas_v01.geo
20302,Loot_Junk_Phosphate,ammo_gas_v01.geo
20303,Loot_Junk_Sodium_Hydroxide,ammo_gas_v01.geo
20304,Loot_Junk_Synthetic_Antimicrobial,ammo_gas_v01.geo
20305,Loot_Junk_Tensor_Field_Disruption_Unit,ammo_gas_v01.geo
20306,Loot_Junk_Thrax_Medal,ammo_gas_v01.geo
20307,Loot_Junk_Thrax_Skull,ammo_gas_v01.geo
20308,Loot_Junk_Tree_Lurker_Epidermis,ammo_gas_v01.geo
20309,Loot_Junk_Tree_Lurker_Keratin,ammo_gas_v01.geo
20310,Loot_Junk_Treeback_Dendritic_Spine,ammo_gas_v01.geo
20311,Loot_Junk_Treeback_Periderm,ammo_gas_v01.geo
20312,Loot_Junk_Treemite_Fibrocartilage,ammo_gas_v01.geo
20313,Loot_Junk_Treemite_Zootoxin,ammo_gas_v01.geo
20314,Loot_Junk_Vacuum_Wavelength_Condensor_Unit,ammo_gas_v01.geo
20315,Loot_Junk_W_and_Z_Boson_Drive,ammo_gas_v01.geo
20316,Loot_Junk_Warnet_Aerofoil,ammo_gas_v01.geo
20317,Loot_Junk_Warnet_Hemolymph,ammo_gas_v01.geo
20318,Loot_Junk_Xanx_Brainstem,ammo_gas_v01.geo
20319,Loot_Junk_Xanx_Thorax_Piece,ammo_gas_v01.geo
20320,ArchHumGenObjCounterWeaponV01,prop_hum_counter_weapon_v01.geo
20321,ArchHumGenObjCounterWeaponV02,prop_hum_counter_weapon_v02.geo
20322,FloraForeasTreeChee01V01,flora_foreas_tree_chee01_v01.geo
20323,FloraForeasTreeChee01V02,flora_foreas_tree_chee01_v02.geo
20324,ArchHumGenObjWeaponsopGunsV01,prop_hum_weaponshop_guns_v01.geo
20325,ArchHumGenObjWeaponshopItemsV01,prop_hum_weaponshop_items_v01.geo
20326,ArchHumGenObjCounterWeaponV03,prop_hum_counter_weapon_v03.geo
20327,ArchCormanAntennaArray,arch_corman_antenna_array_v01.geo
20328,ArchCormanCapacitor,arch_corman_capacitor_v01.geo
20329,ArchCormanEmergencyWaterPump,arch_corman_emergency_water_pump_v01.geo
20330,ArchCormanGenerator,arch_corman_generator_v01.geo
20331,ArchCormanHydroponics,arch_corman_hydroponics_v01.geo
20332,ArchCormanIrrigation,arch_corman_irrigation_v01.geo
20333,ArchCormanSolarArray,arch_corman_solar_array_v01.geo
20334,ArchCormanStorageShed,arch_corman_storage_shed_v01.geo
20335,ArchCormanVentilation,arch_corman_ventilation_v01.geo
20336,ArchCormanWaterPump,arch_corman_water_pump_v01.geo
20337,ArchHumGenObjMechgunV01,prop_hum_mechgun_v01.geo
20338,ArchHumGenObjMechmissilesV01,prop_hum_mechmissiles_v01.geo
20339,ArchHumGenObjWeaponshopItemsV02,prop_hum_weaponshop_items_v02.geo
20340,ArchHumOutpostTrenchBunkerV02Destroyed,arch_hum_outpost_trench_bunker_v06_destroyed.geo
20342,ArchHumGenObjArmorcaseV01,prop_hum_armorcase_v01.geo
20343,MisDivideItemMessageBottleData,item_keycard_bane_gen.geo
20344,ArchCormanGenObjSolarpanelV02,prop_corman_solarpanel_v02.geo
20346,ArchCormanGenObjDrillV02,prop_corman_drill_v02.geo
20353,ArchHumGenObjCounterArmorV02,prop_hum_counter_armor_v02.geo
20354,ArchHumOutpostFenceStraight8V02Destroyed,arch_hum_outpost_fence_straight_8_v05_destroyed.geo
20355,UsableTwoStateHumGenObjHoloDisplayWeaponV02,prop_hum_holo_display_weapon_v01.geo
20356,UsableTwoStateHumGenObjHoloDisplayWeaponV03,prop_hum_holo_display_weapon_v01.geo
20357,UsableTwoStateHumGenObjHoloDisplayWeaponV04,prop_hum_holo_display_weapon_v01.geo
20358,UsableTreasureDispDELETEV02,prop_hum_gps_beacon_v01.geo
20359,Ability_Bane_Turret,vfx_creature_thrax_technician_turret_deployable_v01.geo
20360,ArchHumGenObjCounterArmorV01,prop_hum_counter_armor_v01.geo
20361,ArchHumGenObjCrateAmo01V02,prop_hum_crate_amo01_V02.geo
20362,ArchHumGenObjCrateMedical01V02,prop_hum_crate_medical01_V02.geo
20363,ArchHumGenObjCrateSupplies01V02,prop_hum_crate_supplies01_V02.geo
20364,ArchHumGenObjArmorshopItemsV01,prop_hum_armorshop_items_v01.geo
20365,CreatureSwap_Mutalis_Soldier_1_Head,creature_mycon_mutalis_soldier_head_v01.geo
20366,ArchHumGenObjArmorshopItemsV02,prop_hum_armorshop_items_v02.geo
20367,UsableTwoStateHumGenObjHoloDisplayArmorV01,prop_hum_holo_display_weapon_v01.geo
20368,UsableTwoStateHumGenObjHoloDisplayArmorV02,prop_hum_holo_display_weapon_v01.geo
20369,UsableTwoStateHumGenObjHoloDisplayArmorV03,prop_hum_holo_display_weapon_v01.geo
20370,UsableTwoStateHumGenObjHoloDisplayArmorV04,prop_hum_holo_display_weapon_v01.geo
20371,ArchHumGenOjbBarrelOil01V02,prop_hum_barrel_oil01_V02.geo
20372,ArchHumGenObjBarrelHazmat01V02,prop_hum_barrel_hazmat01_V02.geo
20373,ArchHumGenObjBarrelHazmat01V03,prop_hum_barrel_hazmat01_V03.geo
20374,ArchHumGenObjBarrelOil01V03,prop_hum_barrel_oil01_V03.geo
20375,ArchHumGenObjCrateAmo01V03,prop_hum_crate_amo01_V03.geo
20376,ArchHumGenObjCrateMedical01V03,prop_hum_crate_medical01_V03.geo
20377,ArchHumGenObjCrateSupplies01V03,prop_hum_crate_supplies01_V03.geo
20378,Mis_Incline_Terrorist_Data,item_datablock_hum.geo
20379,ArchBaneGenObjJuggernautV01,prop_bane_juggernaut_v01.geo
20380,PropHumFMannequinArmorHeavyV01,prop_hum_f_mannequin_armor_heavy_v01.geo
20381,PropHumFMannequinArmorMediumV01,prop_hum_f_mannequin_armor_medium_v01.geo
20382,PropHumMMannequinArmorHeavyV01,prop_hum_m_mannequin_armor_heavy_v01.geo
20383,PropHumMMannequinArmorMediumV01,prop_hum_m_mannequin_armor_medium_v01.geo
20384,VfxBloodDecalsv01,vfx_blood_decal_v01.geo
20385,VfxFire4mx4m,vfx_generic_fire_4m.geo
20386,VfxFire2mx2m,vfx_generic_fire_2m.geo
20387,VfxFire8mx8m,vfx_generic_fire_8m.geo
20388,FloraForeasGenTree01BrokenV01,flora_foreas_gen_tree01_broken_v01.geo
20389,SkyAriekiDefaultSunGlow,sky_arieki_default_sun_glow.geo
20390,VfxBloodDecalsv02,vfx_blood_decal_v02.geo
20391,VfxBloodDecalsv03,vfx_blood_decal_v03.geo
20392,VfxBloodDecalsv04,vfx_blood_decal_v04.geo
20393,VfxBloodDecalsv05,vfx_blood_decal_v05.geo
20394,VfxBloodDecalsv06,vfx_blood_decal_v06.geo
20395,VfxBloodDecalsv07,vfx_blood_decal_v07.geo
20396,VfxBloodDecalsv08,vfx_blood_decal_v08.geo
20397,VfxBloodDecalsv09,vfx_blood_decal_v09.geo
20398,VfxBloodDecalsv10,vfx_blood_decal_v10.geo
20399,VfxBloodDecalsv11,vfx_blood_decal_v11.geo
20400,VfxBloodDecalsv12,vfx_blood_decal_v12.geo
20401,VfxBloodDecalsv13,vfx_blood_decal_v13.geo
20402,VfxBloodDecalsv14,vfx_blood_decal_v14.geo
20403,VfxBloodDecalsv15,vfx_blood_decal_v15.geo
20404,VfxBloodDecalsv16,vfx_blood_decal_v16.geo
20405,VfxBloodDecalsv17,vfx_blood_decal_v17.geo
20406,VfxBloodDecalsv18,vfx_blood_decal_v18.geo
20407,VfxBloodDecalsv19,vfx_blood_decal_v19.geo
20408,VfxBloodDecalsv20,vfx_blood_decal_v20.geo
20409,VfxBloodDecalsv21,vfx_blood_decal_v21.geo
20410,VfxBloodDecalsv22,vfx_blood_decal_v22.geo
20411,VfxBloodDecalsv23,vfx_blood_decal_v23.geo
20412,ArchBaneTripWireEmitter,prop_bane_tripwire_emitters.geo
20413,VfxExtractionChairBlood2,vfx_extraction_chair_blood_v01.geo
20414,FloraForeasGenTreesBroken01V02,flora_foreas_gen_broken_trees01_V02.geo
20415,FloraForeasGenTreesBroken01V03,flora_foreas_gen_broken_trees01_V03.geo
20416,FloraForeasGenTreesBroken01V04,flora_foreas_gen_broken_trees01_V04.geo
20417,FloraForeasGenTreesBroken01V05,flora_foreas_gen_broken_trees01_V05.geo
20418,FloraForeasGenGrass02V01,flora_foreas_gen_grass02_v01.geo
20419,FloraForeasGenGrass03V01,flora_foreas_gen_grass03_v01.geo
20420,FloraForeasGenGrass03V02,flora_foreas_gen_grass03_v02.geo
20421,FloraForeasGenGrass04V01,flora_foreas_gen_grass04_v01.geo
20422,FloraForeasGenPlant02V03,flora_foreas_gen_plant02_v03.geo
20423,RECYCLE_Weapon_Avatar_LeechGun_Fire_05_to_08,hp_hum_densitygun_fire.geo
20428,RECYCLE_Weapon_Avatar_LeechGun_Fire_09_to_13,hp_hum_densitygun_fire.geo
20435,Weapon_Avatar_LeechGun_Fire_CMN_50_to_50,hp_hum_densitygun_fire.geo
20439,Weapon_Avatar_LeechGun_Fire_CMN_24_to_28,hp_hum_densitygun_fire.geo
20442,RECYCLE_Weapon_Avatar_LeechGun_Ice_05_to_08,hp_hum_densitygun_ice.geo
20447,RECYCLE_Weapon_Avatar_LeechGun_Ice_09_to_13,hp_hum_densitygun_ice.geo
20454,Weapon_Avatar_LeechGun_Ice_CMN_50_to_50,hp_hum_densitygun_ice.geo
20458,Weapon_Avatar_LeechGun_Ice_CMN_24_to_28,hp_hum_densitygun_ice.geo
20461,Weapon_Avatar_LeechGun_Physical_CMN_05_to_08,hp_hum_densitygun_physical_v01.geo
20466,Weapon_Avatar_LeechGun_Physical_CMN_09_to_13,hp_hum_densitygun_physical_v01.geo
20473,Weapon_Avatar_LeechGun_Physical_CMN_19_to_23,hp_hum_densitygun_physical_v01.geo
20477,Weapon_Avatar_LeechGun_Physical_CMN_24_to_28,hp_hum_densitygun_physical_v01.geo
20480,RECYCLE_Weapon_Avatar_LeechGun_Virulent_05_to_08,hp_hum_densitygun_viral_v01.geo
20485,Weapon_Avatar_LeechGun_Virulent_CMN_50_to_50,hp_hum_densitygun_viral_v01.geo
20492,Weapon_Avatar_LeechGun_Virulent_CMN_19_to_23,hp_hum_densitygun_viral_v01.geo
20496,Weapon_Avatar_LeechGun_Virulent_CMN_24_to_28,hp_hum_densitygun_viral_v01.geo
20499,ArchHumCorrRoomCenter64mV01,arch_hum_corr_room_center_64m_v02.geo
20500,FloraForeasGenPlant02V03far,flora_foreas_gen_plant02_V03_far.geo
20502,ArchHumCorrRoomCornerOut64mV01,arch_hum_corr_room_corner_out_64m_v02.geo
20503,Mis_Incline_Sabotage_Bomb,prop_hum_bomb_v01.geo
20504,ArchHumCorrRoomCenter32mV01,arch_hum_corr_room_center_32m_v02.geo
20505,ArchHumCorrRoomStriaght32mV01,arch_hum_corr_room_straight_32m_v02.geo
20507,PropHumFCorpseExtractionV01,prop_hum_f_extraction_chair_v01.geo
20509,ArchHumCorrRoomStraight64mV04,arch_hum_corr_room_straight_64m_v10.geo
20510,ArchBaneShardSpikeV01,arch_bane_shard_spike_v01.geo
20511,ArchBaneShardSpikeV02,arch_bane_shard_spike_v02.geo
20512,ArchBaneShardSpikeV03,arch_bane_shard_spike_v03.geo
20513,ArchBaneShardSpikeV04,arch_bane_shard_spike_v04.geo
20514,MisGuardPromItemBomb,prop_hum_bomb_v01.geo
20519,Weapon_Human_Redshirt_LeechGun_Fire,hp_hum_densitygun_fire.geo
20520,Weapon_Human_Redshirt_LeechGun_Ice,hp_hum_densitygun_ice.geo
20521,Weapon_Human_Redshirt_LeechGun_Physical,hp_hum_densitygun_physical_v01.geo
20522,Weapon_Human_Redshirt_LeechGun_Virulent,hp_hum_densitygun_viral_v01.geo
20523,Weapon_Human_Redshirt_GrenadeLauncher_EMP,hp_hum_grenadelauncher_emp_v01.geo
20524,Weapon_Human_Redshirt_GrenadeLauncher_Fire,hp_hum_grenadelauncher_fire.geo
20525,Weapon_Human_Redshirt_GrenadeLauncher_Ice,hp_hum_grenadelauncher_ice.geo
20526,Weapon_Human_Redshirt_GrenadeLauncher_Physical,hp_hum_grenadelauncher_physical_v01.geo
20527,Weapon_Human_Redshirt_GrenadeLauncher_Sonic,hp_hum_grenadelauncher_sonic.geo
20528,Weapon_Human_Redshirt_InjectionGun_Electric,hp_hum_injectiongun_electric_v01.geo
20529,Weapon_Human_Redshirt_InjectionGun_EMP,hp_hum_injectiongun_emp.geo
20530,Weapon_Human_Redshirt_InjectionGun_Fire,hp_hum_injectiongun_fire_v01.geo
20531,Weapon_Human_Redshirt_InjectionGun_Ice,hp_hum_injectiongun_ice_v01.geo
20532,Weapon_Human_Redshirt_MachineGun_Electric,hp_hum_machinegun_electric.geo
20533,Weapon_Human_Redshirt_MachineGun_EMP,hp_hum_machinegun_emp.geo
20534,Weapon_Human_Redshirt_MachineGun_Laser,hp_hum_machinegun_laser_v01.geo
20535,Weapon_Human_Redshirt_MachineGun_Physical,hp_hum_machinegun_physical.geo
20536,Weapon_Human_Redshirt_NetGun_Electric,hp_hum_netgun_electric_v01.geo
20537,Weapon_Human_Redshirt_NetGun_Fire,hp_hum_netgun_fire.geo
20538,Weapon_Human_Redshirt_NetGun_Ice,hp_hum_netgun_ice_v01.geo
20539,Weapon_Human_Redshirt_Pistol_Electric,hp_hum_pistol_electric_v01.geo
20540,Weapon_Human_Redshirt_Pistol_EMP,hp_hum_pistol_emp_v01.geo
20541,Weapon_Human_Redshirt_Pistol_Sonic,hp_hum_pistol_physical_v01.geo
20542,Weapon_Human_Redshirt_PolarityGun_Electric,hp_hum_polaritygun_electric_holster.geo
20543,Weapon_Human_Redshirt_PolarityGun_Fire,hp_hum_polaritygun_fire.geo
20544,Weapon_Human_Redshirt_PolarityGun_Ice,hp_hum_polaritygun_v01.geo
20545,Weapon_Human_Redshirt_PropellantGun_EMP,hp_hum_propellant_gun_emp.geo
20546,Weapon_Human_Redshirt_PropellantGun_Fire,hp_hum_propellant_gun_fire.geo
20547,Weapon_Human_Redshirt_PropellantGun_Ice,hp_hum_propellant_gun_ice.geo
20548,Weapon_Human_Redshirt_PropellantGun_Sonic,hp_hum_propellant_gun_sonic.geo
20549,Weapon_Human_Redshirt_PropellantGun_Virulent,hp_hum_propellant_gun_viral.geo
20550,Weapon_Human_Redshirt_Rifle_Electric,hp_hum_rifle_electric.geo
20551,Weapon_Human_Redshirt_Rifle_EMP,hp_hum_rifle_emp_v01.geo
20552,Weapon_Human_Redshirt_Rifle_Sonic,hp_hum_rifle_sonic_v01.geo
20553,Weapon_Human_Redshirt_RocketLauncher_Electric,hp_hum_rocketlauncher_electric.geo
20554,Weapon_Human_Redshirt_RocketLauncher_EMP,hp_hum_rocketlauncher_emp.geo
20555,Weapon_Human_Redshirt_RocketLauncher_Sonic,hp_hum_rocketlauncher_sonic.geo
20556,Weapon_Human_Redshirt_Shotgun_EMP,hp_hum_shotgun_emp_v01.geo
20557,Weapon_Human_Redshirt_Shotgun_Fire,hp_hum_shotgun_fire.geo
20558,Weapon_Human_Redshirt_Shotgun_Ice,hp_hum_shotgun_ice.geo
20559,Weapon_Human_Redshirt_Shotgun_Laser,hp_hum_shotgun_laser_v01.geo
20560,Weapon_Human_Redshirt_Shotgun_Physical,hp_hum_shotgun_physical_v01.geo
20561,Weapon_Human_Redshirt_Shotgun_Sonic,hp_hum_shotgun_sonic.geo
20562,Weapon_Human_Redshirt_Staff_Electric,hp_hum_staff_electric_v01.geo
20563,Weapon_Human_Redshirt_Staff_EMP,hp_hum_staff_emp_v01.geo
20564,Weapon_Human_Redshirt_Staff_Fire,hp_hum_staff_fire_v01.geo
20565,Weapon_Human_Redshirt_Staff_Ice,hp_hum_staff_ice_v01.geo
20566,Weapon_Human_Redshirt_Staff_Physical,hp_hum_staff_physical_v01.geo
20567,Weapon_Human_Redshirt_Staff_Virulent,hp_hum_staff_viral_v01.geo
20568,Weapon_Human_Redshirt_Sword_Electric,hp_hum_sword_v01.geo
20569,Weapon_Human_Redshirt_Sword_Fire,hp_hum_sword_v01.geo
20570,Weapon_Human_Redshirt_Sword_Ice,hp_hum_sword_v01.geo
20571,Weapon_Human_Redshirt_Sword_Laser,hp_hum_sword_v01.geo
20572,Weapon_Human_Redshirt_Sword_Physical,hp_hum_sword_v01.geo
20573,Weapon_Human_Redshirt_TorqueShellRifle_Electric,hp_hum_sniperrifle_electric.geo
20574,Weapon_Human_Redshirt_TorqueShellRifle_EMP,hp_hum_sniperrifle_emp.geo
20575,Weapon_Human_Redshirt_TorqueShellRifle_Laser,hp_hum_sniperrifle_laser.geo
20576,Weapon_Human_Redshirt_TorqueShellRifle_Physical,hp_hum_sniperrifle_physcial.geo
20577,Weapon_Human_Redshirt_TorqueShellRifle_Sonic,hp_hum_sniperrifle_sonic.geo
20578,Weapon_Human_Redshirt_Armor_Augmentation,hp_hum_armoraugment.geo
20579,Weapon_Human_Redshirt_Field_Repair,hp_hum_field_repair.geo
20580,Weapon_Human_Redshirt_Healing_Disc,hp_hum_tool_healing_disc_v01.geo
20581,TerraBaneGooLake32mV01,terra_bane_goo_lake_32m_v01.geo
20582,TerraBaneGooLake64mV01,terra_bane_goo_lake_64m_v01.geo
20583,ArchBaneShardTunnelInstanceV01,arch_bane_shard_tunnel_instance_v01.geo
20584,ArchBaneShardTunnelRampV01,arch_bane_shard_tunnel_ramp_v01.geo
20585,ArchHumBaseGatesystemPlatform12Mx12M,arch_hum_fort_catwlk_platform_12x12m_v02.geo
20586,ArchHumCorrRoomColumnRing,arch_hum_corr_room_column_ring_v02.geo
20587,ArchHumCorrRoomPlatformEdgeCornerIn16M,arch_hum_corr_room_platform_edge_corner_in_16m_v03.geo
20588,ArchHumCorrRoomPlatformEdgeStraight32M,arch_hum_corr_room_platform_edge_straight_32m_v03.geo
20589,UsableInertDestBaneLockerOpen,prop_bane_locker_open_v01.geo
20591,UsableInertDestBaneLockerClosed,prop_bane_locker_closed_v01.geo
20592,UsableInertDestBanePipeV01,prop_bane_pipe_v01.geo
20593,UsableInertDestBanePipeV02,prop_bane_pipe_v02.geo
20594,UsableInertDestBaneGeneratorSmallV01,arch_bane_generator_small_01.geo
20595,UsableInertDestBaneLabEquipmentV01,arch_bane_lab_equipment_v01.geo
20596,ArchHumCorrRoomBulkhead4TCornerIn,arch_hum_corr_room_bulkhead_4t_corner_in.geo
20597,ArchHumCorrRoomBulkhead4TCornerOut,arch_hum_corr_room_bulkhead_4t_corner_out_v02.geo
20598,ArchHumCorrRoomBulkhead4TStraight4m,arch_hum_corr_room_bulkhead_4t_straight_4m_v02.geo
20599,ArchHumCorrRoomBulkhead4TStraight8m,arch_hum_corr_room_bulkhead_4t_straight_8m_v02.geo
20600,ArchHumCorrRoomBulkhead4TStraight16m,arch_hum_corr_room_bulkhead_4t_straight_16m_v02.geo
20601,ArchHumCorrRoomBulkhead4TStraight32m,arch_hum_corr_room_bulkhead_4t_straight_32m_v02.geo
20602,ArchHumCorrRoomPlatformEdgeCornerIn16MV02,arch_hum_corr_room_platform_edge_corner_in_16m_v04.geo
20603,ArchForeanFithiceggcluster_v02,arch_forean_fithiceggcluster_v02.geo
20604,RandomExplosionPravusReactorFlamingChunks,vfx_arch_bane_industrial_room_reactor_fireballs_v01.geo
20605,TerraForeasDevilsdenEntrance,terra_foreas_devilsden_entrance.geo
20606,ArchForeanFithiceggcluster_v03,arch_forean_fithiceggcluster_v03.geo
20607,FloraForeasGenFlower04V01,flora_foreas_gen_flower04_v01.geo
20608,FloraForeasGenFlower05V01,flora_foreas_gen_flower05_v01.geo
20609,FloraForeasGenGrass02V02,flora_foreas_gen_grass02_v02.geo
20610,FloraForeasGenPlant02V04,flora_foreas_gen_plant02_v04.geo
20611,FloraForeasGenPlant02V04Far,flora_foreas_gen_plant02_v04_far.geo
20612,UsableInertDestBaneTankV01,prop_bane_tank_v01.geo
20613,UsableInertDestBaneTankV02,prop_bane_tank_v02.geo
20614,UsableInertDestBaneTankV03,prop_bane_tank_v03.geo
20615,ArchBaneCommandChairFloorV01,arch_bane_command_chair_floor_v01.geo
20616,ArchBaneCommandChairSuspendedV01,arch_bane_command_chair_suspended_v01.geo
20617,ArchBaneFloodlightV01,arch_bane_floodlight_v01.geo
20618,ArchBaneRoadSignV01,arch_bane_road_sign_v01.geo
20619,ArchBaneSleepChamberV01,arch_bane_sleep_chamber_v01.geo
20620,FloraForeasGenPlant12V01,flora_foreas_gen_plant12_v01.geo
20621,UsableInertDestBaneSleepPodV01,arch_bane_sleep_pod_v01.geo
20622,ArchBaneWeaponDumpV01,arch_bane_weapon_dump_v01.geo
20625,Mis_Wilderness_Snipehunt_Pad,item_datablade_bane.geo
20626,FloraForeasGenPlant08V01,flora_foreas_gen_plant08_v01.geo
20627,VfxWaterfallFoamDirty,vfx_waterfall_wake_dirty.geo
20628,VfxWaterfallFoamDirtySmall,vfx_waterfall_wake_dirty_small.geo
20629,VfxWaterSplashDirty2m2mV01,vfx_water_splash_dirty_2m_2m_v01.geo
20630,UsableStatelessBaneConsoleMonitorOS,prop_bane_console_monitor_os.geo
20631,UsableStatelessBaneConsoleKeyboard,prop_bane_console_keyboard.geo
20632,VfxWaterfall32m75V01,vfx_waterfall_32m_75m_v01.geo
20633,FloraForeasGenPlant09V01,flora_foreas_gen_plant09_v01.geo
20634,ArchHumanBaseHeadquartersBarricadeV01,arch_hum_fort_headqtrs_barricade_v01.geo
20635,ArchHumBaseCatwlkRailPost,arch_hum_fort_catwlk_rail_post.geo
20636,ArchHumBaseCatwlkRail16M,arch_hum_fort_catwlk_rail_16m.geo
20637,ArchHumBaseCatwlkRail32M,arch_hum_fort_catwlk_rail_32m.geo
20638,ArchHumBaseCatwlkRail4M,arch_hum_fort_catwlk_rail_4m.geo
20639,UsableInertDestBaneLabEquipmentShelfV01,arch_bane_lab_equipment_shelf_v01.geo
20640,ArchHumBaseCatwlkRail8M,arch_hum_fort_catwlk_rail_8m.geo
20641,UsableInertDestBaneLabEquipmentTableV01,arch_bane_lab_equipment_table_v01.geo
20642,UsableInertDestBaneLabEquipmentCeilingV01,arch_bane_lab_equipment_ceiling_v01.geo
20643,UsableInertDestBaneLabEquipmentMachineV01,arch_bane_lab_equipment_machine_v01.geo
20644,VfxBaneShardGroundFogV01,vfx_env_bane_shard_groundfog_v01.geo
20645,ItemHumGenObjCrateAmo01V04,prop_hum_crate_amo01_V04.geo
20646,ItemHumGenObjCreteMedical01V04,prop_hum_crate_medical01_V04.geo
20647,ItemHumGenObjCrateSupplies01V04,prop_hum_crate_supplies01_V04.geo
20649,Mis_Incline_GPS_Pirolja_Midja_Code,item_datablock_hum.geo
20650,MisCLRFFuelPumpBomb,prop_hum_bomb_v01.geo
20651,Mis_Incline_Pirolja_Midja_Location_Disc,item_datablock_hum.geo
20652,ArchHumOutpostFenceStraight24V02,arch_hum_outpost_fence_straight_24_v04.geo
20653,ArchHumOutpostFenceStraight48V02,arch_hum_outpost_fence_straight_48_v04.geo
20654,PropHumMCorpseV01,prop_hum_m_corpse_v01.geo
20655,PropHumMCorpseV02,prop_hum_m_corpse_v02.geo
20656,PropHumMCorpseV03,prop_hum_m_corpse_v03.geo
20657,PropHumMCorpseV04,prop_hum_m_corpse_v04.geo
20658,ArchBaneOutpostBridgeV02,arch_bane_outpost_bridge_v02.geo
20659,MisWildernessItemDivideDeliveryPacket,item_datablock_hum.geo
20660,MisDivideItemPalisadesDelivery,item_bag_hum_v01.geo
20661,UsableInertDestBaneSleepPodV02,arch_bane_sleep_pod_empty_v01.geo
20662,FloraForeasGenTree03V01,flora_foreas_gen_tree03_v01.geo
20663,Mis_Incline_Terrorist_Bane_GPS,item_datablade_bane.geo
20664,FloraForeasGenTree03V02,flora_foreas_gen_tree03_v02.geo
20665,FloraForeasGenTree03V03,flora_foreas_gen_tree03_v03.geo
20666,ArchBaneObjConsoleMonitorCommandCenterXLv01,prop_bane_console_monitor_command_v01.geo
20667,ArchHumCorrRoomColumnLarge,arch_hum_corr_room_column_large_v02.geo
20668,ArchHumCorrRoomColumnSmall4t,arch_hum_corr_room_column_small_4t_v02.geo
20669,ArchHumCorrRoomColumnSmall4t16m,arch_hum_corr_room_column_small_4t_16m_v02.geo
20670,ArchHumCorrRoomColumnSmall4t4m,arch_hum_corr_room_column_small_4t_4m_v02.geo
20671,ArchHumCorrRoomColumnSmall4t8m,arch_hum_corr_room_column_small_4t_8m_v02.geo
20672,ArchHumCorrRoomColumnSmall8t,arch_hum_corr_room_column_small_8t_v02.geo
20673,ArchHumCorrRoomColumnSmall8t16m,arch_hum_corr_room_column_small_8t_16m_v02.geo
20674,ArchHumCorrRoomColumnSmall8t32m,arch_hum_corr_room_column_small_8t_32m_v02.geo
20675,ArchHumCorrRoomColumnSmall8t4m,arch_hum_corr_room_column_small_8t_4m_v02.geo
20676,ArchHumCorrRoomColumnSmall8t8m,arch_hum_corr_room_column_small_8t_8m_v02.geo
20678,ArchHumCorrRoomEdgeStright32mV02,arch_hum_corr_room_platform_edge_straight_32m_v04.geo
20680,MisTreasureDispenserCLRFCrystals,prop_hum_crate_v02.geo
20681,ArchHumCorrRoomEdgeStraight8mmV02,arch_hum_corr_room_platform_edge_straight_8m_v03.geo
20682,MisDivideItemPurgasLevel1Card,item_keycard_v01_bane.geo
20684,MisCavesofDonn_DyingForean,usable_td_corpse_forean_m_v01.geo
20685,FloraForeasGenTree04V01,flora_foreas_gen_tree04_v01.geo
20686,FloraForeasGenTree04V02,flora_foreas_gen_tree04_v02.geo
20687,FloraForeasGenTree04V03,flora_foreas_gen_tree04_v03.geo
20688,ArchBaneExteriorLightv08,arch_bane_exterior_light_v08.geo
20689,Weapon_Creature_Thrax_Technician,hp_thrax_soldier_pistol_v02.geo
20690,ArchHumCorridorEndcapV01,arch_hum_corridor_endcap_v03.geo
20691,ArchHumCorridorEndcapV02,arch_hum_corridor_endcap_v04.geo
20692,ArchHumTentCommunicationV01,arch_hum_tent_communicaton_01_v01.geo
20693,ArchHumTentMedicV01,arch_hum_tent_medic_01_v01.geo
20695,UsableTwoStateHumBaseAirRaidLoudSpeaker_FB_TODELETE,prop_hum_loudspeaker_v01.geo
20696,MisPalisadesItemTemplebloom,item_bio_plant_gen_v01.geo
20697,UsableItemDispTemplebloomCONVERT2TD,item_bio_plant_gen_v02.geo
20698,Bane_Fithik_Wingless,creature_thrax_fithik_v02.geo
20699,ArchHumGenObjWorkstation1m2mV01,prop_hum_workstation_1m_2m_v01.geo
20700,ArchHumGenObjWorkstation1m4mV01,prop_hum_workstation_1m_4m_v01.geo
20701,ArchHumGenObjWorkstation2m2mV01,prop_hum_workstation_2m_2m_v01.geo
20702,ArchHumGenObjWorkstationMonitors1m2mV01,prop_hum_workstation_monitors_1m_2m_v01.geo
20703,ArchHumOutpostFenceStraight32V02,arch_hum_outpost_fence_straight_32_v03.geo
20704,ArchHumOutpostFenceStraight64V02,arch_hum_outpost_fence_straight_64_v03.geo
20705,ArchHumUndergroundObjBigscreen8m16mV01,prop_hum_underground_bigscreen_8m_16m_v01.geo
20708,ArchForeanFithikEntrance,arch_forean_fithik_entrance.geo
20709,ArchForeanFithikVeinsV01,arch_forean_fithik_veins_v01.geo
20710,ArchForeanFithikVeinsV02,arch_forean_fithik_veins_v02.geo
20711,TerraForeasFithikOffsetRV01,terra_foreas_fithik_offset8_24m_r_v01.geo
20712,ArchForeanFithikVeinsV03,arch_forean_fithik_veins_v03.geo
20713,MisDivideItemPurgasLevel1Pass,item_keypass_bane_gen.geo
20714,UsableTwoStateSoundBootcamp_Bomb1,prop_hum_sandbags01V01.geo
20715,UsableTwoStateSound_Bomb2,prop_hum_sandbags01V01.geo
20716,UsableTwoStateSound_Bomb3,prop_hum_sandbags01V01.geo
20717,UsableTwoStateSound_Cheer1,prop_hum_sandbags01V01.geo
20718,UsableTwoStateSound_Cheer2,prop_hum_sandbags01V01.geo
20719,UsableTwoStateSound_Cheer3,prop_hum_sandbags01V01.geo
20720,UsableTwoStateSound_Cheer4,prop_hum_sandbags01V01.geo
20722,UsableTwoStateSound_Cheer5,prop_hum_sandbags01V01.geo
20723,UsableTwoStateSound_Cheer6,prop_hum_sandbags01V01.geo
20724,MisPalisadesItemHillenmeyerhonortoken,item_bag_hum_v01.geo
20726,TerraForeasValRockMed01V01,terra_foreas_val_rock_med01_v01.geo
20727,TerraForeasValRockMed01V02,terra_foreas_val_rock_med01_v02.geo
20728,ArchHumGenObjHanginglight,prop_hum_hanginglight_v01.geo
20729,TerraForeasValRockMed01V03,terra_foreas_val_rock_med01_v03.geo
20730,TerraForeasVelRockLarge01V01,terra_foreas_val_rock_large01_v01.geo
20731,TerraForeasFithikTurnV01,terra_foreas_fithik_turn_24m_v01.geo
20732,UsableTwoStateHumBaseUsableSpotLightV01,arch_hum_spotlight_v01.geo
20735,UsableTwoStateHumBaseUsableSpotLightV02,arch_hum_spotlight_v02.geo
20736,ArchHumUndergroundObjMidscreen2m4mV01,prop_hum_underground_midscreen_2m_4m_v01.geo
20737,TerraForeasFithikOffset24mRV01,terra_foreas_fithik_offset16_24m_r_v01.geo
20738,TerraForeasFithikRamp24mV01,terra_foreas_fithik_ramp8_24m_v01.geo
20739,TerraForeasFithikSplit24mV01,terra_foreas_fithik_split24m_v01.geo
20740,TerraForeasFithikSplit24mV02,terra_foreas_fithik_split24m_v02.geo
20741,TerraForeasFithikStraightStackedV01,terra_foreas_fithik_straight_stacked_v01.geo
20742,TerraForeasFithikTee16mV01,terra_foreas_fithik_tee_16m_v01.geo
20743,MisDivideItemPurgasLevel3Pass,item_keypass_bane_gen.geo
20745,MisDivideItemPurgasLevel2Pass,item_keypass_bane_gen.geo
20746,VfxFire2mx2mGreen,vfx_generic_fire_green_2m.geo
20747,VfxFire4mx4mGreen,vfx_generic_fire_green_4m.geo
20748,VfxFire8mx8mGreen,vfx_generic_fire_green_8m.geo
20750,ArchBaneObjLandingpadv02,arch_bane_landingpad_v02.geo
20751,MisWetlandsRefineryBombs,prop_hum_bomb_v01.geo
20752,UsableInertDestBaneStasisChamberBrannFV01,arch_bane_industrial_room_stasis_chamber_brann_f_v01.geo
20753,UsableInertDestBaneStasisChamberBrannMV01,arch_bane_industrial_room_stasis_chamber_brann_m_v01.geo
20755,UsableInertDestBaneStasisChamberHumFV01,arch_bane_industrial_room_stasis_chamber_hum_f_v01.geo
20756,UsableInertDestBaneStasisChamberHumMV01,arch_bane_industrial_room_stasis_chamber_hum_m_v01.geo
20757,Bane_Thrax_Soldier_Pistol_NoBeaminBirth,creature_thrax_soldier_v03_pistol.geo
20758,UsableCrSpawnerDestFithikEgg,vfx_creature_thrax_fithik_egg_v01.geo
20760,UsableInertDestBaneSleepPodV03,arch_bane_sleep_pod_v01.geo
20761,TerraBaneGooLake128mV01,terra_bane_goo_lake_128m_v01.geo
20762,UsableStatelessBaneFaultHammer,arch_bane_faulthammer_v01.geo
20763,ArchBaneFaultLeverOrthos,arch_bane_fault_lever_orthos.geo
20764,ArchBaneIntrusionSirenv01,arch_bane_air_raid_siren_v01.geo
20765,ArchBaneCommandCenterMapboard,arch_bane_commandcenter_mapboard01.geo
20766,Boss_Nergal,creature_neph_nergal_v01.geo
20767,Boss_Nergal_Chair,creature_neph_nergal_chair_v01.geo
20768,Bane_Thrax_Soldier_Melee,creature_thrax_soldier_melee_v05.geo
20770,TerraForeasFithikEndcapV01,terra_foreas_fithik_endcap_v01.geo
20771,TerraForeasFithikRampLeftV01,terra_foreas_fithik_rampleft_v01.geo
20772,TerraForeasFithikStraight24mV01,terra_foreas_fithik_straight_24m_v01.geo
20773,TerraForeasFithikStraight8mV01,terra_foreas_fithik_straight_8m_v01.geo
20775,UsableTwoStateHumBaseLight_DONOTUSE,prop_hum_light_v01.geo
20776,UsableBombDELETEV01,prop_hum_bomb_v01.geo
20778,ArchBaneLightPostV01,arch_bane_lightpost_v01.geo
20780,NPC_Hominis_Machina_Boss,creature_thrax_hominis_v01.geo
20782,ArchBaneSandbagsPivotV01,arch_bane_sandbags_pivot_v01.geo
20783,ArchBaneSandbagsStraight4MV01,arch_bane_sandbags_straight_4m_v01.geo
20784,ArchBaneSandbagsStraight8MV01,arch_bane_sandbags_straight_8m_v01.geo
20785,VFXElohLillyPollen,vfx_eloh_lilly_pollen.geo
20786,UsableItemDispSaccharoPlantDELETE,flora_foreas_swamp_plant06_v01.geo
20787,MisPlateauItemSaccharoRoot,flora_foreas_swamp_plant06_v01.geo
20788,ArchBrannGenObjMachineryV03,prop_brann_machinary_v03.geo
20789,ArchWardenbotGenObjGeneratorV01,prop_wardenbot_generator_v01.geo
20791,ArchForeanElohTempleStairEndcapLftV01,arch_forean_eloh_temple_stair_endcap_lft_v01.geo
20792,ArchForeanElohTempleWallEndcapRtV01,arch_forean_eloh_temple_wall_endcap_rt_v01.geo
20793,ArchForeanElohTempleStairStraight8mV01,arch_forean_eloh_temple_stair_straight_8m_v01.geo
20794,ArchForeanElohTempleStairEndcapRtV01,arch_forean_eloh_temple_stair_endcap_rt_v01.geo
20795,ArchForeanElohTempleWallCornerInV01,arch_forean_eloh_temple_wall_corner_in_v01.geo
20796,ArchForeanElohTempleWallCornerOutV01,arch_forean_eloh_temple_wall_corner_out_v01.geo
20797,ArchForeanElohTempleWallEndcapLftV01,arch_forean_eloh_temple_wall_endcap_lft_v01.geo
20799,ArchForeanElohTempleWallStraight16mV01,arch_forean_eloh_temple_wall_straight_16m_v01.geo
20800,ArchForeanElohTempleWallStraight24mV01,arch_forean_eloh_temple_wall_straight_24m_v01.geo
20801,ArchForeanElohTempleWallStraight32mV01,arch_forean_eloh_temple_wall_straight_32m_v01.geo
20802,ArchForeanElohTempleWallStraight8mV01,arch_forean_eloh_temple_wall_straight_8m_v01.geo
20803,ArchForeanElohTemplePyramidV01,arch_forean_eloh_temple_pyramid_v01.geo
20804,ArchForeanElohTempleStairCornerOutV01,arch_forean_eloh_temple_stair_corner_out_v01.geo
20805,ArchForeanElohTempleStairCornerOutV02,arch_forean_eloh_temple_stair_corner_out_v02.geo
20806,ArchForeanElohTempleV03,arch_forean_eloh_temple_v03.geo
20807,ArchForeanElohTemplePlanterV01,arch_forean_eloh_temple_planter_v01.geo
20808,TerraForeasValRockMed01V04,terra_foreas_val_rock_med01_v04.geo
20809,TerraForeasValRockMed01V05,terra_foreas_val_rock_med01_v05.geo
20810,ArchBaneSandbagsStraight16MV01,arch_bane_sandbags_straight_16m_v01.geo
20812,TerraForeasValRockPile01V01,terra_foreas_val_rock_pile01_v01.geo
20813,TerraForeasValRockPile01V02,terra_foreas_val_rock_pile01_v02.geo
20814,ArchForeanElohTempleStairStraight8mV02,arch_forean_eloh_temple_stair_straight_8m_v02.geo
20815,ArchForeanElohTempleStairStraight8mV03,arch_forean_eloh_temple_stair_straight_8m_v03.geo
20816,WaterForeasValWaterfallClean01V01,water_foreas_val_waterfall_clean01_v01.geo
20817,ArchForeanElohTempleStairStraight8mV04,arch_forean_eloh_temple_stair_straight_8m_v04.geo
20818,ArchForeanElohTempleStairStraight8mV05,arch_forean_eloh_temple_stair_straight_8m_v05.geo
20819,Ammo_Nucleotides_2_Purines,item_canister_hum_v02.geo
20820,Ammo_Nucleotides_3_Base_Pairs,item_canister_hum_v02.geo
20821,Ammo_Nucleotides_4_RNA,item_canister_hum_v02.geo
20822,Ammo_Nucleotides_5_DNA,item_canister_hum_v02.geo
20823,UsableTwoStateElohHologramPlatform,arch_eloh_hologram_platform_v01.geo
20826,ArchBaneGenObjBarrelStackV01,prop_bane_barrel_stack_v01.geo
20827,ArchBaneGenObjBarrelStackV02,prop_bane_barrel_stack_v02.geo
20828,ArchBaneGenObjBarrelStackV03,prop_bane_barrel_stack_v03.geo
20829,ArchBaneGenObCrateStackV01,prop_bane_crate_stack_v01.geo
20830,ArchBaneGenObCrateStackV02,prop_bane_crate_stack_v02.geo
20831,ArchBaneGenObCrateStackV03,prop_bane_crate_stack_v03.geo
20832,ArchBaneGenObCrateStackV04,prop_bane_crate_stack_v04.geo
20833,ArchBaneGenObCrateStackV05,prop_bane_crate_stack_v05.geo
20834,WaterForeasValWaterfallClean01V02,water_foreas_val_waterfall_clean01_V02.geo
20835,ArchForeanElohTempleAqueductV01,arch_forean_eloh_temple_aqueduct_v01.geo
20836,ArchForeanElohTempleBasinV01,arch_forean_eloh_temple_basin_v01.geo
20837,ArchForeanElohTempleBasinV02,arch_forean_eloh_temple_basin_v02.geo
20838,ArchForeanElohTempleWallAccentV01,arch_forean_eloh_temple_wall_accent_v01.geo
20839,ArchForeanElohTempleWallStraight4mV01,arch_forean_eloh_temple_wall_straight_4m_v01.geo
20840,ArchBrannDome02v01,arch_brann_dome_02_v01.geo
20841,ArchBrannDome03v01,arch_brann_dome_03_v01.geo
20843,ArchForeanElohTempleStairStraight16mV01,arch_forean_eloh_temple_stair_straight_16m_v01.geo
20844,ArchForeanElohTempleStairStraight4mV01,arch_forean_eloh_temple_stair_straight_4m_v01.geo
20845,ArchForeanElohTempleStairStraight8mV06,arch_forean_eloh_temple_stair_straight_8m_v06.geo
20846,VfxElohLillyGlow8x8,vfx_env_eloh_lilly_glow_8x8.geo
20847,WaterForeasValWaterfallClean01V03,water_foreas_val_waterfall_clean01_V03.geo
20848,ArchBrannGenObjCondenserV01,prop_brann_condenser_v01.geo
20849,ArchBrannCorridorRoom01ControlV01,arch_brann_corridor_room_01_control_v01.geo
20850,ArchBrannGenObjContainerV01,prop_brann_container_v01.geo
20851,ArchBrannGenObjConveyerV01,prop_brann_conveyer_v01.geo
20852,ArchBrannGenObjPipeV01,prop_brann_pipe_v01.geo
20853,ArchBrannGenObjPushcartV01,prop_brann_pushcart_v01.geo
20854,ArchBrannGenObjRefinery,prop_brann_refinery_v01.geo
20855,ArchBrannGenObjScannerV01,prop_brann_scanner_v01.geo
20856,TerraForeasValCliffwall01V01,terra_foreas_val_cliffwall01_v01.geo
20857,ArchHumCorrRoomFloorV01,arch_hum_corr_room_floor_v04.geo
20858,TerraForeasValRockPile01V03,terra_foreas_val_rock_pile01_v03.geo
20859,TerraForeasValRockPile01V04,terra_foreas_val_rock_pile01_v04.geo
20860,TerraForeasValRockPile01V05,terra_foreas_val_rock_pile01_v05.geo
20861,Loot_Junk_Accelerant_Sac,ammo_gas_v01.geo
20862,Loot_Junk_Anti_Grav_Mobilizer,ammo_gas_v01.geo
20863,Loot_Junk_Atta_Mandible,ammo_gas_v01.geo
20864,Loot_Junk_Atta_Ommatidium,ammo_gas_v01.geo
20865,Loot_Junk_Atta_Ovipositor,ammo_gas_v01.geo
20866,Loot_Junk_Atta_Phalanges,ammo_gas_v01.geo
20867,Loot_Junk_Atta_Tarsus,ammo_gas_v01.geo
20868,Loot_Junk_Atta_Tergum,ammo_gas_v01.geo
20869,Loot_Junk_Bane_Robotic_Logic_Controller,ammo_gas_v01.geo
20870,Loot_Junk_Bane_Target_Matching_Logic_Controller,ammo_gas_v01.geo
20871,Loot_Junk_Barb_Tick_Mandible,ammo_gas_v01.geo
20872,Loot_Junk_Barb_Tick_Tarsus,ammo_gas_v01.geo
20873,Loot_Junk_Beam_Manta_Aerofoil,ammo_gas_v01.geo
20874,Loot_Junk_Beam_Manta_Oculus,ammo_gas_v01.geo
20875,Loot_Junk_Beam_Manta_Tail_Barb,ammo_gas_v01.geo
20876,Loot_Junk_Bioelectrode,ammo_gas_v01.geo
20877,Loot_Junk_Boargar_Ear,ammo_gas_v01.geo
20878,Loot_Junk_Boargar_Spinal_Nodule,ammo_gas_v01.geo
20879,Loot_Junk_Broken_Biofiltration_Implant,ammo_gas_v01.geo
20880,Loot_Junk_Calcium_Carbonate,ammo_gas_v01.geo
20881,Loot_Junk_Caretaker_Insignia,ammo_gas_v01.geo
20882,Loot_Junk_Caretaker_Mask,ammo_gas_v01.geo
20883,Loot_Junk_Caretaker_Sigil,ammo_gas_v01.geo
20884,Loot_Junk_Central_Processing_Unit,ammo_gas_v01.geo
20885,Loot_Junk_Damaged_Targeting_Array,ammo_gas_v01.geo
20886,Loot_Junk_Damaged_Teleporter_Beacon,ammo_gas_v01.geo
20887,Loot_Junk_Damaged_Tracking_Scanner,ammo_gas_v01.geo
20888,Loot_Junk_Directional_Transceiver,ammo_gas_v01.geo
20889,Loot_Junk_Doppler_Velocimeter,ammo_gas_v01.geo
20890,Loot_Junk_Electroprobe_Mechanical_Arm,ammo_gas_v01.geo
20891,Loot_Junk_Electrostatic_Scalpel,ammo_gas_v01.geo
20892,Loot_Junk_EMP_Shielding,ammo_gas_v01.geo
20893,Loot_Junk_Energy_Accumulator,ammo_gas_v01.geo
20894,Loot_Junk_Filcher_Crest,ammo_gas_v01.geo
20895,Loot_Junk_Filcher_Talon,ammo_gas_v01.geo
20896,Loot_Junk_Fithik_Claw,ammo_gas_v01.geo
20897,Loot_Junk_Fithik_Mandible,ammo_gas_v01.geo
20898,Loot_Junk_Force_Field_Modulator,ammo_gas_v01.geo
20899,Loot_Junk_Gimbal,ammo_gas_v01.geo
20900,Loot_Junk_Grappling_Arm,ammo_gas_v01.geo
20901,Loot_Junk_Gravimetric_Analyzer,ammo_gas_v01.geo
20902,Loot_Junk_Graviton_Detector,ammo_gas_v01.geo
20903,Loot_Junk_Heavy_Carapace_Spike,ammo_gas_v01.geo
20904,Loot_Junk_Howler_Fang,ammo_gas_v01.geo
20905,Loot_Junk_Howler_Muzzle,ammo_gas_v01.geo
20906,Loot_Junk_Huge_Pincer,ammo_gas_v01.geo
20907,Loot_Junk_Hunter_Eyeplate,ammo_gas_v01.geo
20908,Loot_Junk_Hunter_Insignia,ammo_gas_v01.geo
20909,Loot_Junk_Integrated_Munitions_Limb,ammo_gas_v01.geo
20910,Loot_Junk_Ionic_Levitator,ammo_gas_v01.geo
20911,Loot_Junk_Kael_Claw,ammo_gas_v01.geo
20912,Loot_Junk_Large_Ocellus,ammo_gas_v01.geo
20913,Loot_Junk_Light_Bender_Emblem,ammo_gas_v01.geo
20914,Loot_Junk_Light_Bender_Insignia,ammo_gas_v01.geo
20915,Loot_Junk_Light_Bender_Plumule,ammo_gas_v01.geo
20916,Loot_Junk_Light_Bender_Proboscis,ammo_gas_v01.geo
20917,Loot_Junk_Light_Bender_Quill,ammo_gas_v01.geo
20918,Loot_Junk_Magnesium_Sulfate,ammo_gas_v01.geo
20919,Loot_Junk_Manganese_Dioxide,ammo_gas_v01.geo
20920,Loot_Junk_Mech_Assist_Ligament_Substitute,ammo_gas_v01.geo
20921,Loot_Junk_Metallic_Nodule,ammo_gas_v01.geo
20922,Loot_Junk_Miasma_Ichor,ammo_gas_v01.geo
20923,Loot_Junk_Miasma_Protoplasm,ammo_gas_v01.geo
20924,Loot_Junk_Micromech_Infused_Lymph_Node,ammo_gas_v01.geo
20925,Loot_Junk_Nano_Enhanced_Parasites,ammo_gas_v01.geo
20926,Loot_Junk_Neural_Interface_Port,ammo_gas_v01.geo
20927,Loot_Junk_Occular_Implant,ammo_gas_v01.geo
20928,Loot_Junk_Operant_Conditioning_Receiver,ammo_gas_v01.geo
20929,Loot_Junk_Optic_Imager,ammo_gas_v01.geo
20930,Loot_Junk_Phasic_Calibrator,ammo_gas_v01.geo
20931,Loot_Junk_Polished_Titanium_Armature,ammo_gas_v01.geo
20932,Loot_Junk_Quantum_Transducer,ammo_gas_v01.geo
20933,Loot_Junk_Quark_Modulator,ammo_gas_v01.geo
20934,Loot_Junk_Rare_Metallic_Nodule,ammo_gas_v01.geo
20935,Loot_Junk_Scanning_Probe,ammo_gas_v01.geo
20936,Loot_Junk_Sensory_Probe,ammo_gas_v01.geo
20937,Loot_Junk_Servomechanism,ammo_gas_v01.geo
20938,Loot_Junk_Shattered_Electronic_Eye,ammo_gas_v01.geo
20939,Loot_Junk_Sodium_Tetraborate,ammo_gas_v01.geo
20940,Loot_Junk_Tactical_AI_Logic_Controller,ammo_gas_v01.geo
20941,Loot_Junk_Telemetry_Transceiver,ammo_gas_v01.geo
20942,Loot_Junk_Thick_Carapace_Spine,ammo_gas_v01.geo
20943,Loot_Junk_Thrax_Barb,ammo_gas_v01.geo
20944,Loot_Junk_Thrax_Emblem,ammo_gas_v01.geo
20945,Loot_Junk_Thrax_Faceplate,ammo_gas_v01.geo
20946,Loot_Junk_Thrax_Incisor,ammo_gas_v01.geo
20947,Loot_Junk_Thrax_Infantry_Insignia,ammo_gas_v01.geo
20948,Loot_Junk_Thrax_Signet,ammo_gas_v01.geo
20949,Loot_Junk_Thrax_Spine_Plate,ammo_gas_v01.geo
20950,Loot_Junk_Thrax_Technician_Emblem,ammo_gas_v01.geo
20951,Loot_Junk_Thrax_Technician_Insignia,ammo_gas_v01.geo
20952,Loot_Junk_Translucent_Wing_Fragment,ammo_gas_v01.geo
20953,Loot_Junk_Tree_Lurker_Mentum,ammo_gas_v01.geo
20954,Loot_Junk_Tree_Lurker_Oculus,ammo_gas_v01.geo
20955,Loot_Junk_Treeback_Proboscis,ammo_gas_v01.geo
20956,Loot_Junk_Treeback_Vibrissa,ammo_gas_v01.geo
20957,Loot_Junk_Treemite_Carapace,ammo_gas_v01.geo
20958,Loot_Junk_Treemite_Tarsus,ammo_gas_v01.geo
20959,Loot_Junk_Vestigial_Fithik_Wing,ammo_gas_v01.geo
20960,Loot_Junk_Warnet_Abdomen,ammo_gas_v01.geo
20961,Loot_Junk_Warnet_Hemolyph,ammo_gas_v01.geo
20962,Loot_Junk_Warnet_Prothorax,ammo_gas_v01.geo
20963,Loot_Junk_Xanx_Mandible,ammo_gas_v01.geo
20964,Loot_Junk_Xanx_Oculus,ammo_gas_v01.geo
20965,Loot_Junk_Xanx_Tarsus,ammo_gas_v01.geo
20966,Loot_Junk_Zinc_Chloride,ammo_gas_v01.geo
20967,UsableTreasureDispBaneLockerDispenserV01DELETEDUPE,prop_bane_locker_closed_v01.geo
20968,ArchHumCorrRoomOfficeV01,arch_hum_corr_room_office_v06.geo
20969,MISBaneArmoryBlueprints,prop_bane_plans_v01.geo
20972,Vendor_Human_Female,avatar_hum_f_nude_caucasian_v01.geo
20975,Vendor_Human_Male,avatar_hum_m_nude_caucasian_v01.geo
20978,TerraForeasValRockPileMossy01V01,terra_foreas_val_rock_pile_mossy01_v01.geo
20979,TerraForeasValRockPileMossy01V02,terra_foreas_val_rock_pile_mossy01_v02.geo
20980,TerraForeasValRockPileMossy01V03,terra_foreas_val_rock_pile_mossy01_v03.geo
20981,TerraForeasValRockPileMossy01V04,terra_foreas_val_rock_pile_mossy01_v04.geo
20982,TerraForeasValRockPileMossy01V05,terra_foreas_val_rock_pile_mossy01_v05.geo
20988,FloraForeasGenTree03BunchV01,flora_foreas_gen_tree03_bunch_v01.geo
20989,FloraForeasGenTree03BunchV02,flora_foreas_gen_tree03_bunch_v02.geo
20990,FloraForeasGenTree03BunchV03,flora_foreas_gen_tree03_bunch_v03.geo
20991,FloraForeasGenTree03BunchV04,flora_foreas_gen_tree03_bunch_v04.geo
20992,FloraForeasBillboardTree03V01,flora_foreas_billboard_tree03_v01.geo
20993,FloraForeasBillboardTree03V02,flora_foreas_billboard_tree03_v02.geo
20994,FloraForeasGenTree04BunchV01,flora_foreas_gen_tree04_bunch_v01.geo
20995,FloraForeasGenTree04BunchV02,flora_foreas_gen_tree04_bunch_v02.geo
20996,FloraForeasGenTree04V04,flora_foreas_gen_tree04_v04.geo
20997,FloraForeasGenTree04V05,flora_foreas_gen_tree04_v05.geo
20998,TerraForeasValCliffwall01V02,terra_foreas_val_cliffwall01_v02.geo
20999,TerraForeasValCliffwall01V03,terra_foreas_val_cliffwall01_v03.geo
21000,UsableInertDestBaneSecurityMachineryV02,prop_bane_security_machinery_v02.geo
21001,TerraForeasCavernRoof500mx280mv03,terra_foreas_cavern_roof_500m_x_280m_v03.geo
21002,TerraForeasValCliffwall01V04,terra_foreas_val_cliffwall01_v04.geo
21003,ArchForeanElohGravestoneV03,arch_forean_eloh_gravestone_v03.geo
21004,ArchForeanElohGravestonV04,arch_forean_eloh_gravestone_v04.geo
21005,ArchForeanElohGravestonV05,arch_forean_eloh_gravestone_v05.geo
21006,ArchForeanElohGravestonV06,arch_forean_eloh_gravestone_v06.geo
21007,UsableInertDestBaneRawFuelPumpHouseV02,prop_bane_fuel_pump_v02.geo
21008,TerraForeasValCliffwallMossy01V01,terra_foreas_val_cliffwall_mossy01_v01.geo
21009,TerraForeasValCliffwallMossy01V02,terra_foreas_val_cliffwall_mossy01_v02.geo
21010,TerraForeasValCliffwallMossy01V03,terra_foreas_val_cliffwall_mossy01_v03.geo
21011,WaterForeasValWaterfallCleanMossy01V01,water_foreas_val_waterfall_clean_mossy01_V01.geo
21012,WaterForeasValWaterfallCleanMossy01V02,water_foreas_val_waterfall_clean_mossy01_V02.geo
21013,WaterForeasValWaterfallCleanMossy01V03,water_foreas_val_waterfall_clean_mossy01_V03.geo
21014,ArchBaneSleepPodGroupV01,arch_bane_sleep_pod_group_v01.geo
21015,MisPlateauItemJuggernautCPU,item_machinepart_bane_v03.geo
21016,MisPlateauItemSmashedJuggernautCPU,item_machinepart_bane_v03.geo
21017,FloraForeasGenBurnedTree03V01,flora_foreas_gen_tree_burned03_v01.geo
21018,FloraForeasGenBurnedTree03V02,flora_foreas_gen_tree_burned03_v02.geo
21019,FLoraForeasGenBurnedTree03V03,flora_foreas_gen_tree_burned03_v03.geo
21021,MisMarshesItemForeanIcon,item_canister_hum_v01.geo
21022,FloraForeasGenBurnedTree03V04,flora_foreas_gen_tree_burned03_v04.geo
21023,FloraForeasGenBurnedTree03V05,flora_foreas_gen_tree_burned03_v05.geo
21024,FloraForeasBillboardTree03V03,flora_foreas_billboard_tree03_v03.geo
21025,FloraForeasBillboardTree03V04,flora_foreas_billboard_tree03_v04.geo
21026,FloraForeasBillboardTree03V05,flora_foreas_billboard_tree03_v05.geo
21027,Mis_Plateau_Tissue_Extractor,hp_hum_tissue_extract.geo
21030,UsableLockBoxHumFootlockerV01,prop_hum_footlocker.geo
21031,FLoraForeasSwampTreeDead02V01,flora_foreas_swamp_tree_dead02_v01.geo
21032,FLoraForeasSwampTreeDead02V02,flora_foreas_swamp_tree_dead02_v02.geo
21033,FLoraForeasSwampTreeDead02V03,flora_foreas_swamp_tree_dead02_v03.geo
21034,FLoraForeasSwampTreeDead02V04,flora_foreas_swamp_tree_dead02_v04.geo
21035,NPC_Creature_Sentinel_Boss,creature_bane_sentinel_v01.geo
21036,Vendor_Corman_Male,avatar_hum_m_nude_caucasian_v01.geo
21037,Vendor_Corman_Female,avatar_hum_f_nude_caucasian_v01.geo
21038,ArchHumBasePlatformLandingV01,arch_hum_fort_platform_landing_v01.geo
21040,Z_TEST_Redshirt_Human_Rocket_Male,npc_redshirt_m_physical_rocketlauncher_heavy_v01.geo
21041,MisMarshesItemGasHarvesterSample,ammo_bullets_v01.geo
21042,FloraForeasSwampTreeDead02V05,flora_foreas_swamp_tree_dead02_v05.geo
21043,FloraForeasSwampTreeDead02V06,flora_foreas_swamp_tree_dead02_v06.geo
21044,ArchHumDropshipLandingpadV02,arch_hum_dropship_landingpad_v02.geo
21045,ArchHumGenObjMonitorV01V02,prop_hum_monitor_v01_v02.geo
21046,ArchHumGenObjMonitorV01V03,prop_hum_monitor_v01_v03.geo
21047,ArchHumGenObjMonitorV01V04,prop_hum_monitor_v01_v04.geo
21048,ArchHumGenObjMonitorV01V05,prop_hum_monitor_v01_v05.geo
21049,ArchHumGenObjMonitorV02V02,prop_hum_monitor_v02_v02.geo
21050,ArchHumGenObjMonitorV02V03,prop_hum_monitor_v02_v03.geo
21051,ArchHumGenObjMonitorV02V04,prop_hum_monitor_v02_v04.geo
21052,MisPlateauItemMaligoLevel1Pass,item_keypass_bane_gen.geo
21053,MisPlateauItemMaligoLevel2Pass,item_keypass_bane_gen.geo
21054,MisPlateauItemMaligoLevel3Pass,item_keypass_bane_gen.geo
21055,MisPlateauItemMaligoAFSDecryption,ammo_bullets_v01.geo
21056,ArchHumOutpostTowerV02,arch_hum_outpost_tower_v05.geo
21057,ArchHumBaseGatesystemPlatform16Mx24M,arch_hum_fort_catwlk_platform_16x24m_v02.geo
21058,ArchHumBaseGatesystemRamp4MDoubleV02,arch_hum_fort_catwlk_ramp_4m_double_v03.geo
21059,ArchHumBaseGatesystemRamp2MDoubleV02,arch_hum_fort_catwlk_ramp_2m_double_v03.geo
21060,ArchHumBaseGatesystemCatwalk8Mx24MV02,arch_hum_fort_catwlk_platform_8x24m_v02.geo
21061,MisMarshesItemBaneDatapad,item_datablade_bane.geo
21062,UsableInertDestBaneWallV01DELETEDUPE,arch_bane_industrial_chunnel_machine_06_v01.geo
21063,ArchHumOutpostOverlook01v01,arch_hum_outpost_overlook01_v01.geo
21064,TerraForeasCavernFloor24x48mV01,terra_foreas_cavern_floor_24x48m_v01.geo
21065,FloraForeasHelixTreeBurnedv01,flora_foreas_helix_tree_burned_v01.geo
21066,FloraForeasHelixTreeBurnedv02,flora_foreas_helix_tree_burned_v02.geo
21067,FloraForeasHelixTreeBurnedv03,flora_foreas_helix_tree_burned_v03.geo
21069,UsableItemDispBaneDataBladeV02CONVERT2TD,prop_bane_console_datablade_full.geo
21070,ArchHumCorrRoomOfficeV02,arch_hum_corr_room_office_v07.geo
21071,UsableItemDispBaneLabEquipmentTurpisDELETEDUPE,arch_bane_lab_equipment_shelf_v01.geo
21072,MisMarshesVillageRuinsForeanRelics,item_crate_hum_v01.geo
21073,ArchElohCorridorRoomMessengerMachineV01,arch_eloh_corridor_room_messenger_machine_v01.geo
21074,MisTurpisBombsToPlant,ammo_bullets_v01.geo
21075,MisMarshesItemAtomicStabilizer,item_machinepart_hum_v02.geo
21076,MisMarshesLogosAccessCard3,ammo_bullets_v01.geo
21077,TerraForeasQuarryBoulder01V01,terra_foreas_quarry_boulder01_v01.geo
21078,TerraForeasQuarryBoulder01V02,terra_foreas_quarry_boulder01_v02.geo
21079,TerraForeasQuarryBoulder01V03,terra_foreas_quarry_boulder01_v03.geo
21080,TerraForeasQuarryBoulder01V04,terra_foreas_quarry_boulder01_v04.geo
21081,UsableNPCHumMCorpseV01,prop_hum_m_corpse_v01.geo
21082,MisPlateauItemCrimecorder,item_datablock_hum.geo
21083,TerraForeasQuarryBoulderPile01V01,terra_foreas_quarry_boulder_pile01_v01.geo
21084,TerraForeasQuarryBoulder01V05,terra_foreas_quarry_boulder01_v05.geo
21085,ArchCormanTent01v01,arch_corman_tent01_v01.geo
21086,ArchForeanVillageJunctionStraightV02,arch_forean_village_junction_straight_v02.geo
21087,UsableNPCHumWorkstationV01,prop_hum_workstation_1m_2m_v01.geo
21088,MisMarshesItemScrapMetal,item_machinepart_hum_v01.geo
21089,MisMarshesItemStriderPowerCore,item_machinepart_bane_v01.geo
21090,MisMarshesItemBaneNanovirus,item_canister_bane_v02.geo
21091,MisMarshesItemAFSViralScrapper,item_canister_hum_v01.geo
21092,MisMarshesItemNanoviralRegulator,item_machinepart_hum_v02.geo
21093,TerraForeasQuarryBoulderPile01V02,terra_foreas_quarry_boulder_pile01_v02.geo
21094,ArchBaneOutpostRetainingWall28MV01,test_dvargo_arch_bane_industrial_chunnel_catwalk_platform_edger_28m.geo
21095,ArchBaneOutpostRetainingWall12MV01,test_dvargo_arch_bane_industrial_chunnel_catwalk_platform_edger_12m.geo
21096,TEST_Weapon_Stunner,hp_hum_pistol_physical_v01.geo
21097,ArchBrannGenObjFooddispenserV01,prop_brann_fooddispenser_v01.geo
21098,UsableItemDispElohLogosAirV01,arch_eloh_logos_air_v01.geo
21101,UsableItemDispElohLogosAncestorV01,arch_eloh_logos_ancestor_v01.geo
21103,UsableItemDispElohLogosAndWithV01,arch_eloh_logos_and_with_v01.geo
21105,UsableItemDispElohLogosApplaudV01,arch_eloh_logos_applaud_v01.geo
21107,UsableItemDispElohLogosArriveV01,arch_eloh_logos_arrive_v01.geo
21108,UsableItemDispElohLogosApproach,arch_eloh_logos_approach_v01.geo
21109,UsableItemDispElohLogosAsleepV01,arch_eloh_logos_asleep_v01.geo
21110,UsableItemDispElohLogosAtV01,arch_eloh_logos_at_v01.geo
21111,UsableItemDispElohLogosAwakeV01,arch_eloh_logos_awake_v01.geo
21113,UsableItemDispElohLogosBabyV01,arch_eloh_logos_baby_v01.geo
21114,UsableItemDispElohLogosBabyboyV01,arch_eloh_logos_babyboy_v01.geo
21117,UsableItemDispElohLogosBabygirlV01,arch_eloh_logos_babygirl_v01.geo
21121,UsableItemDispElohLogosBalancedV01,arch_eloh_logos_balanced_v01.geo
21122,UsableItemDispElohLogosBankV01,arch_eloh_logos_bank_v01.geo
21123,UsableItemDispElohLogosBecauseV01,arch_eloh_logos_because_v01.geo
21124,UsableItemDispElohLogosBeforeV01,arch_eloh_logos_before_v01.geo
21125,UsableItemDispElohLogosBeginV01,arch_eloh_logos_begin_v01.geo
21126,UsableItemDispElohLogosBehindV01,arch_eloh_logos_behind_v01.geo
21127,UsableItemDispElohLogosBeingV01,arch_eloh_logos_being_v01.geo
21128,UsableItemDispElohLogosBelieveV01,arch_eloh_logos_believe_v01.geo
21129,UsableItemDispElohLogosBesideV01,arch_eloh_logos_beside_v01.geo
21130,UsableItemDispElohLogosBigV01,arch_eloh_logos_big_v01.geo
21131,UsableItemDispElohLogosBlindV01,arch_eloh_logos_blind_v01.geo
21132,UsableItemDispElohLogosBodyV01,arch_eloh_logos_body_v01.geo
21133,UsableItemDispElohLogosBooV01,arch_eloh_logos_boo_v01.geo
21134,UsableItemDispElohLogosBookV01,arch_eloh_logos_book_v01.geo
21135,UsableItemDispElohLogosBoundaryV01,arch_eloh_logos_boundary_v01.geo
21136,UsableItemDispElohLogosBoyV01,arch_eloh_logos_boy_v01.geo
21137,UsableItemDispElohLogosBreakV01,arch_eloh_logos_break_v01.geo
21138,UsableItemDispElohLogosBridge2V01,arch_eloh_logos_bridge2_v01.geo
21139,UsableItemDispElohLogosBuffV01,arch_eloh_logos_buff_v01.geo
21140,UsableItemDispElohLogosBuildV01,arch_eloh_logos_build_v01.geo
21141,UsableItemDispElohLogosButV01,arch_eloh_logos_but_v01.geo
21142,UsableItemDispElohLogosBuyV01,arch_eloh_logos_buy_v01.geo
21143,UsableItemDispElohLogosChildV01,arch_eloh_logos_child_v01.geo
21144,UsableItemDispElohLogosChoiceV01,arch_eloh_logos_choice_v01.geo
21146,UsableItemDispElohLogosCivilizationV01,arch_eloh_logos_civilization_v01.geo
21147,UsableItemDispElohLogosClarityV01,arch_eloh_logos_clarity_v01.geo
21148,UsableItemDispElohLogosCloseV01,arch_eloh_logos_close_v01.geo
21149,UsableItemDispElohLogosColliseumV01,arch_eloh_logos_colliseum_v01.geo
21150,UsableItemDispElohLogosCometV01,arch_eloh_logos_comet_v01.geo
21151,UsableItemDispElohLogosComingV01,arch_eloh_logos_coming_v01.geo
21153,UsableItemDispElohLogosCommunicateV01,arch_eloh_logos_communicate_v01.geo
21154,UsableItemDispElohLogosConflictV01,arch_eloh_logos_conflict_v01.geo
21155,UsableItemDispElohLogosConfrontV01,arch_eloh_logos_confront_v01.geo
21156,UsableItemDispElohLogosConfusionV01,arch_eloh_logos_confusion_v01.geo
21157,UsableItemDispElohLogosConstellatiV01,arch_eloh_logos_constellati_v01.geo
21158,UsableItemDispElohLogosContainerV01,arch_eloh_logos_container_v01.geo
21161,UsableItemDispElohLogosCosmosV01,arch_eloh_logos_cosmos_v01.geo
21162,UsableItemDispElohLogosCraftworksV01,arch_eloh_logos_craftworks_v01.geo
21163,UsableItemDispElohLogosCreationV01DELETEME,arch_eloh_logos_creation_v01.geo
21164,UsableItemDispElohLogosCrestWainV01,arch_eloh_logos_CrestWain_v01.geo
21165,UsableItemDispElohLogosCropV01,arch_eloh_logos_crop_v01.geo
21166,UsableItemDispElohLogosCrushV01,arch_eloh_logos_crush_v01.geo
21167,UsableItemDispElohLogosCryV01,arch_eloh_logos_cry_v01.geo
21168,UsableItemDispElohLogosDayV01,arch_eloh_logos_day_v01.geo
21169,UsableItemDispElohLogosDeathV01,arch_eloh_logos_death_v01.geo
21170,UsableItemDispElohLogosDebuffV01,arch_eloh_logos_debuff_v01.geo
21171,UsableItemDispElohLogosDecreaseV01,arch_eloh_logos_decrease_v01.geo
21172,UsableItemDispElohLogosDefeatV01,arch_eloh_logos_defeat_v01.geo
21173,UsableItemDispElohLogosDepartV01,arch_eloh_logos_depart_v01.geo
21174,UsableItemDispElohLogosDescendentV01,arch_eloh_logos_descendent_v01.geo
21175,Bugverificationtest,flora_foreas_stinkcabbage01_v02.geo
21176,UsableItemDispElohLogosDestructionV01,arch_eloh_logos_destruction_v01.geo
21177,UsableItemDispElohLogosDiscoverV01,arch_eloh_logos_discover_v01.geo
21178,UsableItemDispElohLogosDishonorV01,arch_eloh_logos_dishonor_v01.geo
21179,UsableItemDispElohLogosDislikeV01,arch_eloh_logos_dislike_v01.geo
21180,UsableItemDispElohLogosDisplsdV01,arch_eloh_logos_displsd_v01.geo
21181,UsableItemDispElohLogosDistanceV01,arch_eloh_logos_distance_v01.geo
21182,UsableItemDispElohLogosDivideV01,arch_eloh_logos_divide_v01.geo
21183,UsableItemDispElohLogosDivisionV01,arch_eloh_logos_division_v01.geo
21184,UsableItemDispElohLogosDominateV01,arch_eloh_logos_dominate_v01.geo
21185,UsableItemDispElohLogosDoorV01,arch_eloh_logos_door_v01.geo
21186,UsableItemDispElohLogosDownV01,arch_eloh_logos_down_v01.geo
21187,UsableItemDispElohLogosDropV01,arch_eloh_logos_drop_v01.geo
21188,UsableItemDispElohLogosDropletV01,arch_eloh_logos_droplet_v01.geo
21189,UsableItemDispElohLogosEarV01,arch_eloh_logos_ear_v01.geo
21190,UsableItemDispElohLogosEastV01,arch_eloh_logos_east_v01.geo
21191,UsableItemDispElohLogosEatingV01,arch_eloh_logos_eating_v01.geo
21192,UsableItemDispElohLogosEffectV01,arch_eloh_logos_effect_v01.geo
21193,UsableItemDispElohLogosEHV01,arch_eloh_logos_EH_v01.geo
21194,UsableItemDispElohLogosEitherV01,arch_eloh_logos_either_v01.geo
21195,UsableItemDispElohLogosElohV01,arch_eloh_logos_eloh_v01.geo
21196,UsableItemDispElohLogosEmoteV01,arch_eloh_logos_emote_v01.geo
21197,UsableItemDispElohLogosEmpowerV01,arch_eloh_logos_empower_v01.geo
21198,UsableItemDispElohLogosEnlargingV01,arch_eloh_logos_enlarging_v01.geo
21199,UsableItemDispElohLogosEnlightenV01,arch_eloh_logos_enlighten_v01.geo
21200,UsableItemDispElohLogosEntranceV01,arch_eloh_logos_enhance_v01.geo
21201,UsableItemDispElohLogosEveryV01,arch_eloh_logos_every_v01.geo
21202,UsableItemDispElohLogosEveryonesV01,arch_eloh_logos_everyones_v01.geo
21203,UsableItemDispElohLogosEvilV01,arch_eloh_logos_evil_v01.geo
21204,UsableItemDispElohLogosEvolvedV01,arch_eloh_logos_evolved_v01.geo
21205,UsableItemDispElohLogosExamineV01,arch_eloh_logos_examine_v01.geo
21206,UsableItemDispElohLogosExchangeV01,arch_eloh_logos_exchange_v01.geo
21207,UsableItemDispElohLogosExitV01,arch_eloh_logos_exit_v01.geo
21208,UsableItemDispElohLogosEyeV01,arch_eloh_logos_eye_v01.geo
21209,UsableItemDispElohLogosFallV01,arch_eloh_logos_fall_v01.geo
21210,UsableItemDispElohLogosFarV01,arch_eloh_logos_far_v01.geo
21211,UsableItemDispElohLogosFarewellV01,arch_eloh_logos_farewell_v01.geo
21212,UsableItemDispElohLogosFarmFieldV01,arch_eloh_logos_farmfield_v01.geo
21213,UsableItemDispElohLogosFatherV01,arch_eloh_logos_father_v01.geo
21214,UsableItemDispElohLogosFewV01,arch_eloh_logos_few_v01.geo
21215,UsableItemDispElohLogosFingerV01,arch_eloh_logos_finger_v01.geo
21216,UsableItemDispElohLogosFireV01,arch_eloh_logos_fire_v01.geo
21217,UsableItemDispElohLogosFlowerV01,arch_eloh_logos_flower_v01.geo
21218,UsableItemDispElohLogosFoundedV01,arch_eloh_logos_founded_v01.geo
21219,UsableItemDispElohLogosFragileV01,arch_eloh_logos_fragile_v01.geo
21220,UsableItemDispElohLogosFrequencyV01,arch_eloh_logos_frequency_v01.geo
21221,UsableItemDispElohLogosFromV01,arch_eloh_logos_from_v01.geo
21222,UsableItemDispElohLogosFutureV01,arch_eloh_logos_future_v01.geo
21223,UsableItemDispElohLogosGalaxyV01,arch_eloh_logos_galaxy_v01.geo
21224,UsableItemDispElohLogosGameHallV01,arch_eloh_logos_gamehall_v01.geo
21225,UsableItemDispElohLogosGatherV01,arch_eloh_logos_gather_v01.geo
21226,UsableItemDispElohLogosGirlV01,arch_eloh_logos_girl_v01.geo
21227,UsableItemDispElohLogosGoingV01,arch_eloh_logos_going_v01.geo
21228,UsableItemDispElohLogosGoodV01,arch_eloh_logos_good_v01.geo
21229,UsableItemDispElohLogosGreatV01DELETEME,arch_eloh_logos_great_v01.geo
21230,UsableItemDispElohLogosGreetingV01,arch_eloh_logos_greeting_v01.geo
21231,UsableItemDispElohLogosGrowthV01,arch_eloh_logos_growth_v01.geo
21232,UsableItemDispElohLogosHandV01,arch_eloh_logos_hand_v01.geo
21233,UsableItemDispElohLogosHappyV01,arch_eloh_logos_happy_v01.geo
21234,UsableItemDispElohLogosHateV01,arch_eloh_logos_hate_v01.geo
21235,UsableItemDispElohLogosHaveV01,arch_eloh_logos_have_v01.geo
21236,UsableItemDispElohLogosHearingV01,arch_eloh_logos_hearing_v01.geo
21237,UsableItemDispElohLogosHideV01,arch_eloh_logos_hide_v01.geo
21238,UsableItemDispElohLogosHimV01,arch_eloh_logos_him-her_v01.geo
21239,UsableItemDispElohLogosHoldV01,arch_eloh_logos_hold_v01.geo
21241,UsableItemDispElohLogosHonorV01,arch_eloh_logos_honor_v01.geo
21242,UsableItemDispElohLogosHowV01,arch_eloh_logos_how_v01.geo
21243,UsableItemDispElohLogosIceV01,arch_eloh_logos_ice_v01.geo
21244,UsableItemDispElohLogosIfV01,arch_eloh_logos_if_v01.geo
21245,UsableItemDispElohLogosIgnoranceV01,arch_eloh_logos_ignorance_v01.geo
21246,UsableItemDispElohLogosImbalanceV01,arch_eloh_logos_imbalance_v01.geo
21247,UsableItemDispElohLogosImmortalityV01,arch_eloh_logos_immortality_v01.geo
21248,UsableItemDispElohLogosInV01,arch_eloh_logos_in_v01.geo
21249,UsableItemDispElohLogosInfinityV01,arch_eloh_logos_infinity_v01.geo
21250,UsableItemDispElohLogosInfrontV01,arch_eloh_logos_infront_v01.geo
21251,UsableItemDispElohLogosIntelligentV01,arch_eloh_logos_intelligent_v01.geo
21255,UsableItemDispElohLogosIntertwinedV01,arch_eloh_logos_intertwined_v01.geo
21256,UsableItemDispElohLogosIsV01,arch_eloh_logos_is_are_v01.geo
21257,UsableItemDispElohLogosItV01,arch_eloh_logos_it_v01.geo
21258,UsableItemDispElohLogosItsV01,arch_eloh_logos_its_v01.geo
21259,UsableItemDispElohLogosJoinedV01,arch_eloh_logos_joined_v01.geo
21260,UsableItemDispElohLogosJumbledV01,arch_eloh_logos_jumbled_v01.geo
21261,UsableItemDispElohLogosKnowledgeV01,arch_eloh_logos_knowledge_v01.geo
21262,UsableItemDispElohLogosLanguageV01,arch_eloh_logos_language_v01.geo
21263,UsableItemDispElohLogosLeftV01,arch_eloh_logos_left_v01.geo
21264,UsableItemDispElohLogosLikeV01,arch_eloh_logos_like_v01.geo
21265,UsableItemDispElohLogosLitV01DELETEME,arch_eloh_logos_lit_v01.geo
21266,TerraForeasQuarryRockLarge01V01,terra_foreas_quarry_rock_large01_v01.geo
21267,UsableItemDispElohLogosLocationV01,arch_eloh_logos_location_v01.geo
21268,TerraForeasQuarryRockLearge01V02,terra_foreas_quarry_rock_large01_v02.geo
21269,UsableItemDispElohLogosLogosV01,arch_eloh_logos_logos_v01.geo
21270,TerraForeasQuarryRockLarge01V03,terra_foreas_quarry_rock_large01_v03.geo
21271,UsableItemDispElohLogosElementV01,arch_eloh_logos_logoselement_v01.geo
21272,TerraForeasQuarryRockSmall01V01,terra_foreas_quarry_rock_small01_v01.geo
21273,TerraForeasQuarryRockSmall01V02,terra_foreas_quarry_rock_small01_v02.geo
21274,TerraForeasQuarryRockSmall01V03,terra_foreas_quarry_rock_small01_v03.geo
21275,UsableItemDispElohLogosLookingV01,arch_eloh_logos_looking_v01.geo
21277,UsableItemDispElohLogosLostV01,arch_eloh_logos_lost_v01.geo
21278,UsableItemDispElohLogosLoveV01,arch_eloh_logos_love_v01.geo
21279,UsableItemDispElohLogosLtSpeedV01,arch_eloh_logos_LtSpeed_v01.geo
21280,UsableItemDispElohLogosManV01,arch_eloh_logos_man_v01.geo
21281,UsableItemDispElohLogosMarketV01,arch_eloh_logos_market_v01.geo
21282,UsableItemDispElohLogosMayV01,arch_eloh_logos_may_could_v01.geo
21283,UsableItemDispElohLogosMeV01DELETEME,arch_eloh_logos_me_v01.geo
21284,UsableItemDispElohLogosMeetV01,arch_eloh_logos_meet_v01.geo
21287,UsableItemDispElohLogosMightV01,arch_eloh_logos_might_v01.geo
21288,UsableItemDispElohLogosMineV01,arch_eloh_logos_mine_v01.geo
21289,UsableItemDispElohLogosMncwaxV01,arch_eloh_logos_mncwax_v01.geo
21290,UsableItemDispElohLogosMnFullV01,arch_eloh_logos_MnFull_v01.geo
21291,UsableItemDispElohLogosMnGWV01,arch_eloh_logos_MnGW_v01.geo
21292,UsableItemDispElohLogosMnGWaxV01,arch_eloh_logos_MnGWax_v01.geo
21293,UsableItemDispElohLogosMnHWV01,arch_eloh_logos_mnHW_v01.geo
21294,UsableItemDispElohLogosMnNewV01,arch_eloh_logos_MnNew_v01.geo
21295,UsableItemDispElohLogosMoonV01,arch_eloh_logos_moon_v01.geo
21296,UsableItemDispElohLogosMotherV01,arch_eloh_logos_mother_v01.geo
21297,UsableItemDispElohLogosMountainV01,arch_eloh_logos_mountain_v01.geo
21298,MisItemLamnaBluePrints,prop_bane_console_datablade_full.geo
21300,UsableItemDispLamnaBluePrintsDELETEDUPE,prop_bane_console_datablade_full.geo
21301,UsableItemDispElohLogosMouthV01,arch_eloh_logos_mouth_v01.geo
21302,UsableItemDispElohLogosMultiplyV01,arch_eloh_logos_multiply_v01.geo
21303,UsableItemDispElohLogosMuseumV01,arch_eloh_logos_museum_v01.geo
21304,UsableItemDispElohLogosNeither,arch_eloh_logos_neither_v01.geo
21305,UsableItemDispElohLogosNephV01,arch_eloh_logos_neph_v01.geo
21306,UsableItemDispElohLogosNightV01,arch_eloh_logos_night_v01.geo
21307,UsableItemDispElohLogosNoneV01,arch_eloh_logos_none_v01.geo
21308,UsableItemDispElohLogosNorV01,arch_eloh_logos_nor_v01.geo
21309,UsableItemDispElohLogosNorthV01,arch_eloh_logos_north_v01.geo
21311,UsableItemDispElohLogosNoseV01,arch_eloh_logos_nose_v01.geo
21312,UsableItemDispElohLogosNotV01,arch_eloh_logos_not_v01.geo
21313,UsableItemDispElohLogosNothingV01,arch_eloh_logos_nothing_v01.geo
21314,UsableItemDispElohLogosNowV01,arch_eloh_logos_now_v01.geo
21316,UsableItemDispElohLogosOfV01,arch_eloh_logos_of_v01.geo
21317,UsableItemDispElohLogosOnV01,arch_eloh_logos_on_v01.geo
21318,UsableItemDispElohLogosOnlyV01,arch_eloh_logos_only_v01.geo
21319,UsableItemDispElohLogosOpenV01,arch_eloh_logos_open_v01.geo
21320,UsableItemDispLamnaPrototypeWeaponDELETEDUPE,prop_hmachina_corpse_weapon_v01.geo
21321,UsableItemDispElohLogosOppositeV01,arch_eloh_logos_opposite_v01.geo
21322,MisItemLamnaPrototypeWeaponRifle,prop_hmachina_corpse_weapon_v01.geo
21323,UsableItemDispElohLogosOrV01,arch_eloh_logos_or_v01.geo
21324,UsableItemDispElohLogosOrionV01,arch_eloh_logos_orion_v01.geo
21325,UsableItemDispElohLogosOthersV01,arch_eloh_logos_others_v01.geo
21326,UsableItemDispElohLogosOursV01,arch_eloh_logos_ours_v01.geo
21327,UsableItemDispElohLogosOutV01,arch_eloh_logos_out_v01.geo
21328,UsableItemDispElohLogosPageV01,arch_eloh_logos_page_v01.geo
21329,UsableItemDispElohLogosParentV01,arch_eloh_logos_parent_v01.geo
21330,UsableItemDispElohLogosPastV01,arch_eloh_logos_past_v01.geo
21331,UsableItemDispElohLogosPeopleV01,arch_eloh_logos_people_v01.geo
21332,UsableItemDispElohLogosPermitV01,arch_eloh_logos_permit_v01.geo
21333,UsableItemDispElohLogosPersonV01,arch_eloh_logos_person_v01.geo
21334,UsableItemDispElohLogosPhiV01,arch_eloh_logos_phi_v01.geo
21335,UsableItemDispElohLogosPickupV01,arch_eloh_logos_pickup_v01.geo
21336,UsableItemDispElohLogosPlaceV01,arch_eloh_logos_place_v01.geo
21337,UsableItemDispElohLogosPlanetV01,arch_eloh_logos_planet_v01.geo
21338,UsableItemDispElohLogosPlsdV01,arch_eloh_logos_plsd_v01.geo
21339,UsableItemDispElohLogosPonderV01,arch_eloh_logos_ponder_v01.geo
21340,UsableItemDispElohLogosProgressV01,arch_eloh_logos_progress_v01.geo
21341,UsableItemDispElohLogosQuestionV01,arch_eloh_logos_question_v01.geo
21342,UsableItemDispElohLogosRainV01,arch_eloh_logos_rain_v01.geo
21343,UsableItemDispElohLogosReadV01,arch_eloh_logos_read_v01.geo
21344,UsableItemDispElohLogosRebirthV01,arch_eloh_logos_rebirth_v01.geo
21345,UsableItemDispElohLogosReleaseV01,arch_eloh_logos_release_v01.geo
21346,UsableItemDispElohLogosRepairV01,arch_eloh_logos_repair_v01.geo
21347,UsableItemDispElohLogosRepeatV01,arch_eloh_logos_repeat_v01.geo
21348,UsableItemDispElohLogosReplyV01,arch_eloh_logos_reply_v01.geo
21349,UsableItemDispElohLogosRetailV01,arch_eloh_logos_retail_v01.geo
21350,UsableItemDispElohLogosRightV01,arch_eloh_logos_right_v01.geo
21351,UsableItemDispElohLogosRocketV01,arch_eloh_logos_rocket_v01.geo
21352,UsableItemDispElohLogosSadV01,arch_eloh_logos_sad_v01.geo
21353,UsableItemDispElohLogosSearchV01,arch_eloh_logos_search_v01.geo
21354,UsableItemDispElohLogosSecularV01,arch_eloh_logos_secular_v01.geo
21355,UsableItemDispElohLogosSeedsV01,arch_eloh_logos_seeds_v01.geo
21356,UsableItemDispElohLogosSellV01,arch_eloh_logos_sell_v01.geo
21357,UsableItemDispElohLogosShipV01,arch_eloh_logos_ship_v01.geo
21358,UsableItemDispElohLogosShrineV01,arch_eloh_logos_shrine_v01.geo
21359,UsableItemDispElohLogosShrinkingV01,arch_eloh_logos_shrinking_v01.geo
21360,UsableItemDispElohLogosSignV01,arch_eloh_logos_sine_v01.geo
21361,UsableItemDispElohLogosSignsV01,arch_eloh_logos_signs_v01.geo
21362,UsableItemDispElohLogosSimilarV01,arch_eloh_logos_similar_v01.geo
21363,UsableItemDispElohLogosSineV01,arch_eloh_logos_sine_v01.geo
21364,UsableItemDispElohLogosSkyV01,arch_eloh_logos_sky_v01.geo
21365,UsableItemDispElohLogosSmallV01,arch_eloh_logos_small_v01.geo
21366,UsableItemDispElohLogosSmellingV01,arch_eloh_logos_smelling_v01.geo
21367,UsableItemDispElohLogosSnowV01,arch_eloh_logos_snow_v01.geo
21368,UsableItemDispElohLogosSolarsysV01,arch_eloh_logos_solarsys_v01.geo
21369,UsableItemDispElohLogosSouthV01,arch_eloh_logos_south_v01.geo
21370,UsableItemDispElohLogosSpeakingV01,arch_eloh_logos_speaking_v01.geo
21371,UsableItemDispElohLogosSpiritV01,arch_eloh_logos_spirit_v01.geo
21372,UsableItemDispElohLogosStarV01,arch_eloh_logos_star_v01.geo
21373,UsableItemDispElohLogosStoreV01,arch_eloh_logos_store_v01.geo
21374,UsableItemDispElohLogosStrongV01,arch_eloh_logos_strong_v01.geo
21375,UsableItemDispElohLogosSubmitV01,arch_eloh_logos_submit_v01.geo
21376,UsableItemDispElohLogosSubtractV01_DONOTUSE,arch_eloh_logos_subtract_v01.geo
21377,UsableItemDispElohLogosSummerV01,arch_eloh_logos_summer_v01.geo
21378,UsableItemDispElohLogosSunV01,arch_eloh_logos_sun_v01.geo
21379,UsableItemDispElohLogosSunriseV01,arch_eloh_logos_sunrise_v01.geo
21380,UsableItemDispElohLogosSunsetV01,arch_eloh_logos_sunset_v01.geo
21381,UsableItemDispElohLogosSurroundV01,arch_eloh_logos_surround_v01.geo
21382,UsableItemDispElohLogosSymbolV01,arch_eloh_logos_symbol_v01.geo
21383,UsableItemDispElohLogosSymbologyV01,arch_eloh_logos_symbology_v01.geo
21384,UsableItemDispElohLogosTempleV01,arch_eloh_logos_temple_v01.geo
21385,UsableItemDispElohLogosThatV01,arch_eloh_logos_that_v01.geo
21386,UsableItemDispElohLogosTheV01,arch_eloh_logos_the_v01.geo
21387,UsableItemDispElohLogosTheaterV01,arch_eloh_logos_theater_v01.geo
21388,UsableItemDispElohLogosTheirsV01,arch_eloh_logos_theirs_v01.geo
21389,UsableItemDispElohLogosThemV01,arch_eloh_logos_them_v01.geo
21390,UsableItemDispElohLogosThereV01,arch_eloh_logos_there_v01.geo
21391,UsableItemDispElohLogosTheseV01,arch_eloh_logos_these_v01.geo
21392,UsableItemDispElohLogosThingV01,arch_eloh_logos_thing_v01.geo
21393,UsableItemDispElohLogosThoseV01,arch_eloh_logos_those_v01.geo
21394,UsableItemDispElohLogosThroughV01,arch_eloh_logos_through_v01.geo
21395,UsableItemDispElohLogosTiredV01,arch_eloh_logos_tired_v01.geo
21396,UsableItemDispElohLogosToFarV01,arch_eloh_logos_to_far_v01.geo
21397,UsableItemDispElohLogosTodayV01,arch_eloh_logos_today_v01.geo
21398,UsableItemDispElohLogosTogetherV01,arch_eloh_logos_together_v01.geo
21399,UsableItemDispElohLogosTomorrowV01,arch_eloh_logos_tomorrow_v01.geo
21400,UsableItemDispElohLogosTouchV01,arch_eloh_logos_touch_v01.geo
21401,UsableItemDispElohLogosToughV01,arch_eloh_logos_tough_v01.geo
21402,UsableItemDispElohLogosTradeV01,arch_eloh_logos_trade_v01.geo
21403,UsableItemDispElohLogosTransformV01,arch_eloh_logos_transform_v01.geo
21404,UsableItemDispElohLogosTreeV01,arch_eloh_logos_tree_v01.geo
21405,UsableItemDispElohLogosTrueV01,arch_eloh_logos_true_v01.geo
21407,UsableItemDispElohLogosUnfriendlyV01,arch_eloh_logos_unfriendly_v01.geo
21408,UsableItemDispElohLogosUnintelligentV01,arch_eloh_logos_unintelligent_v01.geo
21409,UsableItemDispElohLogosUnitofValueV01,arch_eloh_logos_unitofvalue_v01.geo
21410,UsableItemDispElohLogosUpV01,arch_eloh_logos_up_v01.geo
21412,UsableItemDispElohLogosValleyV01,arch_eloh_logos_valley_v01.geo
21413,UsableItemDispElohLogosVehicleV01,arch_eloh_logos_vehicle_land_v01.geo
21414,UsableItemDispElohLogosVictoryV01,arch_eloh_logos_victory_v01.geo
21415,UsableItemDispElohLogosVisitV01,arch_eloh_logos_visit_v01.geo
21416,UsableItemDispElohLogosWarV01,arch_eloh_logos_war_v01.geo
21417,UsableItemDispElohLogosWasWereV01,arch_eloh_logos_was_were_v01.geo
21418,UsableItemDispElohLogosWasNotV01,arch_eloh_logos_wasnot_v01.geo
21419,UsableItemDispElohLogosWaterV01,arch_eloh_logos_water_v01.geo
21420,UsableItemDispElohLogosEveryoneV01,arch_eloh_logos_we_all_v01.geo
21421,UsableItemDispElohLogosWeakV01,arch_eloh_logos_weak_v01.geo
21422,UsableItemDispElohLogosWestV01,arch_eloh_logos_west_v01.geo
21425,UsableItemDispElohLogosWhatV01,arch_eloh_logos_what_v01.geo
21426,UsableItemDispElohLogosWheelV01,arch_eloh_logos_wheel_v01.geo
21427,UsableItemDispElohLogosWhenV01,arch_eloh_logos_when_v01.geo
21428,UsableItemDispElohLogosWhereV01,arch_eloh_logos_where_v01.geo
21429,UsableItemDispElohLogosWhichV01,arch_eloh_logos_which_v01.geo
21430,UsableItemDispElohLogosWillbeV01,arch_eloh_logos_willbe_v01.geo
21431,UsableItemDispElohLogosWillNotV01,arch_eloh_logos_willnot_v01.geo
21432,UsableItemDispElohLogosWinterV01,arch_eloh_logos_winter_v01.geo
21433,UsableItemDispElohLogosWomanV01,arch_eloh_logos_woman_v01.geo
21434,UsableItemDispElohLogosWorkV01,arch_eloh_logos_work_v01.geo
21435,UsableItemDispElohLogosWritingV01,arch_eloh_logos_writing_v01.geo
21436,UsableItemDispElohLogosYallV01,arch_eloh_logos_yall_v01.geo
21437,MisPlateauItemMaligoAmmoCrate,prop_hum_crate_amo01_V04.geo
21438,MisPlateauItemMaligoSupplyCrate,prop_hum_crate_supplies01_V04.geo
21439,MisPlateauItemMaligoLevel1Card,item_keycard_v01_bane.geo
21440,MisPlateauItemMaligoLevel2Card,item_keycard_v02_bane.geo
21441,MisPlateauItemMaligoLevel3Card,item_keycard_v03_bane.geo
21442,MisPlateauItemMaligoSchematics,item_datablock_hum.geo
21443,MisPlateauItemMaligoWHActivationCube,item_datablade_bane.geo
21444,UsableItemDispElohLogosYawlsV01,arch_eloh_logos_yawls_v01.geo
21445,UsableItemDispElohLogosYearV01,arch_eloh_logos_year_v01.geo
21446,UsableItemDispElohLogosYearsV01,arch_eloh_logos_years_v01.geo
21447,UsableItemDispElohLogosYesterdayV01,arch_eloh_logos_yesterday_v01.geo
21448,UsableItemDispElohLogosYouV01,arch_eloh_logos_you_v01.geo
21449,UsableItemDispElohLogosYoursV01,arch_eloh_logos_yours_v01.geo
21450,WaterForeasPool48m64mDirtyV01,water_foreas_pool_48m_64m_dirty_v01.geo
21451,VfxWaterfallDirty8m64mV01,vfx_waterfall_dirty_8m_64m_v01.geo
21452,VfxWaterfallDirty32m48mV01,vfx_waterfall_dirty_32m_48m_v01.geo
21453,VfxWaterfallDirty32m64V01,vfx_waterfall_dirty_32m_64m_v01.geo
21455,UsableCrSpawnerDestDELETEDUPE,prop_bane_barrel_v01.geo
21456,TerraForeasCavernStalagmiteLargeV01,terra_foreas_cavern_stalagmite_large_v01.geo
21457,ArchBrannCorridorRoom01PanopticonCellV01,arch_brann_corridor_room_01_panopticon_cell_v01.geo
21458,TerraForeasCavernStalagmiteLargeV02,terra_foreas_cavern_stalagmite_large_v02.geo
21459,TerraForeasCavernStalagmiteLargeV03,terra_foreas_cavern_stalagmite_large_v03.geo
21460,TerraForeasCavernStalagmiteLargeV04,terra_foreas_cavern_stalagmite_large_v04.geo
21461,TerraForeasCavernStalagmitesV01,terra_foreas_cavern_stalagmites_v01.geo
21462,TerraForeasCavernStalagmitesV02,terra_foreas_cavern_stalagmites_v02.geo
21463,TerraForeasCavernStalagmitesV03,terra_foreas_cavern_stalagmites_v03.geo
21464,TerraForeasCavernStalagmitesV04,terra_foreas_cavern_stalagmites_v04.geo
21465,TerraForeasCavernStalagmitesV05,terra_foreas_cavern_stalagmites_v05.geo
21466,TerraForeasCavernStalagmitesV06,terra_foreas_cavern_stalagmites_v06.geo
21467,TerraForeasCavernStalagmitesV07,terra_foreas_cavern_stalagmites_v07.geo
21468,TerraForeasCavernStalagmitesV08,terra_foreas_cavern_stalagmites_v08.geo
21470,Ambient_Grisel,creature_bane_grisel_v01.geo
21471,TerraForeasCavernStalagmitesBunchV01,terra_foreas_cavern_stalagmites_bunch_v01.geo
21473,UsableItemDispDQdatabladeV01DELETEDUPE,item_datablade_bane.geo
21474,Bane_Hominis_Machina_Boss,creature_thrax_hominis_v01.geo
21475,UsableItemDispDQdatabladeV02DELETEDUPE,prop_bane_console_datablade_full.geo
21476,PropForeanFemaleCorpseV01,prop_forean_female_corpse_v01.geo
21477,PropForeanFemaleCorpseV02,prop_forean_female_corpse_v02.geo
21478,PropForeanWarriorCorpseV01,prop_forean_warrior_corpse_v01.geo
21479,PropForeanWarriorCorpseV02,prop_forean_warrior_corpse_v02.geo
21481,MisPlateauItemDQkey,item_keycard_bane_gen.geo
21482,ArchHumCorrRoomPrisonBlockV01,arch_hum_corr_room_prison_block_v04.geo
21483,ArchHumCorrRoomPrisonBlockV02,arch_hum_corr_room_prison_block_v05.geo
21486,UsableDoorHumPrisonBlockForcfieldV01,arch_hum_underground_prison_block_forcefield_v01max.geo
21488,TerraForeasCavernStalagmitesBunchV02,terra_foreas_cavern_stalagmites_bunch_v02.geo
21490,ArchHumGenObjFlashlight,hp_hum_flashlight.geo
21491,ArchHumGenObjGlowstickBlue,prop_hum_glowstick_blue.geo
21492,ArchHumGenObjGlowstickBluePole,prop_hum_glowstick_blue_pole.geo
21493,ArchHumGenObjGlowstickGreen,prop_hum_glowstick_green.geo
21494,ArchHumGenObjGlowstickGreenPole,prop_hum_glowstick_green_pole.geo
21495,ArchHumGenObjGlowstickYellow,prop_hum_glowstick_yellow.geo
21496,ArchHumGenObjGlowstickYellowPole,prop_hum_glowstick_yellow_pole.geo
21497,ArchHumGenObjLightFlare,prop_hum_light_flare_white.geo
21498,ArchHumGenObjGlowstickCrate,prop_hum_glowstick_box.geo
21499,Bane_Fithik_Wingless_EggCluster,creature_thrax_fithik_v02.geo
21500,TerraForeasCavernStalagmiteCrystal01V01,terra_foreas_cavern_stalagmite_crystal01_v01.geo
21501,TerraForeasCavernStalagmiteCrystal02V01,terra_foreas_cavern_stalagmite_crystal02_v01.geo
21502,ArchHumGenObjLantern,prop_hum_lantern.geo
21503,Creature_Treeback_Cub,creature_foreas_treeback_young_v01.geo
21504,ArchHumGenObjSpotLightTop,arch_hum_spotlight_v03_top.geo
21505,ArchHumGenObjSpotLightBase,arch_hum_spotlight_v03_bottom.geo
21506,ArchBrannCorridorRoom01QuarterV05,arch_brann_corridor_room_01_quarter_v05.geo
21507,ArchHumGenObjPathlight,prop_hum_pathlight.geo
21508,ArchBrannCorridorRoonQuarterV06,arch_brann_corridor_room_01_quarter_v06.geo
21509,ArchBrannCorridorRoonQuarterV07,arch_brann_corridor_room_01_quarter_v07.geo
21510,ArchBrannCorridorRoonQuarterV08,arch_brann_corridor_room_01_quarter_v08.geo
21511,ArchForeanElohTempleWallStraightTall32mV01,arch_forean_eloh_temple_wall_straight_tall_32m_v01.geo
21512,ArchForeanElohTempleWallCornerOutTallV01,arch_forean_eloh_temple_wall_corner_out_tall_v01.geo
21513,ArchForeanElohTempleStairsTall8mV01,arch_forean_eloh_temple_stairs_tall_8m_v01.geo
21514,ArchElohWormholeTowerV02,arch_eloh_wormhole_tower_v02.geo
21516,MisTreebackBioBootsReward,ammo_bullets_v01.geo
21517,MisTreebackHeavyBootsReward,ammo_bullets_v01.geo
21518,MisTreebackMechBootsReward,ammo_bullets_v01.geo
21519,MisTreebackStealthBootsReward,ammo_bullets_v01.geo
21520,MisTreebackBioPantsReward,ammo_bullets_v01.geo
21521,MisTreebackHeavyPantsReward,ammo_bullets_v01.geo
21522,MisTreebackMechPantsReward,ammo_bullets_v01.geo
21523,MisTreebackStealthPantsReward,ammo_bullets_v01.geo
21524,MisTreebackBioGlovesReward,ammo_bullets_v01.geo
21525,MisTreebackHeavyGlovesReward,ammo_bullets_v01.geo
21526,MisTreebackMechGlovesReward,ammo_bullets_v01.geo
21527,MisTreebackStealthGlovesReward,ammo_bullets_v01.geo
21528,MisTreebackBioChestReward,ammo_bullets_v01.geo
21529,MisTreebackHeavyChestReward,ammo_bullets_v01.geo
21530,MisTreebackMechChestReward,ammo_bullets_v01.geo
21531,MisTreebackStealthChestReward,ammo_bullets_v01.geo
21532,MisTreebackBioHatReward,ammo_bullets_v01.geo
21533,MisTreebackHeavyHatReward,ammo_bullets_v01.geo
21534,MisTreebackMechHatReward,ammo_bullets_v01.geo
21535,MisTreebackStealthHatReward,ammo_bullets_v01.geo
21536,ArchHumOutpostTowerV03,arch_hum_outpost_tower_v06.geo
21538,MisMarshesPipelineBomb,ammo_bullets_v01.geo
21539,FloraElohLillyV05,flora_eloh_lily_v05.geo
21540,TerraForeasCavernRock01v01,terra_foreas_cavern_rock01_v01.geo
21541,TerraForeasCavernRock01v02,terra_foreas_cavern_rock01_v02.geo
21542,TerraForeasCavernRock02v01,terra_foreas_cavern_rock02_v01.geo
21543,TerraForeasCavernsRock02v02,terra_foreas_cavern_rock02_v02.geo
21544,TerraForeasCavernRock02v03,terra_foreas_cavern_rock02_v03.geo
21545,TerraForeasCavernRock02v04,terra_foreas_cavern_rock02_v04.geo
21546,TerraForeasCavernStalactiteBillboard01v01,terra_foreas_cavern_stalactite_billboard01_v01.geo
21547,TerraForeasCavernStalactiteBillboard02v01,terra_foreas_cavern_stalactite_billboard02_v01.geo
21548,TerraForeasCavernStalactiteLg01v01,terra_foreas_cavern_stalactite_lg01_v01.geo
21549,TerraForeasCavernStalactiteLg01v02,terra_foreas_cavern_stalactite_lg01_v02.geo
21550,TerraForeasCavernStalagmitesBunchV03,terra_foreas_cavern_stalagmites_bunch_v03.geo
21551,UsableCrSpawnerDELETEV01,arch_forean_fithiceggcluster_v01.geo
21552,TerraForeasCavernRockLarge01V01,terra_foreas_cavern_rock_large01_v01.geo
21554,TerraForeasCavernRockLarge01V03,terra_foreas_cavern_rock_large01_v03.geo
21555,TerraForeasCavernRockLarge01V04,terra_foreas_cavern_rock_large01_v04.geo
21556,TerraForeasCavernRockLarge01V05,terra_foreas_cavern_rock_large01_v05.geo
21559,TerraForeasCavernRockMed01V01,terra_foreas_cavern_rock_med01_v01.geo
21560,TerraForeasCavernRockMed01V02,terra_foreas_cavern_rock_med01_v02.geo
21561,MisPlateauItemBookofvelanor,item_bag_hum_v02.geo
21562,FloraElohLilyV06,flora_eloh_lily_v06.geo
21563,UsableTreasureDispForeanCorpseShamenV01,usable_td_corpse_forean_shamen_v01.geo
21564,MisMarshesItemDividedInsignia,ammo_bullets_v01.geo
21565,TerraForeasCavernRockLarge01V02,terra_foreas_cavern_rock_large01_v02.geo
21566,TerraForeasCavernStalagmitesBunchV04,terra_foreas_cavern_stalagmites_bunch_v04.geo
21567,TerraForeasCavernStalagmitesBunchV05,terra_foreas_cavern_stalagmites_bunch_v05.geo
21568,UsableStatelessBaneCargoCrateDELETEDUPE,prop_bane_crate_stack_v01.geo
21569,TerraForeasCavernStalactiteBillboard01v02,terra_foreas_cavern_stalactite_billboard01_v02.geo
21570,TerraForeasCavernStalactiteBillboard01v03,terra_foreas_cavern_stalactite_billboard01_v03.geo
21571,TerraForeasCavernStalactiteBillboard02v02,terra_foreas_cavern_stalactite_billboard02_v02.geo
21572,TerraForeasCavernStalactiteBillboard02v03,terra_foreas_cavern_stalactite_billboard02_v03.geo
21573,MisPlateauItemDQbomb,item_canister_hum_v02.geo
21577,ArchBaneIndustrialChunnelRoomRefineryV01,arch_bane_industrial_chunnel_room_refinery_v01_.geo
21579,TerraForeasCavernStalagmiteCrystal01V02,terra_foreas_cavern_stalagmite_crystal01_v02.geo
21580,Ambient_Fish,creature_ambient_fish_v01.geo
21650,Shield_NPC_01,ammo_rockets_v01.geo
21651,Shield_NPC_02,ammo_rockets_v01.geo
21652,Shield_NPC_03,ammo_rockets_v01.geo
21653,Shield_NPC_04,ammo_rockets_v01.geo
21654,Shield_NPC_05,ammo_rockets_v01.geo
21655,Shield_NPC_06,ammo_rockets_v01.geo
21656,Shield_NPC_07,ammo_rockets_v01.geo
21657,Shield_NPC_08,ammo_rockets_v01.geo
21658,Shield_NPC_09,ammo_rockets_v01.geo
21659,Shield_NPC_10,ammo_rockets_v01.geo
21660,Shield_NPC_11,ammo_rockets_v01.geo
21661,Shield_NPC_12,ammo_rockets_v01.geo
21662,Shield_NPC_13,ammo_rockets_v01.geo
21663,Shield_NPC_14,ammo_rockets_v01.geo
21664,Shield_NPC_15,ammo_rockets_v01.geo
21665,Shield_NPC_16,ammo_rockets_v01.geo
21666,Shield_NPC_17,ammo_rockets_v01.geo
21667,Shield_NPC_18,ammo_rockets_v01.geo
21668,Shield_NPC_19,ammo_rockets_v01.geo
21669,Shield_NPC_20,ammo_rockets_v01.geo
21670,Shield_NPC_21,ammo_rockets_v01.geo
21671,Shield_NPC_22,ammo_rockets_v01.geo
21672,Shield_NPC_23,ammo_rockets_v01.geo
21673,Shield_NPC_24,ammo_rockets_v01.geo
21674,Shield_NPC_25,ammo_rockets_v01.geo
21675,Shield_NPC_26,ammo_rockets_v01.geo
21676,Shield_NPC_27,ammo_rockets_v01.geo
21677,Shield_NPC_28,ammo_rockets_v01.geo
21678,Shield_NPC_29,ammo_rockets_v01.geo
21679,Shield_NPC_30,ammo_rockets_v01.geo
21680,Shield_NPC_31,ammo_rockets_v01.geo
21681,Shield_NPC_32,ammo_rockets_v01.geo
21682,Shield_NPC_33,ammo_rockets_v01.geo
21683,Shield_NPC_34,ammo_rockets_v01.geo
21684,Shield_NPC_35,ammo_rockets_v01.geo
21685,Shield_NPC_36,ammo_rockets_v01.geo
21686,Shield_NPC_37,ammo_rockets_v01.geo
21687,Shield_NPC_38,ammo_rockets_v01.geo
21688,Shield_NPC_39,ammo_rockets_v01.geo
21689,Shield_NPC_40,ammo_rockets_v01.geo
21690,Shield_NPC_41,ammo_rockets_v01.geo
21691,Shield_NPC_42,ammo_rockets_v01.geo
21692,Shield_NPC_43,ammo_rockets_v01.geo
21693,Shield_NPC_44,ammo_rockets_v01.geo
21694,Shield_NPC_45,ammo_rockets_v01.geo
21695,Shield_NPC_46,ammo_rockets_v01.geo
21696,Shield_NPC_47,ammo_rockets_v01.geo
21697,Shield_NPC_48,ammo_rockets_v01.geo
21698,Shield_NPC_49,ammo_rockets_v01.geo
21699,Shield_NPC_50,ammo_rockets_v01.geo
21700,ArchElohElohvaleFrontGateV01,arch_eloh_elohvale_front_gate_v01.geo
21701,TerraForeasCavernStalactiteLg01v03,terra_foreas_cavern_stalactite_lg01_v03.geo
21702,TerraForeasCavernStalactiteLg01v04,terra_foreas_cavern_stalactite_lg01_v04.geo
21703,TerraForeasCavernStalagmiteCrystal01V03,terra_foreas_cavern_stalagmite_crystal01_v03.geo
21704,MisPoolsItemObeliskBaneKey,item_datablade_bane.geo
21705,ArchHumGenObjSpotLightBaseWallmount,arch_hum_spotlight_v04_bottom.geo
21707,ArchElohElohValeBridgeV01,arch_eloh_elohvale_bridge_v01.geo
21708,TerraForeasCavernStalagmiteCrystal02V02,terra_foreas_cavern_stalagmite_crystal02_v02.geo
21711,Test_Anchor,test_anchor.geo
21712,TerraForeasCavernStalagmiteLargeV05,terra_foreas_cavern_stalagmite_large_v05.geo
21713,TerraForeasCavernStalagmitesV09,terra_foreas_cavern_stalagmites_v09.geo
21714,ArchBaneIndustrialChunnelRoomRefineryCatwalkV01,arch_bane_industrial_chunnel_room_refinery_catwalk_v01_.geo
21715,UsableNPCVogrenHologram,arch_eloh_hologram_vogren_npc.geo
21716,TerraForeasCavernStraightStacked160224mV01,terra_foreas_cavern_straight_stacked16_24m_v02.geo
21717,TerraForeasCavernOffset824mRV02,terra_foreas_cavern_offset8_24m_r_v02.geo
21718,MisDivideTorcastraGateKey,item_keycard_v01_bane.geo
21719,TerraForeasCavernOffset1624mRV02,terra_foreas_cavern_offset16_24m_r_v02.geo
21720,TerraForeasCavernRamp824mV02,terra_foreas_cavern_ramp8_24m_v02.geo
21721,TerraForeasCavernRamp1624mV02,terra_foreas_cavern_ramp16_24m_v02.geo
21722,TerraForeasCavernTee16mv03,terra_foreas_cavern_tee_02_16m_v03.geo
21723,TerraForeasCavernStraight24mv02,terra_foreas_cavern_straight_24m_v02.geo
21724,TerraForeasCavernTurn24mv02,terra_foreas_cavern_turn_24m_v02.geo
21725,TerraForeasCavernSplit1624mv02,terra_foreas_cavern_split16_24m_v02.geo
21728,TerraForeasCavernOffset1624mLV02,terra_foreas_cavern_offset16_24m_l_v02.geo
21729,TerraForeasCavernRampleft824mV02,terra_foreas_cavern_rampleft8_24m_v02.geo
21730,TerraForeasCavernOffset824miV02,terra_foreas_cavern_offset8_24m_l_v02.geo
21731,TerraForeasCavernSplit16824mv02,terra_foreas_cavern_split16_8_24m_v02.geo
21732,TerraForeasCavernTee16mV05,terra_foreas_cavern_tee_16m_v05.geo
21733,ArchBaneIndustrialChunnelRoomRefineryMachineV01,arch_bane_industrial_chunnel_room_refinery_machine_v01_.geo
21734,TerraForeasCavernTee16mV04,terra_foreas_cavern_tee_16m_v04.geo
21736,TerraForeasCavernRampright824mV02,terra_foreas_cavern_rampright8_24m_v02.geo
21737,TerraForeasCavernStraight8mV02,terra_foreas_cavern_straight_8m_v02.geo
21738,ArchElohElohValeGateCaveV01,test_dvargo_arch_eloh_elohvale_front_gate_cave.geo
21739,TerraForeasCavernEndcapV02,terra_foreas_cavern_endcap_v02.geo
21740,ArchForeanElohTempleAqueduct24mV01,arch_forean_eloh_temple_aqueduct_24m_v01.geo
21742,UsableCrSpawnerHumDropshipVerticalV01DELETE,vehicle_hum_dropship_v01.geo
21743,TerraBaneGooLake128mV02,terra_bane_goo_lake_128m_v02.geo
21744,TerraForeasCavernRoomCrystalsV02small01,terra_foreas_cavern_room_crystals_v02_small01.geo
21745,TerraForeasCavernRoomCrystalsV02small02,terra_foreas_cavern_room_crystals_v02_small02.geo
21746,TerraForeasCavernRoomCrystalsV02small03,terra_foreas_cavern_room_crystals_v02_small03.geo
21747,ArchElohObeliskCliffV01,arch_eloh_obelisk_cliff_v01.geo
21748,ArchElohWormholeTowerInteriorV01,test_dvargo_eloh_wormhole_tower_interior2.geo
21749,ArchBanePipeSpotLight,arch_bane_pipe_spot_light.geo
21750,ArchBaneBulletLight,arch_bane_bullet_light_v01.geo
21751,ArchBaneTubeLightV01,arch_bane_tube_light_v01.geo
21752,ArchBaneTubeLightV02,arch_bane_tube_light_v02.geo
21753,ArchElohElohvaleCliffEmitterV01,arch_eloh_elohvale_cliff_emitter_v01.geo
21754,ArchBaneInteriorLightV03,arch_bane_interior_light_v03.geo
21755,ArchHumGenObjKitchenV01,prop_hum_kitchen_v01.geo
21756,ArchBrannCorridorRoom01V02,arch_brann_corridor_room_01_v02.geo
21757,SkyForeasConcordiaMemoryTreeFogRing,sky_concordia_fog_ring.geo
21758,Vehicle_Bane_Strider_V2,creature_thrax_strider_v01.geo
21760,ArchBaneTubeLightV03,arch_bane_tube_light_v03.geo
21761,ArchBaneTubeLightV04,arch_bane_tube_light_v04.geo
21762,Device_Light_Flashlight,hp_hum_flashlight.geo
21763,Device_Light_Flare_White,hp_hum_light_flare_white_v01.geo
21764,Device_Light_Glowstick_Blue,hp_hum_light_glowstick_blue_v01.geo
21765,Device_Light_Glowstick_Green,hp_hum_light_glowstick_green_v01.geo
21766,Device_Light_Glowstick_Yellow,hp_hum_light_glowstick_yellow_v01.geo
21768,UsableTwoStateElohWaypointTrinityBridgeV01,arch_eloh_waypoint.geo
21769,MisPlateauItemGoliathsHead,item_bio_heads_thrax_v01.geo
21770,ArchBanePanelSpotLightV01,arch_bane_panel_spot_light_v01.geo
21771,MisPalisadesPropDeadForeanWarrior,usable_td_corpse_forean_m_v01.geo
21772,ArchBrannCorridorRoom01QuarterV09,arch_brann_corridor_room_01_quarter_v09.geo
21773,ArchBanePanelSpotLightV02,arch_bane_panel_spot_light_v02.geo
21774,ArchBaneBulletLightSmallV01,arch_bane_bullet_light_small_v01.geo
21775,ArchBaneTubeLightV05,arch_bane_tube_light_v05.geo
21776,ArchElohElohvaleShieldGeneratorV01,arch_eloh_elohvale_shield_generator_v01.geo
21777,MisMarshesItemGrubberMeat,item_bio_organ_gen_v01.geo
21778,ArchBrannCorridorRoom01QuarterV10,arch_brann_corridor_room_01_quarter_v10.geo
21779,ArchBrannCorridorStraight014mV01,arch_brann_corridor_straight_01_4m_v01.geo
21780,VfxAriekiFogBillowingSkyV01,vfx_arieki_fog_billowing_sky_v01.geo
21781,MisTordenMiresHouseCallsBandages,prop_hum_crate_medical01_V02.geo
21782,MisTordenMiresHouseCallsAntiToxin,prop_hum_crate_medical01_V03.geo
21783,MisTordenMiresHouseCallsAntiBacterialSpray,prop_hum_specimenjar_v01.geo
21784,ArchHumGenObjBeerKegsV01,prop_hum_beerkegs_v01.geo
21785,ArchHumGenObjAntennaV01,prop_hum_antenna_v01.geo
21786,ArchHumGenObjWaterTowerV01,prop_hum_watertower_v01.geo
21787,ArchHumGenObjWaterTowerV02,prop_hum_watertower_v02.geo
21788,ArchHumGenObjWaterTowerV03,prop_hum_watertower_v03.geo
21789,ArchHumGenObjWaterTowerV04,prop_hum_watertower_v04.geo
21791,ArchHumGenObjPotsPansV01,prop_hum_potspans_v01.geo
21792,ArchHumGenObjWorklightsV02,prop_hum_worklights_v02.geo
21793,ArchHumGenObjWorklightsV01Base,prop_hum_worklights_v01_base.geo
21794,ArchHumGenObjWorklightsV03,prop_hum_worklights_v03.geo
21795,Creature_Warnet_Soldier_10m,creature_warnet_soldier_v01.geo
21796,Creature_Warnet_Soldier_15m,creature_warnet_soldier_v01.geo
21797,Creature_Warnet_Soldier_20m,creature_warnet_soldier_v01.geo
21798,Creature_Warnet_Soldier_30m,creature_warnet_soldier_v01.geo
21799,Creature_Warnet_Queen_10m_Boss,creature_warnet_queen_v01.geo
21800,Creature_Warnet_Queen_15m_Boss,creature_warnet_queen_v01.geo
21801,Creature_Warnet_Queen_20m_Boss,creature_warnet_queen_v01.geo
21802,Creature_Warnet_Queen_30m_Boss,creature_warnet_queen_v01.geo
21803,NPC_Eloh_Holgram,npc_eloh_hologram_v01.geo
21804,UsableCrSpawnerDestWarnetHiveV01,arch_forean_warnethive_v01.geo
21805,UsableCrSpawnerDestWarnetHiveV02,arch_forean_warnethive_v02.geo
21807,MisXenoLasherClaw,prop_bane_warnetgland_v01.geo
21808,MisXenoHopperTentacle,prop_bane_warnetgland_v01.geo
21809,MisXenoFlareGasherTeeth,prop_bane_warnetgland_v01.geo
21810,MixXenoBarbTicAntennae,prop_bane_warnetgland_v01.geo
21811,MisXenoMagmonixHooves,prop_bane_warnetgland_v01.geo
21812,MisXenoMantaBeamWings,prop_bane_warnetgland_v01.geo
21813,MisPlateauItemMoxCrystal,item_artifact_rock_gen_v01.geo
21814,ArchHumGenObjVentilationunitV01,prop_hum_ventilationunit_v01.geo
21815,ArchHumGenObjVentilationunitV02,prop_hum_ventilationunit_v02.geo
21816,ArchHumGenObjVentilationunitV03,prop_hum_ventilationunit_v03.geo
21817,ArchHumGenObjVentilationunitV04,prop_hum_ventilationunit_v04.geo
21818,MisMarshesItemMoxFeed,ammo_bullets_v01.geo
21819,MisTordenMiresDeliveryBoyCoffee,ammo_bullets_v01.geo
21820,MisTordenMiresDeliveryBoySteaks,ammo_bullets_v01.geo
21821,MisTordenMiresFlightSalvage,ammo_bullets_v01.geo
21822,MisTordenMiresDeliveryBoyZigurrettes,ammo_bullets_v01.geo
21823,WaterForeasPondElohValeCraterV01,test_dvargo_water_foreas_pond_elov_vale_crater_clean.geo
21824,UsableItemAccForeanTreebackFood,arch_forean_treebackfeeder_food_acceptor_v01.geo
21826,Holographic_Thrax_Technician,creature_thrax_technician_holograph_eloh.geo
21827,Holographic_Thrax_Soldier,creature_thrax_soldier_hologram_eloh.geo
21828,Holographic_Lightbender,creature_bane_lightbender_hologram_eloh.geo
21829,Holographic_Caretaker,creature_bane_caretaker_hologram_eloh.geo
21830,Holographic_Xanx,creature_bane_xanx_holograph_eloh.geo
21831,Holographic_Thrax_Technician_Turret,vfx_creature_thrax_technician_turret_deployable_hologram_eloh.geo
21833,Weapon_Holographic_Bane_Pistol,hp_thrax_soldier_pistol_hologram_eloh_v01.geo
21834,Weapon_Holographic_Bane_Rifle,hp_thrax_rifle_laser_hologram_eloh.geo
21835,Weapon_Holographic_Caretaker,creature_bane_caretaker_hologram_eloh.geo
21836,Weapon_Holographic_Thrax_Technician,hp_thrax_soldier_pistol_hologram_eloh_v01.geo
21837,Weapon_Holographic_Xanx,creature_bane_xanx_holograph_eloh.geo
21838,Weapon_Holographic_Lightbender,hp_lightbender_pistol_hologram_eloh_v02.geo
21839,MisPlateauItemBattlePlans,item_bag_hum_v01.geo
21841,UsableItemDispCourierBag,item_bag_hum_v01.geo
21842,MisTordenMiresLTTDevice,ammo_bullets_v01.geo
21844,TerraForeasCavernRoomCrystals02V01,terra_foreas_cavern_room_crystals02_v01.geo
21845,TerraForeasCavernRoomCrystals02V02,terra_foreas_cavern_room_crystals02_v02.geo
21846,TerraForeasCavernRoomCrystals02V03,terra_foreas_cavern_room_crystals02_v03.geo
21847,Bane_Mox_Infected,creature_bane_mox_infected_v01.geo
21851,MisTordenMiresRockSurveyUnit,ammo_bullets_v01.geo
21852,MisTordenMiresBlackBox,ammo_bullets_v01.geo
21853,MisTordenMiresChemicalBox,ammo_bullets_v01.geo
21854,MisTordenMiresBlackBoxSpecial,ammo_bullets_v01.geo
21855,MisTordenMiresConfidentialReport,ammo_bullets_v01.geo
21856,MisTordenMiresBaneCommUnit,ammo_bullets_v01.geo
21857,MisTordenMiresQuicksilverSample,ammo_bullets_v01.geo
21858,MisTordenMiresGreenPartyPlants,ammo_bullets_v01.geo
21859,MisTordenMiresTestEnergyRifles,ammo_bullets_v01.geo
21860,MisTordenMiresBaneRecordings,ammo_bullets_v01.geo
21861,MisTordenMiresLiquorCrate,ammo_bullets_v01.geo
21862,MisTordenMiresFluxiteSamples,terra_arieki_cavern_fluxite_bunch01_v01.geo
21863,MisTordenMiresHungryPlants,ammo_bullets_v01.geo
21864,MisTordenMiresMagmonixFlanks,ammo_bullets_v01.geo
21865,MisTordenMiresKidsComic,ammo_bullets_v01.geo
21866,MisTordenMiresKidsCandy,ammo_bullets_v01.geo
21867,MisTordenMiresBaneFlightLog,ammo_bullets_v01.geo
21868,MisTordenMiresQuicksilverCarcass,ammo_bullets_v01.geo
21869,MisTordenMiresQuicksilverLivingSample,ammo_bullets_v01.geo
21870,MisDevilsDenDetonator,prop_hum_bomb_v01.geo
21871,GenItemDetonator,prop_hum_bomb_v01.geo
21872,ArchElohGenObjWallLightV01,prop_eloh_wall_light_v01.geo
21873,UsableInertDestBaneMissileLauncherV01,arch_bane_missile_launcher_v01.geo
21874,SkyForeasValverdeMarshesClouds,sky_foreas_valverde_marshes_default_clouds.geo
21875,Mis_Marshes_ItemStriderController,hp_hum_tissue_extract.geo
21881,MisPlainsRelayComp,prop_brann_computer_v03.geo
21882,Bane_Thrax_Grenadier_Boss,creature_thrax_lieutenant_v01.geo
21883,ArchHumanBaseMiniTurretDestroyed,prop_hum_turret_auto_mini_destroyed.geo
21884,ArchBaneIndustrialRoomSiloV01,arch_bane_industrial_room_silo_v01.geo
21885,MisPlateauItemComicBook,item_bag_hum_v01.geo
21886,MisPlateauItemCigaretteCarton,item_bag_hum_v01.geo
21887,MisPlateauItemThraxInsigniaPatch,item_machinepart_bane_v01.geo
21888,MisPlateauItemThraxLuger,hp_hum_injectiongun_viral.geo
21889,Mis_Plains_Pilot_Info,item_datablock_hum.geo
21890,Mis_Plains_Shiny_Thrax_Scalp,item_bio_heads_thrax_v01.geo
21891,Mis_Plains_Shiny_Box_Nails,item_canister_hum_v01.geo
21892,Mis_Plains_Shiny_Porn_Mag,item_datablock_hum.geo
21893,MisPlateauItemStalkerActuator,item_machinepart_hum_v01.geo
21894,MisPlateauItemStalkerGeostabilizer,item_machinepart_bane_v01.geo
21895,MisPlateauItemProtonicFuelCell,item_canister_hum_v01.geo
21896,Mis_Plains_Nails_Req,item_keycard_hum.geo
21897,Redshirt_Human_T3_Netgun_Female,npc_redshirt_f_electric_netgun_stealth_v01.geo
21898,Redshirt_Human_T3_Netgun_Male,npc_redshirt_m_electric_netgun_stealth_v01.geo
21899,Redshirt_Human_T3_Pistol_Female,npc_redshirt_f_electric_pistol_mech_v01.geo
21900,Redshirt_Human_T3_Pistol_Male,npc_redshirt_m_electric_pistol_mech_v01.geo
21901,Redshirt_Human_T3_PolarityGun_Female,npc_redshirt_f_electric_polaritiy_mech_v01.geo
21902,Redshirt_Human_T3_PolarityGun_Male,NPC_redshirt_m_electric_polaritiy_mech_v01.geo
21903,Redshirt_Human_T3_Rifle_Female,npc_redshirt_f_electric_rifle_stealth_v01.geo
21904,Redshirt_Human_T3_Rifle_Male,npc_redshirt_m_electric_rifle_stealth_v01.geo
21905,Redshirt_Human_T2_LeechGun_Female,npc_redshirt_f_ice_densitygun_hazmat_v01.geo
21906,Redshirt_Human_T2_LeechGun_Male,npc_redshirt_m_ice_densitygun_hazmat_v01.geo
21907,Redshirt_Human_T2_Shotgun_Female,npc_redshirt_f_ice_shotgun_hazmat_v01.geo
21908,Redshirt_Human_T2_Shotgun_Male,npc_redshirt_m_ice_shotgun_hazmat_v01.geo
21909,Redshirt_Human_T2_Pistol_Female,npc_redshirt_f_laser_pistol_medium_v01.geo
21910,Redshirt_Human_T2_Pistol_Male,npc_redshirt_hum_m_light_v01.geo
21911,Redshirt_Human_T2_Rifle_Female,npc_redshirt_f_laser_rifle_medium_v01.geo
21912,Redshirt_Human_T2_Rifle_Male,npc_redshirt_m_laser_rifle_medium_v01.geo
21913,Redshirt_Human_T3_MachineGun_Female,npc_redshirt_f_physical_machinegun_heavy_v01.geo
21914,Redshirt_Human_T3_MachineGun_Male,npc_redshirt_m_physical_machinegun_heavy_v01.geo
21915,Redshirt_Human_T3_RocketLauncher_Female,npc_redshirt_f_physical_rocketlauncher_heavy_v01.geo
21916,Redshirt_Human_T3_RocketLauncher_Male,npc_redshirt_m_physical_rocketlauncher_heavy_v01.geo
21917,Redshirt_Human_T3_LeechGun_Female,npc_redshirt_f_viral_density_bio_v01.geo
21918,Redshirt_Human_T3_LeechGun_Male,npc_redshirt_m_viral_density_bio_v01.geo
21919,Redshirt_Human_T3_InjectionGun_Female,npc_redshirt_f_viral_injection_bio_v01.geo
21920,Redshirt_Human_T3_InjectionGun_Male,npc_redshirt_m_viral_injection_bio_v01.geo
21932,ArchBrannSpotLightV01,arch_brann_spotlight_large_v01.geo
21933,TerraForeasForeanStonefloorTile01V01,terra_foreas_forean_stonefloor_tile01_v01.geo
21934,TerraForeasForeanStonefloorTile01V02,terra_foreas_forean_stonefloor_tile01_v02.geo
21935,TerraForeasForeanStonefloorTile01V03,terra_foreas_forean_stonefloor_tile01_v03.geo
21936,ArchHumRetreadBuilding01V01,arch_retread_building_01_v01.geo
21937,ArchHumRetreadBuilding01V02,arch_retread_building_01_v02.geo
21938,ArchHumRetreadBuilding01V03,arch_retread_building_01_v03.geo
21939,ArchHumRetreadBuilding01V04,arch_retread_building_01_v04.geo
21940,ArchHumRetreadBuilding01V05,arch_retread_building_01_v05.geo
21943,ArchHumGenObjCrateWarehouseBunchV01,prop_hum_crate_warehousebunch_v01.geo
21944,ArchHumBaseGatesystemCatwalk4MV03,arch_hum_fort_catwlk_platform_4m_v03.geo
21945,ArchHumGenObjWorklightsV01Top,prop_hum_worklights_v01_top.geo
21946,ArchHumBaseGatesystemCatwalk16MV03,arch_hum_fort_catwlk_walkway_16m_v04.geo
21947,ArchHumBaseGatesystemCatwalk8MV03,arch_hum_fort_catwlk_walkway_8m_v04.geo
21948,ArchHumBaseGatesystemCatwalk32MV03,arch_hum_fort_catwlk_walkway_32m_v04.geo
21949,ArchHumBaseGatesystemCatwalk64MV03,arch_hum_fort_catwlk_walkway_64m_v04.geo
21950,UsableTwoStateElohElohvaleShieldGeneratorForeanFX,arch_eloh_elohvale_shield_generator_on_fx.geo
21951,UsableTwoStateElohElohvaleShieldGeneratorHumanFX,arch_eloh_elohvale_shield_generator_on_fx.geo
21952,VfxWaterfallTrickle2m80Up01,vfx_water_trickle_2m_80m_up_v01.geo
21953,VfxWaterfallTrickle20m80Up01,vfx_water_trickle_20m_80m_up_v01.geo
21954,UsableStatelessMagmonixCorpseDELETE,terra_arieki_magnomix_skeleton_v01.geo
21956,Mis_Plains_Bane_Machine_Part,item_machinepart_bane_v03.geo
21957,VfxWaterVaporSwirlV01,vfx_water_vapor_swirls.geo
21958,TerraForeasElohvaleWaterfallCanyon,terra_foreas_elohvale_waterfall_canyon.geo
21959,VfxWaterVaporSwirlRV01,vfx_water_vapor_swirls_r.geo
21961,UsableStatelessFlightSalvage,prop_hum_destroyed_v01.geo
21962,VfxElohWormholeTowerV02,arch_eloh_wormhole_tower_v02vfx.geo
21963,ArchHumGenObjBulletLightV01,prop_hum_bullet_light_v01.geo
21964,UsableInertDestBaneSonicTowerV02,prop_bane_sonictower_v02.geo
21966,ArchHumGenObjBulletLightV02,prop_hum_bullet_light_v02.geo
21967,ArchHumGenObjFluorescenttLightV01,prop_hum_fluorescent_light_v01.geo
21968,ArchHumGenObjFluorescenttLightV02,prop_hum_fluorescent_light_v02.geo
21978,UsableItemDispGreenPartyPlant01DELETE,flora_arieki_carnivorous_ashed_01_v03.geo
21979,UsableItemDispGreenPartyPlant02DELETE,flora_arieki_carnivorous_ashed_01_v02.geo
21980,UsableTreasureDispDELETEV04,prop_hum_crate_v02.geo
21981,SkyForeasPalisadesDefaultClouds,sky_foreas_palisades_default_clouds.geo
21982,ArchHumGenObjAccentLight,prop_hum_accent_light.geo
21983,UsableInertDestBaneDrillDELETEDUPE,prop_bane_articulateddrill_v01.geo
21984,MisPlateauItemGiantMoxCrystal,terra_foreas_cavern_room_crystals02_v03.geo
21985,ArchHumGenObjStringLightV01,prop_hum_string_light_v01.geo
21986,Bane_Miasma_Infected,creature_bane_miasma_infected_v01.geo
21987,ArchHumGenObjStringLightV02,prop_hum_string_light_v02.geo
21988,UsableItemDispMixologyBarrel,prop_hum_barrel_hazmat01_V03.geo
21989,ArchForeanElohTempleStairCornerInV01,arch_forean_eloh_temple_stair_corner_in_v01.geo
21990,ArchForeanElohTempleWallAccentV02,arch_forean_eloh_temple_wall_accent_v02.geo
21991,ArchElohElohValeShieldDome,arch_elohvale_shield.geo
21993,UsableDoorElohElohvaleBackGateV01,arch_eloh_elohvale_back_gate_door_v01.geo
21994,UsableForceFieldElohElohvaleFrontGateDoorV01,arch_eloh_elohvale_front_gate_door_v01.geo
21995,UsableTwoStateElohElohWormholeScrollsV01,arch_eloh_elohvale_scrolls_v01.geo
21996,VfxWaterfall16m150mV01,vfx_waterfall_16m_150m_v01.geo
21997,UsableItemDispBookOfVelonar,item_bag_hum_v01.geo
21999,MisPlateauItemQuarrySurveillanceData01,item_datablade_bane.geo
22000,MisPlateauItemQuarrySurveillanceData02,item_datablade_bane.geo
22001,MisPlateauItemQuarrySurveillanceData03,item_datablade_bane.geo
22002,MisPlateauItemQuarrySurveillanceData04,item_datablade_bane.geo
22003,MisPlateauItemQuarrySurveillanceData05,item_datablade_bane.geo
22004,UsableTreasureDispHumCrateV03,prop_hum_crate_medical01_V02.geo
22005,SkyForeasPlateauDefaultClouds,sky_foreas_plateau_default_clouds.geo
22006,MisMarshesItemAFSMedicalSupplies,prop_hum_crate_medical01_V04.geo
22007,ArchHumPipesystemStraight16mV03,arch_hum_pipesystem_straight_16m_v03.geo
22083,UsableDoorHumOutpostTowerV01,arch_hum_outpost_tower_door.geo
22084,ArchBaneJunkpileV01,arch_bane_junkpile_v01.geo
22085,ArchElohCommunicationsTowerV01Infected,arch_eloh_communications_tower_v01_infected.geo
22087,MisPlateauItemKrakatusDatapad,item_datablade_bane.geo
22088,MisPlateauItemMailSatchel,item_bag_hum_v01.geo
22089,Bane_Forean_Machina_NO_XP,creature_forean_machina_v01.geo
22090,ArchElohElohValeShieldDomeExterior,arch_elohvale_shield_outside.geo
22092,UsableControlPointDELETEV01,arch_eloh_controlpoint_v02_PVE.geo
22093,ArchBaneIndustrialChunnelRoomLightV02,arch_bane_industrial_chunnel_room_light_v02.geo
22094,MisPlateauItemModifiedCommunicator,item_datablock_hum.geo
22095,SkyForeasPoolDefaultClouds,sky_foreas_pool_default_clouds.geo
22096,UsableInertDestBase_Security_Core_EastDELETEDUPE,arch_bane_industrial_room_stasis_chamber.geo
22097,ArchBaneJunkyardElement06V01,arch_bane_junyard_element_06_v01.geo
22098,ArchBaneJunkyardElement06V02,arch_bane_junyard_element_06_v02.geo
22099,UsableItemAccBaneRadioTapeDELETEDUPE,prop_bane_console_datablade_empty.geo
22100,MisTordenMiresItemBlankTape,ammo_bullets_v01.geo
22101,MisTordenMiresItemLightBenderComm,ammo_bullets_v01.geo
22102,MisTordenMiresCaretakerComm,ammo_bullets_v01.geo
22103,MisTordenMiresShieldDroneComm,ammo_bullets_v01.geo
22104,MisTordenMiresHunterCommUnit,ammo_bullets_v01.geo
22105,UsableItemDispBlackBox,prop_hum_electric_v01.geo
22106,UsableInertDestBlackBoxV01,prop_hum_electric_v07.geo
22107,MisTordenMiresPhostbenonAccessCard,ammo_bullets_v01.geo
22108,MisTordenMiresGenericBaneAccessCard,ammo_bullets_v01.geo
22109,MisTordenMiresGenericBaneAccessCardBroken,ammo_bullets_v01.geo
22110,MisTordenMiresBrannSpices,ammo_bullets_v01.geo
22111,UsableItemAccHumRockSurvey,prop_hum_gps_beacon_acceptor_v01.geo
22112,MisTordenMiresFindRockObject,ammo_bullets_v01.geo
22113,MisPlateauItemMaligoBlueprints,item_datablade_bane.geo
22114,SkyAriekiTordenMiresClouds,sky_arieki_torden_mires_clouds.geo
22115,MisTurpisFactoryBaneRefinedChemicalSample,ammo_bullets_v01.geo
22116,MisTurpisFactoryBaneUnrefinedChemicalSample,ammo_bullets_v01.geo
22117,MisTurpisFactoryBaneEmptyChemicalSample,ammo_bullets_v01.geo
22118,UsableItemAccDELETEV01,default_delete_LINK_TO_DEAD_ENTITIES.geo
22119,Mis_Plains_Caretaker_Viral_Core,item_canister_bane_v02.geo
22120,Redshirt_Eloh,creature_eloh_v01.geo
22121,UsableInertDestBase_Security_Core_WestDELETEDUPE,arch_bane_industrial_room_stasis_chamber.geo
22123,MisWildernessCLRFItemGPSMarker,prop_hum_gps_beacon_v01.geo
22124,VfxWaterfallElohWormhole,vfx_waterfall_eloh_wormhole_v01.geo
22126,ArchHumRetread01BuildingThunderdomeV01,arch_retread_building_01_thunderdome_v01.geo
22127,Mis_Plains_Incriminating_Data_Disc,item_datablock_hum.geo
22128,ArchBaneConveyorEndV01,arch_bane_conveyor_end_v01.geo
22129,ArchBaneConveyorPanel24V01,arch_bane_conveyor_panel_24_v01.geo
22130,UsableTwoStateBaneConveyorProcessorV01,arch_bane_conveyor_processor_v01.geo
22131,UsableTwoStateBaneConveyorShredderV01,arch_bane_conveyor_shredder_v01.geo
22132,UsableTwoStateBaneConveyorSprayerV01,arch_bane_conveyor_sprayer_v01.geo
22134,UsableTwoStateBaneConveyorStraight24MV01,arch_bane_conveyor_straight_24m_v01.geo
22135,ArchElohLogosSignAbove,arch_eloh_logos_sign_above.geo
22136,MisLamnaLockerKey,ammo_bullets_v01.geo
22137,MisPoolsItemMawflowernectar,ammo_bullets_v01.geo
22138,ArchElohLogosSignAdd,arch_eloh_logos_sign_add.geo
22139,ArchElohLogosSignAfter,arch_eloh_logos_sign_after.geo
22140,ArchElohLogosSignAir,arch_eloh_logos_sign_air.geo
22141,ArchElohLogosSignAlone,arch_eloh_logos_sign_alone.geo
22142,ArchElohLogosSignAncestor,arch_eloh_logos_sign_ancestor.geo
22143,ArchElohLogosSignAnd_with,arch_eloh_logos_sign_and_with.geo
22144,ArchElohLogosSignApplaud,arch_eloh_logos_sign_applaud.geo
22145,ArchElohLogosSignApproach,arch_eloh_logos_sign_approach.geo
22146,ArchElohLogosSignArea,arch_eloh_logos_sign_area.geo
22147,ArchElohLogosSignAround,arch_eloh_logos_sign_around.geo
22148,ArchElohLogosSignArrive,arch_eloh_logos_sign_arrive.geo
22149,ArchElohLogosSignAsleep,arch_eloh_logos_sign_asleep.geo
22150,ArchElohLogosSignAt,arch_eloh_logos_sign_at.geo
22151,ArchElohLogosSignAttack,arch_eloh_logos_sign_attack.geo
22152,ArchElohLogosSignAwake,arch_eloh_logos_sign_awake.geo
22153,ArchElohLogosSignBaby,arch_eloh_logos_sign_baby.geo
22154,ArchElohLogosSignBaby_boy,arch_eloh_logos_sign_baby_boy.geo
22155,ArchElohLogosSignBaby_girl,arch_eloh_logos_sign_baby_girl.geo
22156,ArchElohLogosSignBackward,arch_eloh_logos_sign_backward.geo
22157,ArchElohLogosSignBalanced,arch_eloh_logos_sign_balanced.geo
22158,ArchElohLogosSignBank,arch_eloh_logos_sign_bank.geo
22159,ArchElohLogosSignBecause,arch_eloh_logos_sign_because.geo
22160,ArchElohLogosSignBefore,arch_eloh_logos_sign_before.geo
22161,ArchElohLogosSignBegin,arch_eloh_logos_sign_begin.geo
22162,ArchElohLogosSignBehind,arch_eloh_logos_sign_behind.geo
22163,ArchElohLogosSignBeing,arch_eloh_logos_sign_being.geo
22164,ArchElohLogosSignBelieve,arch_eloh_logos_sign_believe.geo
22165,ArchElohLogosSignBelow,arch_eloh_logos_sign_below.geo
22166,ArchElohLogosSignBeside,arch_eloh_logos_sign_beside.geo
22167,ArchElohLogosSignBetween,arch_eloh_logos_sign_between.geo
22168,ArchElohLogosSignBig,arch_eloh_logos_sign_big.geo
22169,ArchElohLogosSignBlind,arch_eloh_logos_sign_blind.geo
22170,ArchElohLogosSignBody,arch_eloh_logos_sign_body.geo
22171,ArchElohLogosSignBomb,arch_eloh_logos_sign_bomb.geo
22172,ArchElohLogosSignBoo,arch_eloh_logos_sign_boo.geo
22173,ArchElohLogosSignBook,arch_eloh_logos_sign_book.geo
22174,ArchElohLogosSignBoundry,arch_eloh_logos_sign_boundry.geo
22175,ArchElohLogosSignBoy,arch_eloh_logos_sign_boy.geo
22176,ArchElohLogosSignBreak,arch_eloh_logos_sign_break.geo
22177,ArchElohLogosSignBridge,arch_eloh_logos_sign_bridge2.geo
22178,ArchElohLogosSignBuff,arch_eloh_logos_sign_buff.geo
22179,ArchElohLogosSignBuild,arch_eloh_logos_sign_build.geo
22180,ArchElohLogosSignBut,arch_eloh_logos_sign_but.geo
22181,ArchElohLogosSignBuy,arch_eloh_logos_sign_buy.geo
22182,ArchElohLogosSignCaused_By,arch_eloh_logos_sign_caused_by.geo
22183,ArchElohLogosSignCave,arch_eloh_logos_sign_cave.geo
22184,ArchElohLogosSignChaos,arch_eloh_logos_sign_chaos.geo
22185,ArchElohLogosSignChild,arch_eloh_logos_sign_child.geo
22186,ArchElohLogosSignChoice,arch_eloh_logos_sign_choice.geo
22187,ArchElohLogosSignCivilization,arch_eloh_logos_sign_civilization.geo
22188,ArchElohLogosSignClarity,arch_eloh_logos_sign_clarity.geo
22189,ArchElohLogosSignCloud,arch_eloh_logos_sign_cloud.geo
22190,ArchElohLogosSignColiseum,arch_eloh_logos_sign_coliseum.geo
22191,ArchElohLogosSignComet,arch_eloh_logos_sign_comet.geo
22192,ArchElohLogosSignComing,arch_eloh_logos_sign_coming.geo
22193,ArchElohLogosSignCommunicate,arch_eloh_logos_sign_communicate.geo
22194,ArchElohLogosSignConflict,arch_eloh_logos_sign_conflict.geo
22195,ArchElohLogosSignConfront,arch_eloh_logos_sign_confront.geo
22196,ArchElohLogosSignConfusing,arch_eloh_logos_sign_confusing.geo
22197,ArchElohLogosSignConstellation,arch_eloh_logos_sign_constellation.geo
22198,ArchElohLogosSignContainer,arch_eloh_logos_sign_container.geo
22199,ArchElohLogosSignControl,arch_eloh_logos_sign_control.geo
22200,ArchElohLogosSignCorpse,arch_eloh_logos_sign_corpse.geo
22201,ArchElohLogosSignCosmos,arch_eloh_logos_sign_cosmos.geo
22202,ArchElohLogosSignCraftworks,arch_eloh_logos_sign_craftworks.geo
22203,ArchElohLogosSignCreationDELETEME,arch_eloh_logos_sign_creation.geo
22204,ArchElohLogosSignCrestWain,arch_eloh_logos_sign_CrestWain.geo
22205,ArchElohLogosSignCrop,arch_eloh_logos_sign_crop.geo
22206,ArchElohLogosSignCrush,arch_eloh_logos_sign_crush.geo
22207,ArchElohLogosSignCut,arch_eloh_logos_sign_cut.geo
22208,ArchElohLogosSignDamage,arch_eloh_logos_sign_damage.geo
22209,ArchElohLogosSignDay,arch_eloh_logos_sign_day.geo
22210,ArchElohLogosSignDeath,arch_eloh_logos_sign_death.geo
22211,ArchElohLogosSignDebuff,arch_eloh_logos_sign_debuff.geo
22212,ArchElohLogosSignDecendant,arch_eloh_logos_sign_decendant.geo
22213,ArchElohLogosSignDecrease,arch_eloh_logos_sign_decrease.geo
22214,ArchElohLogosSignDefeat,arch_eloh_logos_sign_defeat.geo
22215,ArchElohLogosSignDefend,arch_eloh_logos_sign_defend.geo
22216,ArchElohLogosSignDepart,arch_eloh_logos_sign_depart.geo
22217,ArchElohLogosSignDestruction,arch_eloh_logos_sign_destruction.geo
22218,ArchElohLogosSignDiscover,arch_eloh_logos_sign_discover.geo
22219,ArchElohLogosSignDishonor,arch_eloh_logos_sign_dishonor.geo
22220,ArchElohLogosSignDislike,arch_eloh_logos_sign_dislike.geo
22221,ArchElohLogosSignDispersion,arch_eloh_logos_sign_dispersion.geo
22222,ArchElohLogosSignDispleased,arch_eloh_logos_sign_displeased.geo
22223,ArchElohLogosSignDistance,arch_eloh_logos_sign_distance.geo
22224,ArchElohLogosSignDivide,arch_eloh_logos_sign_divide.geo
22225,ArchElohLogosSignDivision,arch_eloh_logos_sign_division.geo
22226,ArchElohLogosSignDominate,arch_eloh_logos_sign_dominate.geo
22227,ArchElohLogosSignDoor,arch_eloh_logos_sign_door.geo
22228,ArchElohLogosSignDown,arch_eloh_logos_sign_down.geo
22229,ArchElohLogosSignDrop,arch_eloh_logos_sign_drop.geo
22230,ArchElohLogosSignDroplet,arch_eloh_logos_sign_droplet.geo
22231,ArchElohLogosSignDwelling,arch_eloh_logos_sign_dwelling.geo
22232,ArchElohLogosSignEar,arch_eloh_logos_sign_ear.geo
22233,ArchElohLogosSignEast,arch_eloh_logos_sign_east.geo
22234,ArchElohLogosSignEating,arch_eloh_logos_sign_eating.geo
22235,ArchElohLogosSignEffect,arch_eloh_logos_sign_effect.geo
22236,ArchElohLogosSignEH,arch_eloh_logos_sign_EH.geo
22237,ArchElohLogosSignEither,arch_eloh_logos_sign_either.geo
22238,ArchElohLogosSignEloh,arch_eloh_logos_sign_eloh.geo
22239,ArchElohLogosSignEmote,arch_eloh_logos_sign_emote.geo
22240,ArchElohLogosSignEmpower,arch_eloh_logos_sign_empower.geo
22241,ArchElohLogosSignEnclosure,arch_eloh_logos_sign_enclosure.geo
22242,ArchElohLogosSignEnd,arch_eloh_logos_sign_end.geo
22243,ArchElohLogosSignEnemy,arch_eloh_logos_sign_enemy.geo
22244,ArchElohLogosSignEnhance,arch_eloh_logos_sign_enhance.geo
22245,ArchElohLogosSignEnlarging,arch_eloh_logos_sign_enlarging.geo
22246,ArchElohLogosSignEnlightened,arch_eloh_logos_sign_enlightened.geo
22247,ArchElohLogosSignEntrance,arch_eloh_logos_sign_entrance.geo
22248,ArchElohLogosSignEternal,arch_eloh_logos_sign_eternal.geo
22249,ArchElohLogosSignEvery,arch_eloh_logos_sign_every.geo
22250,ArchElohLogosSignEveryones_DUPE,arch_eloh_logos_sign_everyones.geo
22251,ArchElohLogosSignEveryones,arch_eloh_logos_sign_everyones.geo
22252,ArchElohLogosSignEvil,arch_eloh_logos_sign_evil.geo
22253,ArchElohLogosSignEvolve,arch_eloh_logos_sign_evolve.geo
22254,ArchElohLogosSignExamine,arch_eloh_logos_sign_examine.geo
22255,ArchElohLogosSignExchange,arch_eloh_logos_sign_exchange.geo
22256,ArchElohLogosSignExit,arch_eloh_logos_sign_exit.geo
22257,ArchElohLogosSignExpert,arch_eloh_logos_sign_expert.geo
22258,ArchElohLogosSignEye,arch_eloh_logos_sign_eye.geo
22259,ArchElohLogosSignFall,arch_eloh_logos_sign_fall.geo
22260,ArchElohLogosSignFar,arch_eloh_logos_sign_far.geo
22261,ArchElohLogosSignFarewell,arch_eloh_logos_sign_farewell.geo
22262,ArchElohLogosSignFarm_Field,arch_eloh_logos_sign_farm_field.geo
22263,ArchElohLogosSignFather,arch_eloh_logos_sign_father.geo
22264,ArchElohLogosSignFear,arch_eloh_logos_sign_fear.geo
22265,ArchElohLogosSignFeeling,arch_eloh_logos_sign_feeling.geo
22266,ArchElohLogosSignFew,arch_eloh_logos_sign_few.geo
22267,ArchElohLogosSignFinger,arch_eloh_logos_sign_finger.geo
22268,ArchElohLogosSignFire,arch_eloh_logos_sign_fire.geo
22269,ArchElohLogosSignFlower,arch_eloh_logos_sign_flower.geo
22270,ArchElohLogosSignForce,arch_eloh_logos_sign_force.geo
22271,ArchElohLogosSignForward,arch_eloh_logos_sign_forward.geo
22272,ArchElohLogosSignFounded,arch_eloh_logos_sign_founded.geo
22273,ArchElohLogosSignFragile,arch_eloh_logos_sign_fragile.geo
22274,ArchElohLogosSignFrequency,arch_eloh_logos_sign_frequency.geo
22275,ArchElohLogosSignFriend,arch_eloh_logos_sign_friend.geo
22276,ArchElohLogosSignFrom,arch_eloh_logos_sign_from.geo
22277,ArchElohLogosSignFuture,arch_eloh_logos_sign_future.geo
22278,ArchElohLogosSignGalaxy,arch_eloh_logos_sign_galaxy.geo
22279,ArchElohLogosSignGame_Hall,arch_eloh_logos_sign_game_hall.geo
22280,ArchElohLogosSignGather,arch_eloh_logos_sign_gather.geo
22281,ArchElohLogosSignGirl,arch_eloh_logos_sign_girl.geo
22282,ArchElohLogosSignGive,arch_eloh_logos_sign_give.geo
22283,ArchElohLogosSignGoing,arch_eloh_logos_sign_going.geo
22284,ArchElohLogosSignGood,arch_eloh_logos_sign_good.geo
22285,ArchElohLogosSignGreet,arch_eloh_logos_sign_greet.geo
22286,ArchElohLogosSignGreeting,arch_eloh_logos_sign_greeting.geo
22287,ArchElohLogosSignGround,arch_eloh_logos_sign_ground.geo
22288,ArchElohLogosSignGrowth,arch_eloh_logos_sign_growth.geo
22289,ArchElohLogosSignHand,arch_eloh_logos_sign_hand.geo
22290,ArchElohLogosSignHappy,arch_eloh_logos_sign_happy.geo
22291,ArchElohLogosSignHarmony,arch_eloh_logos_sign_harmony.geo
22292,ArchElohLogosSignHate,arch_eloh_logos_sign_hate.geo
22293,ArchElohLogosSignHave,arch_eloh_logos_sign_have.geo
22294,ArchElohLogosSignHeal,arch_eloh_logos_sign_heal.geo
22295,ArchElohLogosSignHearing,arch_eloh_logos_sign_hearing.geo
22296,ArchElohLogosSignHere,arch_eloh_logos_sign_here.geo
22297,ArchElohLogosSignHide,arch_eloh_logos_sign_hide.geo
22298,ArchElohLogosSignHim_Her,arch_eloh_logos_sign_him_her.geo
22299,ArchElohLogosSignHold,arch_eloh_logos_sign_hold.geo
22300,ArchElohLogosSignHonor,arch_eloh_logos_sign_honor.geo
22301,ArchElohLogosSignHow,arch_eloh_logos_sign_how.geo
22302,ArchElohLogosSignIce,arch_eloh_logos_sign_ice.geo
22303,ArchElohLogosSignIf,arch_eloh_logos_sign_if.geo
22304,ArchElohLogosSignIgnorance,arch_eloh_logos_sign_ignorance.geo
22305,ArchElohLogosSignImbalanced,arch_eloh_logos_sign_imbalanced.geo
22306,ArchElohLogosSignImmortality,arch_eloh_logos_sign_immortality.geo
22307,ArchElohLogosSignIn,arch_eloh_logos_sign_in.geo
22308,ArchElohLogosSignIncrease,arch_eloh_logos_sign_increase.geo
22309,ArchElohLogosSignInfinity,arch_eloh_logos_sign_infinity.geo
22310,ArchElohLogosSignIntelligent,arch_eloh_logos_sign_intelligent.geo
22311,ArchElohLogosSignIntertwined,arch_eloh_logos_sign_intertwined.geo
22312,ArchElohLogosSignIn_Front,arch_eloh_logos_sign_in_front.geo
22313,ArchElohLogosSignIs_Are,arch_eloh_logos_sign_is_are.geo
22314,ArchElohLogosSignIt,arch_eloh_logos_sign_it.geo
22315,ArchElohLogosSignIts,arch_eloh_logos_sign_its.geo
22316,ArchElohLogosSignI_Me,arch_eloh_logos_sign_I_me.geo
22317,ArchElohLogosSignJoined,arch_eloh_logos_sign_joined.geo
22318,ArchElohLogosSignJourney,arch_eloh_logos_sign_journey.geo
22319,ArchElohLogosSignJumbled,arch_eloh_logos_sign_jumbled.geo
22320,ArchElohLogosSignKnowledge,arch_eloh_logos_sign_knowledge.geo
22321,ArchElohLogosSignLanguage,arch_eloh_logos_sign_language.geo
22322,ArchElohLogosSignLearn,arch_eloh_logos_sign_learn.geo
22323,ArchElohLogosSignLeft,arch_eloh_logos_sign_left.geo
22324,ArchElohLogosSignLife,arch_eloh_logos_sign_life.geo
22325,ArchElohLogosSignLightning,arch_eloh_logos_sign_lightning.geo
22326,ArchElohLogosSignLike,arch_eloh_logos_sign_like.geo
22327,ArchElohLogosSignLocation,arch_eloh_logos_sign_location.geo
22328,ArchElohLogosSignLogos,arch_eloh_logos_sign_logos.geo
22329,ArchElohLogosSignLogosElement,arch_eloh_logos_sign_logos_element.geo
22330,ArchElohLogosSignLooking,arch_eloh_logos_sign_looking.geo
22331,ArchElohLogosSignLost,arch_eloh_logos_sign_lost.geo
22332,ArchElohLogosSignLove,arch_eloh_logos_sign_love.geo
22333,ArchElohLogosSignLtSpeed,arch_eloh_logos_sign_LtSpeed.geo
22334,ArchElohLogosSignMachine,arch_eloh_logos_sign_machine.geo
22335,ArchElohLogosSignMan,arch_eloh_logos_sign_man.geo
22336,ArchElohLogosSignManifest,arch_eloh_logos_sign_manifest.geo
22337,ArchElohLogosSignMany,arch_eloh_logos_sign_many.geo
22338,ArchElohLogosSignMarket,arch_eloh_logos_sign_market.geo
22339,ArchElohLogosSignMay_Could,arch_eloh_logos_sign_may_could.geo
22340,ArchElohLogosSignMeet,arch_eloh_logos_sign_meet.geo
22341,ArchElohLogosSignMight,arch_eloh_logos_sign_might.geo
22342,ArchElohLogosSignMind,arch_eloh_logos_sign_mind.geo
22343,ArchElohLogosSignMine,arch_eloh_logos_sign_mine.geo
22344,ArchElohLogosSignMixture,arch_eloh_logos_sign_mixture.geo
22345,ArchElohLogosSignMncwax,arch_eloh_logos_sign_mncwax.geo
22346,ArchElohLogosSignMnFull,arch_eloh_logos_sign_mnFull.geo
22347,ArchElohLogosSignMnGW,arch_eloh_logos_sign_mnGW.geo
22348,ArchElohLogosSignMnGWax,arch_eloh_logos_sign_mnGWax.geo
22349,ArchElohLogosSignMnHW,arch_eloh_logos_sign_mnHW.geo
22350,ArchElohLogosSignMnNew,arch_eloh_logos_sign_mnNew.geo
22351,ArchElohLogosSignMoon,arch_eloh_logos_sign_moon.geo
22352,ArchElohLogosSignMother,arch_eloh_logos_sign_mother.geo
22353,ArchElohLogosSignMountain,arch_eloh_logos_sign_mountain.geo
22354,ArchElohLogosSignMouth,arch_eloh_logos_sign_mouth.geo
22355,ArchElohLogosSignMovement,arch_eloh_logos_sign_movement.geo
22356,ArchElohLogosSignMultiply,arch_eloh_logos_sign_multiply.geo
22357,ArchElohLogosSignMuseum,arch_eloh_logos_sign_museum.geo
22358,ArchElohLogosSignNear,arch_eloh_logos_sign_near.geo
22359,ArchElohLogosSignNeither,arch_eloh_logos_sign_neither.geo
22360,ArchElohLogosSignNeph,arch_eloh_logos_sign_neph.geo
22361,ArchElohLogosSignNight,arch_eloh_logos_sign_night.geo
22362,ArchElohLogosSignNone,arch_eloh_logos_sign_none.geo
22363,ArchElohLogosSignNor,arch_eloh_logos_sign_nor.geo
22364,ArchElohLogosSignNorth,arch_eloh_logos_sign_north.geo
22365,ArchElohLogosSignNose,arch_eloh_logos_sign_nose.geo
22366,ArchElohLogosSignNot,arch_eloh_logos_sign_not.geo
22367,ArchElohLogosSignNothing,arch_eloh_logos_sign_nothing.geo
22368,ArchElohLogosSignNow,arch_eloh_logos_sign_now.geo
22369,ArchElohLogosSignOf,arch_eloh_logos_sign_of.geo
22370,ArchElohLogosSignOn,arch_eloh_logos_sign_on.geo
22371,ArchElohLogosSignOnly,arch_eloh_logos_sign_only.geo
22372,ArchElohLogosSignOpen,arch_eloh_logos_sign_open.geo
22373,ArchElohLogosSignOpposite,arch_eloh_logos_sign_opposite.geo
22374,ArchElohLogosSignOr,arch_eloh_logos_sign_or.geo
22375,ArchElohLogosSignOrion,arch_eloh_logos_sign_orion.geo
22376,ArchElohLogosSignOthers,arch_eloh_logos_sign_others.geo
22377,ArchElohLogosSignOurs,arch_eloh_logos_sign_ours.geo
22378,ArchElohLogosSignOut,arch_eloh_logos_sign_out.geo
22379,ArchElohLogosSignPage,arch_eloh_logos_sign_page.geo
22380,ArchElohLogosSignParent,arch_eloh_logos_sign_parent.geo
22381,ArchElohLogosSignPast,arch_eloh_logos_sign_past.geo
22382,ArchElohLogosSignPeople,arch_eloh_logos_sign_people.geo
22383,ArchElohLogosSignPermit,arch_eloh_logos_sign_permit.geo
22384,ArchElohLogosSignPerson,arch_eloh_logos_sign_person.geo
22385,ArchElohLogosSignPhi,arch_eloh_logos_sign_phi.geo
22386,ArchElohLogosSignPick_Up,arch_eloh_logos_sign_pick_up.geo
22387,ArchElohLogosSignPlace,arch_eloh_logos_sign_place.geo
22388,ArchElohLogosSignPlanet,arch_eloh_logos_sign_planet.geo
22389,ArchElohLogosSignPlant,arch_eloh_logos_sign_plant.geo
22390,ArchElohLogosSignPleased,arch_eloh_logos_sign_pleased.geo
22391,ArchElohLogosSignPoison,arch_eloh_logos_sign_poison.geo
22392,ArchElohLogosSignPonder,arch_eloh_logos_sign_ponder.geo
22393,ArchElohLogosSignPower,arch_eloh_logos_sign_power.geo
22394,ArchElohLogosSignProgress,arch_eloh_logos_sign_progress.geo
22395,ArchElohLogosSignProjectile,arch_eloh_logos_sign_projectile.geo
22396,ArchElohLogosSignQuestion,arch_eloh_logos_sign_question.geo
22397,ArchElohLogosSignRain,arch_eloh_logos_sign_rain.geo
22398,ArchElohLogosSignRead,arch_eloh_logos_sign_read.geo
22399,ArchElohLogosSignRebirth_Life,arch_eloh_logos_sign_rebirth_life.geo
22400,ArchElohLogosSignRelease,arch_eloh_logos_sign_release.geo
22401,ArchElohLogosSignRemember,arch_eloh_logos_sign_remember.geo
22402,ArchElohLogosSignRepair,arch_eloh_logos_sign_repair.geo
22403,ArchElohLogosSignRepeat,arch_eloh_logos_sign_repeat.geo
22404,ArchElohLogosSignReply,arch_eloh_logos_sign_reply.geo
22405,ArchElohLogosSignRetail,arch_eloh_logos_sign_retail.geo
22406,ArchElohLogosSignReturn,arch_eloh_logos_sign_return.geo
22407,ArchElohLogosSignRight,arch_eloh_logos_sign_right.geo
22408,ArchElohLogosSignRocket,arch_eloh_logos_sign_rocket.geo
22409,ArchElohLogosSignSad,arch_eloh_logos_sign_sad.geo
22410,ArchElohLogosSignSad_Cry,arch_eloh_logos_sign_sad_cry.geo
22411,ArchElohLogosSignSearch,arch_eloh_logos_sign_search.geo
22412,ArchElohLogosSignSecret,arch_eloh_logos_sign_secret.geo
22413,ArchElohLogosSignSecular,arch_eloh_logos_sign_secular.geo
22414,ArchElohLogosSignSeeds,arch_eloh_logos_sign_seeds.geo
22415,ArchElohLogosSignSell,arch_eloh_logos_sign_sell.geo
22416,ArchElohLogosSignSeperated,arch_eloh_logos_sign_seperated.geo
22417,ArchElohLogosSignShip,arch_eloh_logos_sign_ship.geo
22418,ArchElohLogosSignShrine,arch_eloh_logos_sign_shrine.geo
22419,ArchElohLogosSignShrinking,arch_eloh_logos_sign_shrinking.geo
22420,ArchElohLogosSignSign,arch_eloh_logos_sign_sign.geo
22421,ArchElohLogosSignSigns,arch_eloh_logos_sign_signs.geo
22422,ArchElohLogosSignSimilar,arch_eloh_logos_sign_similar.geo
22423,ArchElohLogosSignSine,arch_eloh_logos_sign_sine.geo
22424,ArchElohLogosSignSky,arch_eloh_logos_sign_sky.geo
22425,ArchElohLogosSignSmall,arch_eloh_logos_sign_small.geo
22426,ArchElohLogosSignSmelling,arch_eloh_logos_sign_smelling.geo
22427,ArchElohLogosSignSnow,arch_eloh_logos_sign_snow.geo
22428,ArchElohLogosSignSolarSystem,arch_eloh_logos_sign_solarsystem.geo
22429,ArchElohLogosSignSome,arch_eloh_logos_sign_some.geo
22430,ArchElohLogosSignSouth,arch_eloh_logos_sign_south.geo
22431,ArchElohLogosSignSpeaking,arch_eloh_logos_sign_speaking.geo
22432,ArchElohLogosSignSpeed,arch_eloh_logos_sign_speed.geo
22433,ArchElohLogosSignSpirit,arch_eloh_logos_sign_spirit.geo
22434,ArchElohLogosSignSpring,arch_eloh_logos_sign_spring.geo
22435,ArchElohLogosSignStar,arch_eloh_logos_sign_star.geo
22436,ArchElohLogosSignStore,arch_eloh_logos_sign_store.geo
22437,ArchElohLogosSignStrong,arch_eloh_logos_sign_strong.geo
22438,ArchElohLogosSignSubmit,arch_eloh_logos_sign_submit.geo
22439,ArchElohLogosSignNegativeSubtract,arch_eloh_logos_sign_subtract.geo
22440,ArchElohLogosSignSummer,arch_eloh_logos_sign_summer.geo
22441,ArchElohLogosSignSummon,arch_eloh_logos_sign_summon.geo
22442,ArchElohLogosSignSun,arch_eloh_logos_sign_sun.geo
22443,ArchElohLogosSignSunrise,arch_eloh_logos_sign_sunrise.geo
22444,ArchElohLogosSignSunset,arch_eloh_logos_sign_sunset.geo
22445,ArchElohLogosSignSupernatural,arch_eloh_logos_sign_supernatural.geo
22446,ArchElohLogosSignSurround,arch_eloh_logos_sign_surround.geo
22447,ArchElohLogosSignSymbol,arch_eloh_logos_sign_symbol.geo
22448,ArchElohLogosSignSymbology,arch_eloh_logos_sign_symbology.geo
22449,ArchElohLogosSignTake,arch_eloh_logos_sign_take.geo
22450,ArchElohLogosSignTarget,arch_eloh_logos_sign_target.geo
22451,ArchElohLogosSignTeleport,arch_eloh_logos_sign_teleport.geo
22452,ArchElohLogosSignTemple,arch_eloh_logos_sign_temple.geo
22453,ArchElohLogosSignThat,arch_eloh_logos_sign_that.geo
22454,ArchElohLogosSignThe,arch_eloh_logos_sign_the.geo
22455,ArchElohLogosSignTheater,arch_eloh_logos_sign_theater.geo
22456,ArchElohLogosSignTheirs,arch_eloh_logos_sign_theirs.geo
22457,ArchElohLogosSignThem,arch_eloh_logos_sign_them.geo
22458,ArchElohLogosSignThere,arch_eloh_logos_sign_there.geo
22459,ArchElohLogosSignThese,arch_eloh_logos_sign_these.geo
22460,ArchElohLogosSignThing,arch_eloh_logos_sign_thing.geo
22461,ArchElohLogosSignThis,arch_eloh_logos_sign_this.geo
22462,ArchElohLogosSignThose,arch_eloh_logos_sign_those.geo
22463,ArchElohLogosSignThrough,arch_eloh_logos_sign_through.geo
22464,ArchElohLogosSignTime,arch_eloh_logos_sign_time.geo
22465,ArchElohLogosSignTired,arch_eloh_logos_sign_tired.geo
22466,ArchElohLogosSignToday,arch_eloh_logos_sign_today.geo
22467,ArchElohLogosSignTogether,arch_eloh_logos_sign_together.geo
22468,ArchElohLogosSignTomorrow,arch_eloh_logos_sign_tomorrow.geo
22469,ArchElohLogosSignTouch,arch_eloh_logos_sign_touch.geo
22470,ArchElohLogosSignTough,arch_eloh_logos_sign_tough.geo
22471,ArchElohLogosSignTo_Far,arch_eloh_logos_sign_to_far.geo
22472,ArchElohLogosSignTrade,arch_eloh_logos_sign_trade.geo
22473,ArchElohLogosSignTransform,arch_eloh_logos_sign_transform.geo
22474,ArchElohLogosSignTrap,arch_eloh_logos_sign_trap.geo
22475,ArchElohLogosSignTree,arch_eloh_logos_sign_tree.geo
22476,ArchElohLogosSignTrue,arch_eloh_logos_sign_true.geo
22477,ArchElohLogosSignUnderstanding,arch_eloh_logos_sign_understanding.geo
22478,ArchElohLogosSignUnfriendly,arch_eloh_logos_sign_unfriendly.geo
22479,ArchElohLogosSignUnintelligent,arch_eloh_logos_sign_unintelligent.geo
22480,ArchElohLogosSignUnit_of_Value,arch_eloh_logos_sign_unit_of_value.geo
22481,ArchElohLogosSignUnit_of_Value01,arch_eloh_logos_sign_unit_of_value01.geo
22482,ArchElohLogosSignUp,arch_eloh_logos_sign_up.geo
22483,ArchElohLogosSignValley,arch_eloh_logos_sign_valley.geo
22484,ArchElohLogosSignVehicle_Land,arch_eloh_logos_sign_vehicle_land.geo
22485,ArchElohLogosSignVictory,arch_eloh_logos_sign_victory.geo
22486,ArchElohLogosSignVisit,arch_eloh_logos_sign_visit.geo
22487,ArchElohLogosSignVortex,arch_eloh_logos_sign_vortex.geo
22488,ArchElohLogosSignWar,arch_eloh_logos_sign_war.geo
22489,ArchElohLogosSignWas_Not,arch_eloh_logos_sign_was_not.geo
22490,ArchElohLogosSignWas_Were,arch_eloh_logos_sign_was_were.geo
22491,ArchElohLogosSignWater,arch_eloh_logos_sign_water.geo
22492,ArchElohLogosSignWeak,arch_eloh_logos_sign_weak.geo
22493,ArchElohLogosSignWeave,arch_eloh_logos_sign_weave.geo
22494,ArchElohLogosSignWest,arch_eloh_logos_sign_west.geo
22495,ArchElohLogosSignEveryone,arch_eloh_logos_sign_we_all.geo
22496,ArchElohLogosSignWe_or_Us,arch_eloh_logos_sign_we_or_us.geo
22497,ArchElohLogosSignWhat,arch_eloh_logos_sign_what.geo
22498,ArchElohLogosSignWheel,arch_eloh_logos_sign_wheel.geo
22499,ArchElohLogosSignWhen,arch_eloh_logos_sign_when.geo
22500,ArchElohLogosSignWhere,arch_eloh_logos_sign_where.geo
22501,ArchElohLogosSignWhich,arch_eloh_logos_sign_which.geo
22502,ArchElohLogosSignWho,arch_eloh_logos_sign_who.geo
22503,ArchElohLogosSignWhy,arch_eloh_logos_sign_why.geo
22504,ArchElohLogosSignWill_Be,arch_eloh_logos_sign_will_be.geo
22505,ArchElohLogosSignWill_Not,arch_eloh_logos_sign_will_not.geo
22506,ArchElohLogosSignWind,arch_eloh_logos_sign_wind.geo
22507,ArchElohLogosSignWinter,arch_eloh_logos_sign_winter.geo
22508,ArchElohLogosSignWoman,arch_eloh_logos_sign_woman.geo
22509,ArchElohLogosSignWork,arch_eloh_logos_sign_work.geo
22510,ArchElohLogosSignWriting,arch_eloh_logos_sign_writing.geo
22511,ArchElohLogosSignYall,arch_eloh_logos_sign_yall.geo
22512,ArchElohLogosSignYawls,arch_eloh_logos_sign_yawls.geo
22513,ArchElohLogosSignYear,arch_eloh_logos_sign_year.geo
22514,ArchElohLogosSignYears,arch_eloh_logos_sign_years.geo
22515,ArchElohLogosSignYesterday,arch_eloh_logos_sign_yesterday.geo
22516,ArchElohLogosSignYou,arch_eloh_logos_sign_you.geo
22517,ArchElohLogosSignYours,arch_eloh_logos_sign_yours.geo
22518,UsableItemDispMawflowerV01DELETE,flora_foreas_swamp_maw_flower01_v01.geo
22519,UsableItemDispMawflowerV02DELETE,flora_foreas_swamp_maw_flower01_v02.geo
22520,UsableItemDispMawflowerV03DELETE,flora_foreas_swamp_maw_flower01_v03.geo
22521,UsableItemDispMawflowerV04DELETE,flora_foreas_swamp_maw_flower01_v04.geo
22522,UsableItemDispMawflowerV05DELETE,flora_foreas_swamp_maw_flower01_v05.geo
22524,TerraForeasRockGreenLarge01V02,terra_foreas_rock_green_large01_v02.geo
22525,TerraForeasRockGreenLarge01V03,terra_foreas_rock_green_large01_v03.geo
22526,TerraForeasRockGreenLarge01V01,terra_foreas_rock_green_large01_v01.geo
22527,Mis_Plains_Incriminating_2_Covert_Disc,item_datablock_hum.geo
22587,ArchBaneOutpostObstacleV05,arch_bane_outpost_obstacle_v05.geo
22588,ArchBrannWormholeExtV01,arch_brann_wormhole_ext_v01.geo
22589,TESTElohCOntrolVFX,arch_eloh_controlpoint_human_vfx_v01.geo
22590,Ammo_Scrap_2_Mechanical_Components,item_canister_hum_v01.geo
22591,Ammo_Scrap_3_Electromechanical_Devices,item_canister_hum_v01.geo
22592,Ammo_Scrap_4_Electronics,item_canister_hum_v01.geo
22593,Ammo_Scrap_5_Integrated_Circuits,item_canister_hum_v01.geo
22594,Ammo_Micromech_2_Programmable,item_canister_hum_v01.geo
22595,Ammo_Micromech_3_Consumer_Grade,item_canister_hum_v01.geo
22596,Ammo_Micromech_4_Weapons_Grade,item_canister_hum_v01.geo
22597,Ammo_Micromech_5_Medical_Grade,item_canister_hum_v01.geo
22598,ArchBrannHQ01V01,arch_brann_hq_01_v01.geo
22612,ArchBrannCorridorEntrance02V01,arch_wardenbot_corridor_entrance_01_v01.geo
22613,MisLamnaArmorySecurityKey,ammo_bullets_v01.geo
22614,MisLamnaArmoryQuartermasterKey,ammo_bullets_v01.geo
22615,MisLamnaArmoryWeaponsmithKey,ammo_bullets_v01.geo
22617,MisPoolsItemBooze,ammo_bullets_v01.geo
22618,Mis_Plains_Franks_Log,item_datablock_hum.geo
22619,MisPlateauItemSnakepitmedicalsupplies,item_crate_hum_v01.geo
22621,Mis_Plains_Interception_Crate_Supplies,item_canister_bane_v01.geo
22625,TestVehicleHumHovertankLaserV01,vehicle_hum_hovertank_laser_v01.geo
22626,Mis_Plains_Itching_Powder,item_canister_hum_v01.geo
22627,Creature_Atta_Soldier_Standard_Boss,creature_arieki_atta_soldier_v01.geo
22629,VfxForeasUstorYardSkyFog,vfx_env_ustoryard_skyfog_v01.geo
22630,Mis_Plains_Quarm_Head,item_bio_heads_thrax_v01.geo
22631,ArchForeanElohTempleWallEndcapLftV02,arch_forean_eloh_temple_wall_endcap_lft_v02.geo
22632,ArchForeanElohTempleWallEndcapRtV02,arch_forean_eloh_temple_wall_endcap_rt_v02.geo
22633,ArchBaneBulletLightSmallV02,arch_bane_bullet_light_small_v02.geo
22634,ArchElohTempleObstacleV01,arch_eloh_temple_obstacle_v01.geo
22635,Vendor_Forean_Female,creature_forean_female_v01.geo
22636,Vendor_Forean_Shaman,creature_forean_shaman_v01.geo
22637,Vendor_Forean_Gunner,creature_forean_warrior_v02.geo
22638,Vendor_Forean_Warrior,creature_forean_warrior_V01.geo
22641,TerraForeasRockGreenMed01V01,terra_foreas_rock_green_med01_v01.geo
22642,TerraForeasRockGreenMed01V02,terra_foreas_rock_green_med01_v02.geo
22643,TerraForeasRockGreenMed01V03,terra_foreas_rock_green_med01_v03.geo
22644,TerraForeasRockGreenMed01V04,terra_foreas_rock_green_med01_v04.geo
22645,ItemElohLogosAir,item_crate_hum_v01.geo
22646,ItemElohLogosAll_of_yours,item_crate_hum_v01.geo
22647,ItemElohLogosAncestor,item_crate_hum_v01.geo
22648,ItemElohLogosAnd,item_crate_hum_v01.geo
22649,ItemElohLogosApplaud,item_crate_hum_v01.geo
22650,ItemElohLogosArrive,item_crate_hum_v01.geo
22651,ItemElohLogosAsleep,item_crate_hum_v01.geo
22652,ItemElohLogosAt,item_crate_hum_v01.geo
22653,ItemElohLogosAwake,item_crate_hum_v01.geo
22654,ItemElohLogosBaby,item_crate_hum_v01.geo
22655,ItemElohLogosBabyboy,item_crate_hum_v01.geo
22656,ItemElohLogosBabygirl,item_crate_hum_v01.geo
22657,ItemElohLogosBalanced,item_crate_hum_v01.geo
22658,ItemElohLogosBank,item_crate_hum_v01.geo
22659,ItemElohLogosBecause,item_crate_hum_v01.geo
22660,ItemElohLogosBefore,item_crate_hum_v01.geo
22661,ItemElohLogosBegin,item_crate_hum_v01.geo
22662,ItemElohLogosBehind,item_crate_hum_v01.geo
22663,ItemElohLogosBeing,item_crate_hum_v01.geo
22664,ItemElohLogosBelieve,item_crate_hum_v01.geo
22665,ItemElohLogosBeside,item_crate_hum_v01.geo
22666,ItemElohLogosBig,item_crate_hum_v01.geo
22667,ItemElohLogosBlind,item_crate_hum_v01.geo
22668,ItemElohLogosBody,item_crate_hum_v01.geo
22669,ItemElohLogosBoo,item_crate_hum_v01.geo
22670,ItemElohLogosBook,item_crate_hum_v01.geo
22671,ItemElohLogosBoundary,item_crate_hum_v01.geo
22672,ItemElohLogosBoy,item_crate_hum_v01.geo
22673,ItemElohLogosBreak,item_crate_hum_v01.geo
22674,ItemElohLogosBridge,item_crate_hum_v01.geo
22675,ItemElohLogosBuff,item_crate_hum_v01.geo
22676,ItemElohLogosBuild,item_crate_hum_v01.geo
22677,ItemElohLogosBut,item_crate_hum_v01.geo
22678,ItemElohLogosBuy,item_crate_hum_v01.geo
22679,ItemElohLogosChild,item_crate_hum_v01.geo
22680,ItemElohLogosChoice,item_crate_hum_v01.geo
22681,ItemElohLogosCivilization,item_crate_hum_v01.geo
22682,ItemElohLogosClarity,item_crate_hum_v01.geo
22683,ItemElohLogosClose,item_crate_hum_v01.geo
22684,ItemElohLogosColliseum,item_crate_hum_v01.geo
22685,ItemElohLogosComet,item_crate_hum_v01.geo
22686,ItemElohLogosComing,item_crate_hum_v01.geo
22687,ItemElohLogosCommunicate,item_crate_hum_v01.geo
22688,ItemElohLogosConflict,item_crate_hum_v01.geo
22689,ItemElohLogosConfront,item_crate_hum_v01.geo
22690,ItemElohLogosConfusion,item_crate_hum_v01.geo
22691,ItemElohLogosConstellation,item_crate_hum_v01.geo
22692,ItemElohLogosContainer,item_crate_hum_v01.geo
22693,ItemElohLogosCosmos,item_crate_hum_v01.geo
22694,ItemElohLogosCraftworks,item_crate_hum_v01.geo
22696,ItemElohLogosCrop,item_crate_hum_v01.geo
22697,ItemElohLogosCrush,item_crate_hum_v01.geo
22698,ItemElohLogosCry,item_crate_hum_v01.geo
22699,ItemElohLogosDay,item_crate_hum_v01.geo
22700,ItemElohLogosDeath,item_crate_hum_v01.geo
22701,ItemElohLogosDebuff,item_crate_hum_v01.geo
22702,ItemElohLogosDecrease,item_crate_hum_v01.geo
22703,ItemElohLogosDefeat,item_crate_hum_v01.geo
22704,ItemElohLogosDepart,item_crate_hum_v01.geo
22705,ItemElohLogosDescendent,item_crate_hum_v01.geo
22706,ItemElohLogosDestruction,item_crate_hum_v01.geo
22707,ItemElohLogosDiscover,item_crate_hum_v01.geo
22708,ItemElohLogosDishonor,item_crate_hum_v01.geo
22709,ItemElohLogosDislike,item_crate_hum_v01.geo
22710,ItemElohLogosDispleased,item_crate_hum_v01.geo
22711,ItemElohLogosDistance,item_crate_hum_v01.geo
22712,ItemElohLogosDivide,item_crate_hum_v01.geo
22713,ItemElohLogosDivision,item_crate_hum_v01.geo
22714,ItemElohLogosDominate,item_crate_hum_v01.geo
22715,ItemElohLogosDoor,item_crate_hum_v01.geo
22716,ItemElohLogosDown,item_crate_hum_v01.geo
22717,ItemElohLogosDrop,item_crate_hum_v01.geo
22718,ItemElohLogosDroplet,item_crate_hum_v01.geo
22719,ItemElohLogosEar,item_crate_hum_v01.geo
22720,ItemElohLogosEast,item_crate_hum_v01.geo
22721,ItemElohLogosEating,item_crate_hum_v01.geo
22722,ItemElohLogosEffect,item_crate_hum_v01.geo
22723,ItemElohLogosEither,item_crate_hum_v01.geo
22724,ItemElohLogosEloh,item_crate_hum_v01.geo
22725,ItemElohLogosEmote,item_crate_hum_v01.geo
22726,ItemElohLogosEmpower,item_crate_hum_v01.geo
22727,ItemElohLogosEnlarging,item_crate_hum_v01.geo
22728,ItemElohLogosEnlighten,item_crate_hum_v01.geo
22729,ItemElohLogosEntrance,item_crate_hum_v01.geo
22730,ItemElohLogosEternal,item_crate_hum_v01.geo
22731,ItemElohLogosEthical_hedonism,item_crate_hum_v01.geo
22732,ItemElohLogosEvery,item_crate_hum_v01.geo
22733,ItemElohLogosEveryones,item_crate_hum_v01.geo
22734,ItemElohLogosEvil,item_crate_hum_v01.geo
22735,ItemElohLogosEvolved,item_crate_hum_v01.geo
22736,ItemElohLogosExamine,item_crate_hum_v01.geo
22737,ItemElohLogosExchange,item_crate_hum_v01.geo
22738,ItemElohLogosExit,item_crate_hum_v01.geo
22739,ItemElohLogosEye,item_crate_hum_v01.geo
22740,ItemElohLogosFall,item_crate_hum_v01.geo
22741,ItemElohLogosFar,item_crate_hum_v01.geo
22742,ItemElohLogosFarewell,item_crate_hum_v01.geo
22743,ItemElohLogosFarm,item_crate_hum_v01.geo
22744,ItemElohLogosFather,item_crate_hum_v01.geo
22745,ItemElohLogosFew,item_crate_hum_v01.geo
22746,ItemElohLogosFinger,item_crate_hum_v01.geo
22747,ItemElohLogosFire,item_crate_hum_v01.geo
22748,ItemElohLogosFlower,item_crate_hum_v01.geo
22749,ItemElohLogosFounded,item_crate_hum_v01.geo
22750,ItemElohLogosFragile,item_crate_hum_v01.geo
22751,ItemElohLogosFrequency,item_crate_hum_v01.geo
22752,ItemElohLogosFrom,item_crate_hum_v01.geo
22753,ItemElohLogosFuture,item_crate_hum_v01.geo
22754,ItemElohLogosGalaxy,item_crate_hum_v01.geo
22755,ItemElohLogosGaming_hall,item_crate_hum_v01.geo
22756,ItemElohLogosGather,item_crate_hum_v01.geo
22757,ItemElohLogosGirl,item_crate_hum_v01.geo
22758,ItemElohLogosGoing,item_crate_hum_v01.geo
22759,ItemElohLogosGood,item_crate_hum_v01.geo
22761,ItemElohLogosGreeting,item_crate_hum_v01.geo
22762,ItemElohLogosGrowth,item_crate_hum_v01.geo
22763,ItemElohLogosHand,item_crate_hum_v01.geo
22764,ItemElohLogosHappy,item_crate_hum_v01.geo
22765,ItemElohLogosHate,item_crate_hum_v01.geo
22766,ItemElohLogosHave,item_crate_hum_v01.geo
22767,ItemElohLogosHearing,item_crate_hum_v01.geo
22768,ItemElohLogosHide,item_crate_hum_v01.geo
22769,ItemElohLogosHim,item_crate_hum_v01.geo
22770,ItemElohLogosHold,item_crate_hum_v01.geo
22771,ItemElohLogosHonor,item_crate_hum_v01.geo
22772,ItemElohLogosHow,item_crate_hum_v01.geo
22773,ItemElohLogosIce,item_crate_hum_v01.geo
22774,ItemElohLogosIf,item_crate_hum_v01.geo
22775,ItemElohLogosIgnorance,item_crate_hum_v01.geo
22776,ItemElohLogosImbalance,item_crate_hum_v01.geo
22777,ItemElohLogosImmortality,item_crate_hum_v01.geo
22778,ItemElohLogosIn,item_crate_hum_v01.geo
22779,ItemElohLogosInfinity,item_crate_hum_v01.geo
22780,ItemElohLogosInfront,item_crate_hum_v01.geo
22781,ItemElohLogosIntelligent,item_crate_hum_v01.geo
22782,ItemElohLogosIntertwined,item_crate_hum_v01.geo
22783,ItemElohLogosIs,item_crate_hum_v01.geo
22784,ItemElohLogosIt,item_crate_hum_v01.geo
22785,ItemElohLogosIts,item_crate_hum_v01.geo
22786,ItemElohLogosJoined,item_crate_hum_v01.geo
22787,ItemElohLogosJumbled,item_crate_hum_v01.geo
22788,ItemElohLogosKnowledge,item_crate_hum_v01.geo
22789,ItemElohLogosLanguage,item_crate_hum_v01.geo
22790,ItemElohLogosLeft,item_crate_hum_v01.geo
22791,ItemElohLogosLight_speed,item_crate_hum_v01.geo
22792,ItemElohLogosLike,item_crate_hum_v01.geo
22794,ItemElohLogosLocation,item_crate_hum_v01.geo
22795,ItemElohLogosLogos,item_crate_hum_v01.geo
22796,ItemElohLogosLogos_element,item_crate_hum_v01.geo
22797,ItemElohLogosLooking,item_crate_hum_v01.geo
22798,ItemElohLogosLost,item_crate_hum_v01.geo
22799,ItemElohLogosLove,item_crate_hum_v01.geo
22800,ItemElohLogosMan,item_crate_hum_v01.geo
22801,ItemElohLogosMarket,item_crate_hum_v01.geo
22802,ItemElohLogosMay,item_crate_hum_v01.geo
22804,ItemElohLogosMeet,item_crate_hum_v01.geo
22805,ItemElohLogosMight,item_crate_hum_v01.geo
22806,ItemElohLogosMine,item_crate_hum_v01.geo
22807,ItemElohLogosMoon,item_crate_hum_v01.geo
22808,ItemElohLogosMoon_crescent_waning,item_crate_hum_v01.geo
22809,ItemElohLogosMoon_crescent_waxing,item_crate_hum_v01.geo
22810,ItemElohLogosMoon_full,item_crate_hum_v01.geo
22811,ItemElohLogosMoon_gibbous_waning,item_crate_hum_v01.geo
22812,ItemElohLogosMoon_gibbous_waxing,item_crate_hum_v01.geo
22813,ItemElohLogosMoon_half,item_crate_hum_v01.geo
22814,ItemElohLogosMoon_new,item_crate_hum_v01.geo
22815,ItemElohLogosMother,item_crate_hum_v01.geo
22816,ItemElohLogosMountain,item_crate_hum_v01.geo
22817,ItemElohLogosMouth,item_crate_hum_v01.geo
22818,ItemElohLogosMultiply,item_crate_hum_v01.geo
22819,ItemElohLogosMuseum,item_crate_hum_v01.geo
22820,ItemElohLogosNeph,item_crate_hum_v01.geo
22821,ItemElohLogosNight,item_crate_hum_v01.geo
22822,ItemElohLogosNone,item_crate_hum_v01.geo
22823,ItemElohLogosNor,item_crate_hum_v01.geo
22824,ItemElohLogosNorth,item_crate_hum_v01.geo
22825,ItemElohLogosNose,item_crate_hum_v01.geo
22826,ItemElohLogosNot,item_crate_hum_v01.geo
22827,ItemElohLogosNothing,item_crate_hum_v01.geo
22828,ItemElohLogosNow,item_crate_hum_v01.geo
22829,ItemElohLogosOf,item_crate_hum_v01.geo
22830,ItemElohLogosOn,item_crate_hum_v01.geo
22831,ItemElohLogosOnly,item_crate_hum_v01.geo
22832,ItemElohLogosOpen,item_crate_hum_v01.geo
22833,ItemElohLogosOpposite,item_crate_hum_v01.geo
22834,ItemElohLogosOr,item_crate_hum_v01.geo
22835,ItemElohLogosOrion,item_crate_hum_v01.geo
22836,ItemElohLogosOthers,item_crate_hum_v01.geo
22837,ItemElohLogosOurs,item_crate_hum_v01.geo
22838,ItemElohLogosOut,item_crate_hum_v01.geo
22839,ItemElohLogosPage,item_crate_hum_v01.geo
22840,ItemElohLogosParent,item_crate_hum_v01.geo
22841,ItemElohLogosPast,item_crate_hum_v01.geo
22842,ItemElohLogosPeople,item_crate_hum_v01.geo
22843,ItemElohLogosPermit,item_crate_hum_v01.geo
22844,ItemElohLogosPerson,item_crate_hum_v01.geo
22845,ItemElohLogosPhi,item_crate_hum_v01.geo
22846,ItemElohLogosPickup,item_crate_hum_v01.geo
22847,ItemElohLogosPlace,item_crate_hum_v01.geo
22848,ItemElohLogosPlanet,item_crate_hum_v01.geo
22849,ItemElohLogosPleased,item_crate_hum_v01.geo
22850,ItemElohLogosPonder,item_crate_hum_v01.geo
22851,ItemElohLogosProgress,item_crate_hum_v01.geo
22852,ItemElohLogosQuestion,item_crate_hum_v01.geo
22853,ItemElohLogosRain,item_crate_hum_v01.geo
22854,ItemElohLogosRead,item_crate_hum_v01.geo
22855,ItemElohLogosRebirth,item_crate_hum_v01.geo
22856,ItemElohLogosRelease,item_crate_hum_v01.geo
22857,ItemElohLogosRepair,item_crate_hum_v01.geo
22858,ItemElohLogosRepeat,item_crate_hum_v01.geo
22859,ItemElohLogosReply,item_crate_hum_v01.geo
22860,ItemElohLogosRetail,item_crate_hum_v01.geo
22861,ItemElohLogosRight,item_crate_hum_v01.geo
22862,ItemElohLogosRocket,item_crate_hum_v01.geo
22863,ItemElohLogosSad,item_crate_hum_v01.geo
22864,ItemElohLogosSearch,item_crate_hum_v01.geo
22865,ItemElohLogosSecular,item_crate_hum_v01.geo
22866,ItemElohLogosSeeds,item_crate_hum_v01.geo
22867,ItemElohLogosSell,item_crate_hum_v01.geo
22868,ItemElohLogosShip,item_crate_hum_v01.geo
22869,ItemElohLogosShrine,item_crate_hum_v01.geo
22870,ItemElohLogosShrinking,item_crate_hum_v01.geo
22871,ItemElohLogosSign,item_crate_hum_v01.geo
22872,ItemElohLogosSigns,item_crate_hum_v01.geo
22873,ItemElohLogosSimilar,item_crate_hum_v01.geo
22874,ItemElohLogosSine,item_crate_hum_v01.geo
22875,ItemElohLogosSky,item_crate_hum_v01.geo
22876,ItemElohLogosSmall,item_crate_hum_v01.geo
22877,ItemElohLogosSmelling,item_crate_hum_v01.geo
22878,ItemElohLogosSnow,item_crate_hum_v01.geo
22879,ItemElohLogosSolarsys,item_crate_hum_v01.geo
22880,ItemElohLogosSouth,item_crate_hum_v01.geo
22881,ItemElohLogosSpeaking,item_crate_hum_v01.geo
22882,ItemElohLogosSpirit,item_crate_hum_v01.geo
22883,ItemElohLogosStar,item_crate_hum_v01.geo
22884,ItemElohLogosStore,item_crate_hum_v01.geo
22885,ItemElohLogosStrong,item_crate_hum_v01.geo
22886,ItemElohLogosSubmit,item_crate_hum_v01.geo
22887,ItemElohLogosSubtract,item_crate_hum_v01.geo
22888,ItemElohLogosSummer,item_crate_hum_v01.geo
22889,ItemElohLogosSun,item_crate_hum_v01.geo
22890,ItemElohLogosSunrise,item_crate_hum_v01.geo
22891,ItemElohLogosSunset,item_crate_hum_v01.geo
22892,ItemElohLogosSurround,item_crate_hum_v01.geo
22893,ItemElohLogosSymbol,item_crate_hum_v01.geo
22894,ItemElohLogosSymbology,item_crate_hum_v01.geo
22895,ItemElohLogosThat,item_crate_hum_v01.geo
22896,ItemElohLogosThe,item_crate_hum_v01.geo
22897,ItemElohLogosTheater,item_crate_hum_v01.geo
22898,ItemElohLogosTheirs,item_crate_hum_v01.geo
22899,ItemElohLogosThem,item_crate_hum_v01.geo
22900,ItemElohLogosThere,item_crate_hum_v01.geo
22901,ItemElohLogosThese,item_crate_hum_v01.geo
22902,ItemElohLogosThing,item_crate_hum_v01.geo
22903,ItemElohLogosThose,item_crate_hum_v01.geo
22904,ItemElohLogosThrough,item_crate_hum_v01.geo
22905,ItemElohLogosTired,item_crate_hum_v01.geo
22906,ItemElohLogosToday,item_crate_hum_v01.geo
22907,ItemElohLogosTofar,item_crate_hum_v01.geo
22908,ItemElohLogosTogether,item_crate_hum_v01.geo
22909,ItemElohLogosTomorrow,item_crate_hum_v01.geo
22910,ItemElohLogosTouch,item_crate_hum_v01.geo
22911,ItemElohLogosTough,item_crate_hum_v01.geo
22912,ItemElohLogosTrade,item_crate_hum_v01.geo
22913,ItemElohLogosTransform,item_crate_hum_v01.geo
22914,ItemElohLogosTree,item_crate_hum_v01.geo
22915,ItemElohLogosTrue,item_crate_hum_v01.geo
22916,ItemElohLogosUnfriendly,item_crate_hum_v01.geo
22917,ItemElohLogosUnintelligent,item_crate_hum_v01.geo
22918,ItemElohLogosUnit_of_value,item_crate_hum_v01.geo
22919,ItemElohLogosUp,item_crate_hum_v01.geo
22921,ItemElohLogosValley,item_crate_hum_v01.geo
22922,ItemElohLogosVehicle,item_crate_hum_v01.geo
22923,ItemElohLogosVictory,item_crate_hum_v01.geo
22924,ItemElohLogosVisit,item_crate_hum_v01.geo
22925,ItemElohLogosWar,item_crate_hum_v01.geo
22926,ItemElohLogosWas,item_crate_hum_v01.geo
22927,ItemElohLogosWas_not,item_crate_hum_v01.geo
22928,ItemElohLogosWater,item_crate_hum_v01.geo
22929,ItemElohLogosWeak,item_crate_hum_v01.geo
22930,ItemElohLogosEveryone,item_crate_hum_v01.geo
22931,ItemElohLogosWest,item_crate_hum_v01.geo
22932,ItemElohLogosWhat,item_crate_hum_v01.geo
22933,ItemElohLogosWheel,item_crate_hum_v01.geo
22934,ItemElohLogosWhen,item_crate_hum_v01.geo
22935,ItemElohLogosWhere,item_crate_hum_v01.geo
22936,ItemElohLogosWhich,item_crate_hum_v01.geo
22937,ItemElohLogosWill_be,item_crate_hum_v01.geo
22938,ItemElohLogosWill_not,item_crate_hum_v01.geo
22939,ItemElohLogosWinter,item_crate_hum_v01.geo
22940,ItemElohLogosWoman,item_crate_hum_v01.geo
22941,ItemElohLogosWork,item_crate_hum_v01.geo
22942,ItemElohLogosWriting,item_crate_hum_v01.geo
22943,ItemElohLogosYear,item_crate_hum_v01.geo
22944,ItemElohLogosYears,item_crate_hum_v01.geo
22945,ItemElohLogosYesterday,item_crate_hum_v01.geo
22946,ItemElohLogosYou,item_crate_hum_v01.geo
22947,ItemElohLogosYou_all,item_crate_hum_v01.geo
22948,ItemElohLogosYours,item_crate_hum_v01.geo
22949,Bane_Forean_Machina_Boss,creature_forean_machina_v01.geo
22951,UsableStatelessSecurityMonitorFD,prop_hum_monitor_v01_v05.geo
22952,ArchForeanElohTemplePyramidV02,arch_forean_eloh_temple_pyramid_v02.geo
22953,MisWildernessItemNyllasArmband,item_bag_hum_v01.geo
22954,UsableTwoStateElohTemplesSpawner,arch_eloh_temples_spawner.geo
22955,TerraForeasRockGreenLarge01V04,terra_foreas_rock_green_large01_v04.geo
22956,ArchElohTemplesPlates,arch_eloh_temples_plates.geo
22967,MisMarshesVillageRuinsBombs,prop_hum_bomb_v01.geo
22968,MisMarshesVillageRuinsBeacon,prop_hum_gps_beacon_v01.geo
22969,ArchElohTemplesRoomBodyV01,arch_eloh_temples_room_body_v01.geo
22971,ArchElohTemplesRoomBodyV02,arch_eloh_temples_room_body_v02.geo
22972,ArchElohTemplesRoomSpiritV01,arch_eloh_temples_room_spirit_v01.geo
22973,UsableItemAccHumStalkerBeacon,prop_hum_gps_beacon_acceptor_v01.geo
22974,MisMarshesItemStalkerBeacon,ammo_bullets_v01.geo
22975,Creature_Mox_Boss,creature_foreas_mox_v01.geo
22976,Bane_Miasma_Infected_Boss,creature_bane_miasma_infected_v01.geo
22977,Bane_Mox_Standard_Boss,creature_bane_mox_v01.geo
22978,Bane_Mox_Infected_Boss,creature_bane_mox_infected_v01.geo
22979,MisMarshsesVillageRuinsKeyCard,item_keycard_v01_bane.geo
22980,Creature_Maw_Boss,creature_foreas_maw_v01.geo
22981,Vehicle_Bane_Strider_v2_Boss,creature_thrax_strider_v01.geo
22982,MisItemMarshesStalkerMotherboard,item_machinepart_bane_v02.geo
22983,MisMarshesItemCaretakerAIControl,item_machinepart_bane_v01.geo
22984,MisMarshesItemMachinaBrainImplant,item_machinepart_bane_v03.geo
22985,Mis_Plains_Collective_Evidence,item_datablock_hum.geo
22986,MisMarshesItemBienviendoBlade,item_datablade_bane.geo
22987,UsableItemDispGpsbeacons,prop_hum_crate_supplies01_V04.geo
22989,ArchBaneGenObjSonictowerV02Destroyed,prop_bane_sonictower_v02_destroyed.geo
22990,Mis_DMF_KillJamie_Head,item_bio_heads_thrax_v01.geo
22992,Mis_BHKill_Test_Thrax_Head,item_bio_heads_thrax_v01.geo
22993,SkyAriekiLigoThunderhead,sky_arieki_ligo_thunderhead_clouds.geo
22994,SkyAriekiLigoCrucibleLight,sky_arieki_ligo_crucible_aurora.geo
22995,ArchHumCorridorRamp0124mV01,arch_hum_corridor_ramp_01_24m_v02.geo
22996,ArchHumCorridorEntranceV01,arch_hum_corridor_entrance_v03.geo
22997,ArchBaneIndustrialServiceJambInstance,arch_bane_industrial_service_jamb_instance.geo
22998,ArchHumCorridorButtress,arch_hum_corridor_buttress_v01_8m_v02.geo
22999,ArchHumBaseHolosignAbyss,prop_hum_sign_holo_v74.geo
23000,ArchHumBaseHolosignAcademyPoint,prop_hum_sign_holo_v64.geo
23001,ArchHumBaseHolosignAlphaThreshold,prop_hum_sign_holo_v37.geo
23002,ArchHumBaseHolosignAlphaGate,prop_hum_sign_holo_v92.geo
23003,ArchHumBaseHolosignAshenDesert,prop_hum_sign_holo_v101.geo
23004,ArchHumBaseHolosignAtta01,prop_hum_sign_holo_v81.geo
23005,ArchHumBaseHolosignAtta02,prop_hum_sign_holo_v89.geo
23006,ArchHumBaseHolosignBravoGate,prop_hum_sign_holo_v93.geo
23007,ArchHumBaseHolosignBrimstoneLake,prop_hum_sign_holo_v107.geo
23008,ArchHumBaseHolosignCampResistance,prop_hum_sign_holo_v54.geo
23009,ArchHumBaseHolosignChasm,prop_hum_sign_holo_v55.geo
23010,ArchHumBaseHolosignCrucible,prop_hum_sign_holo_v102.geo
23011,ArchHumBaseHolosignCumbria,prop_hum_sign_holo_v35.geo
23012,ArchHumBaseHolosignDescent,prop_hum_sign_holo_v47.geo
23013,ArchHumBaseHolosignEdaDas,prop_hum_sign_holo_v65.geo
23014,ArchHumBaseHolosignEirCrater,prop_hum_sign_holo_v80.geo
23015,ArchHumBaseHolosignEnigma,prop_hum_sign_holo_v33.geo
23016,ArchHumBaseHolosignFalconHold,prop_hum_sign_holo_v62.geo
23017,ArchHumBaseHolosignFirefall,prop_hum_sign_holo_v82.geo
23018,ArchHumBaseHolosignFluxiteMine,prop_hum_sign_holo_v95.geo
23019,ArchHumBaseHolosignFortDefiance,prop_hum_sign_holo_v48.geo
23020,ArchHumBaseHolosignFortDew,prop_hum_sign_holo_v36.geo
23021,ArchHumBaseHolosignFortHaroun,prop_hum_sign_holo_v91.geo
23022,ArchHumBaseHolosignFracturedButte,prop_hum_sign_holo_v60.geo
23023,ArchHumBaseHolosignGeyser,prop_hum_sign_holo_v77.geo
23024,ArchHumBaseHolosignHightower,prop_hum_sign_holo_v38.geo
23025,ArchHumBaseHolosignHorsetail,prop_hum_sign_holo_v41.geo
23026,ArchHumBaseHolosignIncline,prop_hum_sign_holo_v72.geo
23027,ArchHumBaseHolosignIndraPass,prop_hum_sign_holo_v114.geo
23028,ArchHumBaseHolosignInfensus,prop_hum_sign_holo_v83.geo
23029,ArchHumBaseHolosignIrendas,prop_hum_sign_holo_v75.geo
23030,ArchHumBaseHolosignLarai,prop_hum_sign_holo_v106.geo
23031,ArchHumBaseHolosignLigoFault,prop_hum_sign_holo_v108.geo
23032,ArchHumBaseHolosignMajiField,prop_hum_sign_holo_v113.geo
23033,ArchHumBaseHolosignMarshes,prop_hum_sign_holo_v46.geo
23034,ArchHumBaseHolosignMartyr,prop_hum_sign_holo_v57.geo
23035,ArchHumBaseHolosignMires,prop_hum_sign_holo_v73.geo
23036,ArchHumBaseHolosignMiresPost,prop_hum_sign_holo_v86.geo
23037,ArchHumBaseHolosignMtHellas,prop_hum_sign_holo_v79.geo
23038,ArchHumBaseHolosignMtReverence,prop_hum_sign_holo_v49.geo
23039,ArchHumBaseHolosignNewVelon,prop_hum_sign_holo_v52.geo
23040,ArchHumBaseHolosignNyxroq,prop_hum_sign_holo_v84.geo
23041,ArchHumBaseHolosignOrthoPost,prop_hum_sign_holo_v88.geo
23042,ArchHumBaseHolosignOutpostAurora,prop_hum_sign_holo_v104.geo
23043,ArchHumBaseHolosignPaludos,prop_hum_sign_holo_v63.geo
23044,ArchHumBaseHolosignPax,prop_hum_sign_holo_v90.geo
23045,ArchHumBaseHolosignPinnacle,prop_hum_sign_holo_v50.geo
23046,ArchHumBaseHolosignPlains,prop_hum_sign_holo_v71.geo
23047,ArchHumBaseHolosignPlainsPost,prop_hum_sign_holo_v85.geo
23048,ArchHumBaseHolosignPlateau,prop_hum_sign_holo_v44.geo
23049,ArchHumBaseHolosignPools,prop_hum_sign_holo_v45.geo
23050,ArchHumBaseHolosignQuicksilver,prop_hum_sign_holo_v94.geo
23051,ArchHumBaseHolosignRaintreePost,prop_hum_sign_holo_v87.geo
23052,ArchHumBaseHolosignShadowsEdge,prop_hum_sign_holo_v112.geo
23053,ArchHumBaseHolosignShatteredShelf,prop_hum_sign_holo_v61.geo
23054,ArchHumBaseHolosignSnakePit,prop_hum_sign_holo_v58.geo
23055,ArchHumBaseHolosignSplitfingerForest,prop_hum_sign_holo_v59.geo
23056,ArchHumBaseHolosignStaalDetention,prop_hum_sign_holo_v109.geo
23057,ArchHumBaseHolosignStaalSalvage,prop_hum_sign_holo_v110.geo
23058,ArchHumBaseHolosignStoneAnvil,prop_hum_sign_holo_v34.geo
23059,ArchHumBaseHolosignSupport,prop_hum_sign_holo_v76.geo
23060,ArchHumBaseHolosignThunderBase,prop_hum_sign_holo_v103.geo
23061,ArchHumBaseHolosignThunderhead,prop_hum_sign_holo_v100.geo
23062,ArchHumBaseHolosignTreeback,prop_hum_sign_holo_v40.geo
23063,ArchHumBaseHolosignTrinityBridge,prop_hum_sign_holo_v53.geo
23064,ArchHumBaseHolosignVelonDas,prop_hum_sign_holo_v56.geo
23065,ArchHumBaseHolosignViddia,prop_hum_sign_holo_v105.geo
23066,ArchHumBaseHolosignViro,prop_hum_sign_holo_v78.geo
23067,ArchHumBaseHolosignWalkOfGiants,prop_hum_sign_holo_v39.geo
23068,ArchHumBaseHolosignChaukas,prop_hum_sign_holo_v111.geo
23069,ArchHumBaseHolosignWedgeRock,prop_hum_sign_holo_v51.geo
23071,ArchElohDoorJambVogrentombV01,arch_eloh_vogrentomb_door_v01.geo
23072,UsableItemDispElohLogosLogosTabletV01,arch_eloh_logos_logos_tablet_v01.geo
23073,UsableItemDispElohLogosExclaimV01,arch_eloh_logos_exclaim_v01.geo
23074,UsableItemDispElohLogosYesV01,arch_eloh_logos_yes_v01.geo
23075,UsableItemDispElohLogosNoV01,arch_eloh_logos_no_v01.geo
23076,ArchElohLogosSignExclaim,arch_eloh_logos_sign_exclaim.geo
23077,ArchElohLogosSignLogosTablet,arch_eloh_logos_sign_logos_tablet.geo
23078,ArchElohLogosSignLogosNo,arch_eloh_logos_sign_no.geo
23079,ArchElohLogosSignYes,arch_eloh_logos_sign_yes.geo
23080,ArchHumBaseHolosignWeaponsArmor,prop_hum_sign_holo_v115.geo
23081,VfxSkyUV03,vfx_sky_UV_03.geo
23082,UsableTwoStateBaneConveyorStraightProcessed24MV01,arch_bane_conveyor_straight_processed_24m_v01.geo
23083,ArchElohTemplesRoomSpiritFog,arch_eloh_temples_room_spirit_fog.geo
23084,ArchBaneIndustrialChunnelCatwalkTee8MV01,arch_bane_industrial_chunnel_catwalk_tee_8m_v01.geo
23085,FloraForeasGenTree01CurtainGroupV01,flora_foreas_gen_tree01_curtain_group_v01.geo
23086,FloraForeasGenTree01CurtainGroupV02,flora_foreas_gen_tree01_curtain_group_v02.geo
23089,NPC_Retread_Forean_Female,creature_forean_f_retread_v01.geo
23090,NPC_Retread_Forean_Male,creature_forean_m_retread_v01.geo
23091,UsableInertDestBaneFoundryV01,arch_bane_exterior_foundry_v02.geo
23092,FloraForeasGenTree01CurtainGroupV03,flora_foreas_gen_tree01_curtain_group_v03.geo
23093,ArchElohProjector,arch_eloh_projector.geo
23095,ArchElohTemplesRoomMindV01,arch_eloh_temples_room_mind_v01.geo
23096,MisTordenMiresFindMeARockSonicBomb,ammo_bullets_v01.geo
23097,VfxSkyUV04,vfx_sky_uv_04.geo
23098,UsableInertDestMisElohValeRock_DONOTUSE,terra_foreas_cavern_rock_large01_v01.geo
23099,ArchBanePipelineStraight24MV01,arch_bane_pipeline_straight_24m_v01.geo
23100,ArchBanePipelineEndV01,arch_bane_pipeline_end_v01.geo
23101,ArchBanePipelineTurnV01,arch_bane_pipeline_turn_v01.geo
23103,ArchForeanVillageJunctionGroupV01,arch_forean_village_junction_group_v01.geo
23104,ArchForeanVillagePlatformGroupV01,arch_forean_village_platform_group_v01.geo
23105,ArchForeanVillagePlatform8mV04,arch_forean_village_platform_8m_v04.geo
23106,ArchForeanVillagePlatform8mV05,arch_forean_village_platform_8m_v05.geo
23107,ArchForeanVillagePlatform16mV03,arch_forean_village_platform_16m_v03.geo
23108,SkyAreikiTordenPlainsClouds,sky_arieki_torden_plains_clouds.geo
23109,ArchHumSnakepitV01,arch_hum_snakepit_v01.geo
23110,ArchElohProjectorElohVale,arch_eloh_projector_eloh_vale.geo
23111,ArchHumRetreadGenObjBarrelV01,prop_retread_barrel_v01.geo
23112,ArchHumRetreadGenObjDebriV01,prop_retread_debri_v01.geo
23113,SkyAriekiTordenPlainsClouds,sky_arieki_torden_plains_clouds.geo
23114,CreatureAttaQueenControlDeviceV01,creature_atta_queen_control_device_v01.geo
23115,ArchElohTempleObstacleV02,arch_eloh_temple_obstacle_v02.geo
23116,ArchElohTempleObstacleV03,arch_eloh_temple_obstacle_v03.geo
23117,ArchElohTempleObstacleV04,arch_eloh_temple_obstacle_v04.geo
23118,ArchElohTempleObstacleV05,arch_eloh_temple_obstacle_v05.geo
23119,Holographic_Strider,creature_thrax_strider_hologram_eloh_v01.geo
23121,Vehicle_AFS_Hovertank,vehicle_hum_hovertank_laser_v01.geo
23122,UsableStatelessHumGenObjBrightLightSkyFlare,vfx_human_signal_flare_v01.geo
23123,SkyVfxShootingStar,vfx_sky_shooting_star.geo
23124,Creature_Xanx_Albino,creature_highland_albino_xanx_v01.geo
23125,Bane_Thrax_Machina,creature_thrax_light_soldier_v01.geo
23127,TerraAriekiLigoMesaLarge02V01,terra_arieki_ligo_mesa_large02_v01.geo
23128,TerraAriekiLigoMesaLarge02V02,terra_arieki_ligo_mesa_large02_v02.geo
23129,TerraAriekiLigoMesaLarge02V03,terra_arieki_ligo_mesa_large02_v03.geo
23130,Ambient_Frese,creature_bane_frese_v01.geo
23131,UsableTwoStateMiresSwitchAshPlantDELETE,flora_arieki_plant_birdseye_ashen_01_v01.geo
23132,Mis_Incline_Recon_Beacon,prop_hum_gps_beacon_acceptor_v01.geo
23133,UsableInertDestBaneRawFuelPumpGroupV01,prop_bane_fuel_pump_group.geo
23134,SkyAreikiTordenPlainsLight,sky_arieki_torden_plains_aurora.geo
23137,TerraAriekiLigoMesaLarge02V04,terra_arieki_ligo_mesa_large02_v04.geo
23139,TerraAriekiLigoMesaLarge02V06,terra_arieki_ligo_mesa_large02_v06.geo
23140,TerraAriekiLigoMesaCap01V01,terra_arieki_ligo_mesa_cap01_v01.geo
23141,TerraAriekiLigoMesaCap01V02,terra_arieki_ligo_mesa_cap01_v02.geo
23143,SkyAreikiLigoAshenDesert,sky_arieki_ligo_ashen_desert_clouds.geo
23144,ArchWardenbotCorridorStraight0116mV01,arch_wardenbot_corridor_straight_01_16m_v01.geo
23145,ArchBrannCatwalkStair16mV01,arch_brann_catwalk_stair_16m_v01.geo
23147,ArchBrannCorridorRoom01OperationsV01,arch_brann_corridor_room_01_operations_v01.geo
23148,ArchBrannCorridorRoom01OperationsV02,arch_brann_corridor_room_01_operations_v02.geo
23150,UsableItemAccHumDropzoneFlareV01,prop_hum_dropzone_flare_acceptor_v01.geo
23151,TerraAriekiLigoMesaStrata01V01,terra_arieki_ligo_mesa_strata01_v01.geo
23152,TerraAriekiLigoMesaStrata01V02,terra_arieki_ligo_mesa_strata01_v02.geo
23153,VfxBaneVentSteam4x4,vfx_env_bane_vent_steam_4x4.geo
23154,VfxBaneVentSteam4x4Red,vfx_env_bane_vent_steam_4x4_red.geo
23155,ArchBaneIndustrialRoomControl24mV14,arch_bane_industrial_room_control_24m_v14.geo
23156,VfxBaneVentSteam2x2Red,vfx_env_bane_vent_steam_2x2_red.geo
23157,VfxBaneExhaustSteam2m,vfx_env_bane_exhaust_steam_random_2m.geo
23158,VfxBaneExhaustSteam4m,vfx_env_bane_exhaust_steam_random_4m.geo
23159,ArchBrannCorridorJamb014mV01,arch_brann_corridor_jamb_01_4m_v01.geo
23160,UsableDoorBrannCorridorEntranceDoorV01,arch_brann_corridor_entrance_01_door_v01.geo
23161,TerraAriekiLigoMesaBoulder01V01,terra_arieki_ligo_mesa_boulder01_v01.geo
23162,TerraAriekiLigoMesaBoulder01V02,terra_arieki_ligo_mesa_boulder01_v02.geo
23163,TerraAriekiLigoMesaBoulder01V03,terra_arieki_ligo_mesa_boulder01_v03.geo
23164,TerraAriekiLigoMesaBoulder01V04,terra_arieki_ligo_mesa_boulder01_v04.geo
23165,VfxForeasCloudPlanev01,vfx_env_foreas_cloud_plane_v01.geo
23166,VfxForeasCloudParticlesv01,vfx_env_foreas_clouds_v01.geo
23167,ArchBaneIndustrialRoomControl24mV15,arch_bane_industrial_room_control_24m_v15.geo
23172,ArchBaneIndustrialRoomControl24mV16,arch_bane_industrial_room_control_24m_v16.geo
23173,UsableInertDestBaneCommandChairFloorV01,arch_bane_command_chair_floor_linker_v01.geo
23174,PropBrannMaleCorpseV01,prop_brann_m_corpse_v01.geo
23175,PropBrannMaleCorpseV02,prop_brann_m_corpse_v02.geo
23176,ArchWardenbotCorridorStraight0116mV02,arch_wardenbot_corridor_straight_01_16m_v02.geo
23177,ArchBaneIndustrialChunnelRoomLightV03,arch_bane_industrial_chunnel_room_light_v03.geo
23178,ArchBaneSleepPodGroupV02,arch_bane_sleep_pod_group_v02.geo
23180,ArchBaneSleepPodV04,arch_bane_sleep_pod_v02.geo
23181,TerraForeasCavernRoof500m280mV04,terra_foreas_cavern_roof_500m_x_280m_v04.geo
23183,SkyAriekiLigoDefaultClouds,sky_arieki_ligo_default_clouds.geo
23184,ArchWardenbotCorridorRoom01v01,arch_wardenbot_corridor_room_01_v01.geo
23185,ArchBrannGenObjCrateGroupV01,prop_brann_crategroup_v01.geo
23186,ArchBrannCatwalkStair12mV01,arch_brann_catwalk_stair_12m_v01.geo
23187,ArchWardenbotCorridorStraight0116mV03,arch_wardenbot_corridor_straight_01_16m_v03.geo
23188,TerraAriekiLigoHornitoV01,terra_arieki_ligo_hornito_v01.geo
23189,ArchWardenbotCorridorStraight0116mV04,arch_wardenbot_corridor_straight_01_16m_v04.geo
23191,Redshirt_Brann_Incurable_Male,creature_arieki_brann_m_incurable_v01.geo
23192,NPC_Vehicle_Bane_Strider,creature_thrax_strider_v01.geo
23193,ArchBaneIndustrialChunnelCatwalkCross8MV01,arch_bane_industrial_chunnel_catwalk_cross_8m_v01.geo
23194,TerraAriekiLigoHornitoV04,terra_arieki_ligo_hornito_v04.geo
23195,TerraAriekiLigoHornitoV02,terra_arieki_ligo_hornito_v02.geo
23564,ArchBrannPrisonwallStraight0132mV01,arch_brann_prisonwall_straight_01_32m_v01.geo
23565,ArchBrannPrisonwallStraight0148mV01,arch_brann_prisonwall_straight_01_48m_v01.geo
23566,ArchBrannPrisonwallStraight0164mV01,arch_brann_prisonwall_straight_01_64m_v01.geo
23884,SkyForeasValverdeDescent,sky_foreas_valverde_descent.geo
23885,UsableTwoStateBrannMonitorGenericV01,prop_brann_monitor_v01.geo
23886,UsableTwoStateBrannMonitorGenericV02,prop_brann_monitor_v02.geo
23887,UsableStatelessBrannKeyboardV01,prop_brann_keyboard_v01.geo
23888,ArchWardenbotCorridorCross0116mV01,arch_wardenbot_corridor_cross_01_16m_v01.geo
23889,ArchWardenbotCorridorEndcap018mV02,arch_wardenbot_corridor_endcap_01_8m_v02.geo
23890,ArchWardenbotCorridorRamp0132mV01,arch_wardenbot_corridor_ramp_01_32m_v01.geo
23891,ArchWardenbotCorridorRamp0132mV02,arch_wardenbot_corridor_ramp_01_32m_v02.geo
23892,ArchWardenbotCorridorTee0116mV01,arch_wardenbot_corridor_tee_01_16m_v01.geo
23893,ArchWardenbotCorridorTrunlft0116mV01,arch_wardenbot_corridor_turnlft_01_16m_v01.geo
23894,ArchWardenbotCorridorTurnrt0116mV01,arch_wardenbot_corridor_turnrt_01_16m_v01.geo
23895,TerraAriekiLigoMesaBoulder02V01,terra_arieki_ligo_mesa_boulder02_v01.geo
23896,TerraAriekiLigoMesaBoulder02V02,terra_arieki_ligo_mesa_boulder02_v02.geo
23897,TerraAriekiLigoMesaBoulder02V03,terra_arieki_ligo_mesa_boulder02_v03.geo
23898,TerraAriekiLigoMesaBoulder02V04,terra_arieki_ligo_mesa_boulder02_v04.geo
23899,Mis_Plains_Final_Fight_Flare,prop_hum_gps_beacon_v01.geo
23901,TerraAriekiLigoHornitoV03,terra_arieki_ligo_hornito_v03.geo
23902,Emplacement_AFS_Turret_Brann,prop_brann_turret_v01.geo
23903,TerraAriekiCrucibleLavabridgeBrokenV01,terra_arieki_crucible_lavabridge_broken_v01.geo
23904,TerraAriekiCrucibleLavabridgeSmallV01,terra_arieki_crucible_lavabridge_small_v01.geo
23905,TerraAriekiCrucibleLavabridgeSmallV02,terra_arieki_crucible_lavabridge_small_v02.geo
23906,ArchWardenbotCorridorStraight0116mV05,arch_wardenbot_corridor_straight_01_16m_v05.geo
23907,ArchWardenbotCorridorStraight0116mV06,arch_wardenbot_corridor_straight_01_16m_v06.geo
23908,VfxWaterfall_Foam_Small_v02,vfx_waterfall_wake_small_v02.geo
23913,TerraAriekiCrucibleLavabridgeBrokenV02,terra_arieki_crucible_lavabridge_broken_v02.geo
23914,ArchWardenbotCorridorStraight018mV01,arch_wardenbot_corridor_straight_01_8m_v01.geo
23915,ArchWardenbotCorridorEndcap018mV01,arch_wardenbot_corridor_endcap_01_8m_v01.geo
23916,ArchWardenbotCorridorDoorjamb018mV01,arch_wardenbot_corridor_doorjamb_01_8m_v01.geo
23927,UsableNPCVogrenHologramDELETEDUPE,arch_eloh_switch_v01.geo
23928,Water_AudioTest,watertest.geo
23929,ArchBanePipelineEndV01Destroyed,arch_bane_pipeline_end_v01_destroyed.geo
23930,ArchBanePipelineStraight24mV01Destroyed,arch_bane_pipeline_straight_24m_v01_destroyed.geo
23931,ArchBanePipelineTurnV01Destroyed,arch_bane_pipeline_turn_v01_destroyed.geo
23932,ArchBrannPrisonwallStraight0140mV01,arch_brann_prisonwall_straight_01_40m_v01.geo
23933,ArchBrannPrisonwallStraight0156mV01,arch_brann_prisonwall_straight_01_56m_v01.geo
23934,ArchBrannPrisonwallStraight0172mV01,arch_brann_prisonwall_straight_01_72m_v01.geo
23935,ArchBrannPrisonwallStraight0180mV01,arch_brann_prisonwall_straight_01_80m_v01.geo
23936,ArchElohHologramLarge,npc_eloh_hologram_large.geo
23937,UsableTwoStateBrannSpotLightV02,prop_brann_spotlight_v02.geo
23939,UsableTwoStateBrannSpotLightWallmountV02,prop_brann_spotlight_v02_wall.geo
23943,TerraAriekiCrucibleLavabridgeLargeV01,terra_arieki_crucible_lavabridge_large_v01.geo
23944,FloraAriekiLigoBurnedChub01V01,flora_arieki_ligo_burned_chub_01_v01.geo
23945,FloraAriekiLigoBurnedChub01V02,flora_arieki_ligo_burned_chub_01_v02.geo
23946,FloraAriekiLigoBurnedGuiche01V01,flora_arieki_ligo_burned_guiche_01_v01.geo
23947,FloraAriekiLigoBurnedGuiche01V02,flora_arieki_ligo_burned_guiche_01_v02.geo
23948,FloraAriekiLigoBurnedGyser01V01,flora_arieki_ligo_burned_gyser_01_v01.geo
23949,FloraAriekiLigoBurnedGyser01V02,flora_arieki_ligo_burned_gyser_01_v02.geo
23950,FloraAriekiLigoBurnedHotcop01V01,flora_arieki_ligo_burned_hotcop_01_v01.geo
23951,FloraAriekiLigoBurnedHotcop01V02,flora_arieki_ligo_burned_hotcop_01_v02.geo
23952,FloraAriekiLigoBurnedPlume01V01,flora_arieki_ligo_burned_plume_01_v01.geo
23953,FloraAriekiLigoBurnedPlume01V02,flora_arieki_ligo_burned_plume_01_v02.geo
23954,FloraAriekiLigoBurnedUrchin01V01,flora_arieki_ligo_burned_urchin_01_v01.geo
23955,FloraAriekiLigoBurnedUrchin01V02,flora_arieki_ligo_burned_urchin_01_v02.geo
23956,FloraAriekiLigoChub01V01,flora_arieki_ligo_chub_01_v01.geo
23957,FloraAriekiLigoChub01V02,flora_arieki_ligo_chub_01_v02.geo
23958,FloraAriekiLigoGuiche01V01,flora_arieki_ligo_guiche_01_v01.geo
23959,FloraAriekiLigoGuiche01V02,flora_arieki_ligo_guiche_01_v02.geo
23960,FloraAriekiLigoGyser01V01,flora_arieki_ligo_gyser_01_v01.geo
23961,FloraAriekiLigoGyser01V02,flora_arieki_ligo_gyser_01_v02.geo
23962,FloraAriekiLigoHotcop01V01,flora_arieki_ligo_hotcop_01_v01.geo
23963,FloraAriekiLigoHopcop01V02,flora_arieki_ligo_hotcop_01_v02.geo
23964,FloraAriekiLigoPlume01V01,flora_arieki_ligo_plume_01_v01.geo
23965,FloraAriekiLigoPlume01V02,flora_arieki_ligo_plume_01_v02.geo
23966,FloraAriekiLigoUrchin01V01,flora_arieki_ligo_urchin_01_v01.geo
23967,FloraAriekiLigoUrchin01V02,flora_arieki_ligo_urchin_01_v02.geo
23968,TerraAriekiCrucibleLavabridgeLargeV02,terra_arieki_crucible_lavabridge_large_v02.geo
23969,TerraAriekiLigoHornitoSmokingV01,terra_arieki_ligo_hornito_smoking_v01.geo
23970,TerraAriekiLigoHornitoSmokingV02,terra_arieki_ligo_hornito_smoking_v02.geo
23971,TerraAriekiLigoHornitoSmokingV03,terra_arieki_ligo_hornito_smoking_v03.geo
23972,TerraAriekiLigoHornitoSmokingV04,terra_arieki_ligo_hornito_smoking_v04.geo
23973,ArchBrannPipesetStraight32m01V01,arch_brann_pipeset_straight_32m_01_v01.geo
23974,ArchBrannPipesetElbow9001V01,arch_brann_pipeset_elbow_90_01_v01.geo
23975,ArchBrannPipesetStraight16m01V01,arch_brann_pipeset_straight_16m_01_v01.geo
23976,ArchBrannPipesetStraight24m01V01,arch_brann_pipeset_straight_24m_01_v01.geo
23977,ArchBrannPipesetStraight8m01V01,arch_brann_pipeset_straight_8m_01_v01.geo
23978,ArchBrannPipesetTee01V01,arch_brann_pipeset_tee_01_v01.geo
23979,TerraAriekiLigoRockGreenLrg01V01,terra_arieki_ligo_rock_green_lrg01_v01.geo
23980,TerraAriekiLigoRockGreenLrg01V02,terra_arieki_ligo_rock_green_lrg01_v02.geo
23981,TerraAriekiLigoRockGreenLrg01V03,terra_arieki_ligo_rock_green_lrg01_v03.geo
23983,TerraAriekiLigoRockGreenLrg01V04,terra_arieki_ligo_rock_green_lrg01_v04.geo
23984,TerraAriekiLigoRockGreenMed01V01,terra_arieki_ligo_rock_green_med01_v01.geo
23985,TerraAriekiLigoRockGreenMed01V02,terra_arieki_ligo_rock_green_med01_v02.geo
23986,TerraAriekiLigoRockGreenMed01V03,terra_arieki_ligo_rock_green_med01_v03.geo
23987,TerraAriekiLigoRockGreenMed01V04,terra_arieki_ligo_rock_green_med01_v04.geo
23988,TerraAriekiThunderheadLavabridgeBrokenV01,terra_arieki_thunderhead_lavabridge_broken_v01.geo
23989,TerraAriekiThunderheadLavabridgeBrokenV02,terra_arieki_thunderhead_lavabridge_broken_v02.geo
23990,TerraAriekiThunderheadLavabridgeLargeV01,terra_arieki_thunderhead_lavabridge_large_v01.geo
23991,TerraAriekiThunderheadLavabridgeLargeV02,terra_arieki_thunderhead_lavabridge_large_v02.geo
23992,TerraAriekiThunderheadLavabridgeSmallV01,terra_arieki_thunderhead_lavabridge_small_v01.geo
23993,TerraAriekiThunderheadLavabridgeSmallV02,terra_arieki_thunderhead_lavabridge_small_v02.geo
23994,ArchWardenbotCorridorStraight0116mV07,arch_wardenbot_corridor_straight_01_16m_v07.geo
23995,TerraAriekiCrucibleLavabridgeBrokenV03,terra_arieki_crucible_lavabridge_broken_v03.geo
23996,TerraAriekiCrucibleLavabridgeBrokenV04,terra_arieki_crucible_lavabridge_broken_v04.geo
23997,TerraAriekiCrucibleLavabridgeLargeV03,terra_arieki_crucible_lavabridge_large_v03.geo
23998,UsableTwoStateBrannGenericSwitchV01,prop_brann_switch_v01.geo
23999,MisGuardpromItemElohArtifact,item_bag_hum_v01.geo
24036,ArchBaneOutpostWallMinorStraight16mV03,arch_bane_outpost_wall_minor_straight_16m_v03.geo
24037,ArchBaneOutpostWallMinorStraight32mV02,arch_bane_outpost_wall_minor_straight_32m_v02.geo
24038,ArchBrannPipesetStraight8m01V02,arch_brann_pipeset_straight_8m_01_v02.geo
24040,TerraAriekiLigoLrg01V01,terra_arieki_ligo_rock_lrg01_v01.geo
24041,TerraAriekiLigoLrg01V02,terra_arieki_ligo_rock_green_lrg01_v02.geo
24042,TerraAriekiLigoLrg01V03,terra_arieki_ligo_rock_lrg01_v03.geo
24043,TerraAriekiLigoLrg01V04,terra_arieki_ligo_rock_lrg01_v04.geo
24044,TerraAriekiLigoMed01V01,terra_arieki_ligo_rock_med01_v01.geo
24045,TerraAriekiLigoMed01V02,terra_arieki_ligo_rock_med01_v02.geo
24046,TerraAriekiLigoMed01V03,terra_arieki_ligo_rock_med01_v03.geo
24047,TerraAriekiLigoMed01V04,terra_arieki_ligo_rock_med01_v04.geo
24048,TerraAriekiLavaRiverEnd64,terra_arieki_lava_river_end_64m_v01.geo
24049,UsableStatelessBrannGenericSwitchV01,prop_brann_switch_v02.geo
24050,UsableInertDestBrannMachineryv01,prop_brann_machinary_v01.geo
24051,ArchHumPipesystemElbowV01,arch_hum_pipesystem_elbow_v01.geo
24052,SkyForeasValverdeHowlingMawClouds,sky_foreas_valverde_howling_maw_clouds.geo
24053,UsableInertDestBrannCameraV01,prop_brann_camera_v01.geo
24054,ArchBaneExteriorTowerWideV01,arch_bane_exterior_tower_wide_v01.geo
24055,ArchBanePipelineLeg,arch_bane_pipeline_leg.geo
24057,Vehicle_AFS_Hoverbike,vehicle_hum_hovercraft_v01.geo
24058,ArchHumOutpostTowerFooting,arch_hum_outpost_tower_footing_v02.geo
24059,VfxSkyUVSunSet,vfx_sky_uv_sunset.geo
24060,Creature_Boargar_Wooly,creature_highland_woody_boargar_v01.geo
24061,Creature_Boargar_Wooly_Boss,creature_highland_woody_boargar_v01.geo
24062,UsableTwoStateBrannKeycardSlot,prop_brann_keycard_port_v01.geo
24065,TerraAriekiLigoMesaStrata01V03,terra_arieki_ligo_mesa_strata01_v03.geo
24066,TerraAriekiLigoMesaStrata01V04,terra_arieki_ligo_mesa_strata01_v04.geo
24067,Vendor_Brann_Female,creature_brann_f_nude_v01.geo
24068,Vendor_Brann_Male,creature_brann_m_nude_v01.geo
24069,Bane_Fithik_Wingless_Boss,creature_thrax_fithik_v02.geo
24070,Bane_Fithik_Wingless_EggCluster_Boss,creature_thrax_fithik_v02.geo
24071,RETIRED_Vehicle_Bane_Gridbug_Boss,creature_bane_gridbug_v01.geo
24072,UsableNPCHumFCorpseV01,prop_hum_f_corpse_v04.geo
24073,TerraAriekiLigoMesaArchV01,terra_arieki_ligo_mesa_arch_v01.geo
24076,VfxSkyUVBlueClouds,vfx_sky_uv_redclouds.geo
24077,Bane_Lightbender_Alternate_Boss,creature_bane_lightbender_v02.geo
24078,Bane_Miasma_Standard_Boss,creature_bane_miasma_v01.geo
24079,ArchAttaObeliskHistoricalV01,arch_atta_obelisk_historical_v01.geo
24080,ArchAttaObeliskHistoricalV02,arch_atta_obelisk_historical_v02.geo
24082,ArchAttaThroneV01,arch_atta_throne_v01.geo
24083,ArchBaneExteriorFoundryV02Destroyed,arch_bane_exterior_foundry_v02_destroyed.geo
24084,Bane_Shield_Drone_Boss,creature_bane_sheild_drone_v01.geo
24085,Bane_Thrax_Machina_Boss,creature_thrax_light_soldier_v01.geo
24086,Bane_Treeback_Boss,creature_bane_treeback_v01.geo
24087,Creature_Atta_Queen,creature_arieki_atta_queen_v01.geo
24088,Creature_Magmonix_Boss,creature_arieki_magmonix_v01.geo
24089,Creature_Swamp_Grubber_Boss,creature_swamp_grubber_v01.geo
24091,Mis_Temporal_Sacrifice_Bomb,prop_hum_bomb_v01.geo
24092,Bane_Amoeboid_v1_Child,creature_bane_amoeboid_v01.geo
24093,Bane_Amoeboid_v2_Child,creature_bane_amoeboid_v02.geo
24094,UsableTwoStateBrannMonitorCameraV01,prop_brann_monitor_camera_v01.geo
24095,UsableTwoStateBrannMonitorCameraV02,prop_brann_monitor_camera_v02.geo
24096,UsableTwoStateBrannMonitorCameraV03,prop_brann_monitor_camera_v03.geo
24547,ArchBrannGenObjToiletV01,prop_brann_toilet_v01.geo
24548,Vehicle_Bane_Strider_V1_Boss,creature_thrax_strider_v01.geo
24549,MisPlateauItemMindControlImplant_02,item_datablade_bane.geo
24550,MisPlateauItemMindControlImplant_03,item_datablade_bane.geo
24551,MisPlateauItemMindControlImplant_04,item_datablade_bane.geo
24552,MisPlateauItemMindControlImplant_05,item_datablade_bane.geo
24554,MisPalisadesItemBaneelohvaleplans,item_bag_bane_v02.geo
24555,Vehicle_Bane_Juggernaut_Boss,creature_bane_juggernaut_v01.geo
24556,Holographic_Thrax_Technician_Boss,creature_thrax_technician_holograph_eloh.geo
24557,Holographic_Caretaker_Boss,creature_bane_caretaker_hologram_eloh.geo
24558,Holographic_Thrax_Soldier_Boss,creature_thrax_soldier_hologram_eloh.geo
24559,Holographic_Strider_Boss,creature_thrax_strider_hologram_eloh_v01.geo
24560,Redshirt_Brann_Female_Boss,creature_brann_f_nude_v01.geo
24561,Redshirt_Brann_Male_Boss,creature_brann_m_nude_v01.geo
24562,NPC_Brann_Swapset_Female_Boss,creature_brann_f_nude_v01.geo
24564,NPC_Brann_Swapset_Male_Boss,creature_brann_m_nude_v01.geo
24565,TerraAriekiLigoMesaArchV02,terra_arieki_ligo_mesa_arch_v02.geo
24566,TerraAriekiLigoMesaArchV03,terra_arieki_ligo_mesa_arch_v03.geo
24567,TerraAriekiLigoMesaArchV04,terra_arieki_ligo_mesa_arch_v04.geo
24568,TerraAriekiLigoMesaArchV06,terra_arieki_ligo_mesa_arch_v06.geo
24569,TerraAriekiLigoMesaArchV07,terra_arieki_ligo_mesa_arch_v07.geo
24571,ArchHumBaseWallStraight80,arch_hum_fort_wall_straight_80m_v02.geo
24573,ArchElohReliquaryEscapePodv01,arch_eloh_reliquary_escape_pod_v01.geo
24574,UsableTwoStateNPCMaleBioInjectSitTable,npc_redshirt_m_viral_injection_bio_v01.geo
24575,Test_NPC_TwoState_Link,test_npc_interactable_invisible_object.geo
24579,Loot_Junk_Machina_Control_Chip,ammo_gas_v01.geo
24580,ArchAttaBridgeCouplerV03,arch_atta_bridge_coupler_v03.geo
24581,TerraAriekiLavarockWedge01V01,terra_arieki_lavarock_wedge01_v01.geo
24582,TerraAriekiLavarockWedge01V02,terra_arieki_lavarock_wedge01_v02.geo
24583,TerraAriekiLavarockWedge01V03,terra_arieki_lavarock_wedge01_v03.geo
24584,ArchBrannCorridorRoom01V03,arch_brann_corridor_room_01_v03.geo
24585,UsableTwoStateBrannPipeset8MV01,arch_brann_pipeset_straight_8m_01_v03.geo
24586,UsableInertDestTutorialDropshipDestroyedV03,prop_hum_dropship_v03_destroyed.geo
24588,MisCrucibleItemTransferOrders,item_datablock_hum.geo
24589,MisCrucibleItemDogtags,item_bag_hum_v01.geo
24590,MisCrucibleItemPinupCalendar,item_bag_hum_v01.geo
24591,NPC_Holographic_Eloh,npc_eloh_hologram_v01.geo
24592,Creature_Atta_Harvester_Standard_Boss,creature_arieki_atta_harvester_v01.geo
24595,MisCrucibleItemProtectionMoneyBunko,item_bag_hum_v01.geo
24596,MisCrucibleItemProtectionMoneyCugin,item_bag_hum_v01.geo
24597,MisCrucibleItemProtectionMoneyVargo,item_bag_hum_v01.geo
24598,MisCrucibleItemProtectionMoneyYeg,item_bag_hum_v01.geo
24599,MisCrucibleItemProtectionMoney05,item_bag_hum_v01.geo
24600,MisCrucibleItemKhanaGunDelivery,item_crate_hum_v01.geo
24601,MisCrucibleItemWardenbotNeuralProcessor,item_machinepart_bane_v01.geo
24602,MisCrucibleItemWardenbotServomotor,item_machinepart_bane_v02.geo
24603,MisCrucibleItemWardenbotPowerSupply,item_machinepart_bane_v03.geo
24604,ArchElohTempleStairStraight16mV01,arch_eloh_temple_stair_straight_16m_v01.geo
24605,UsableTwoStateBrannDoorMonitorV01,prop_brann_door_monitor_v01.geo
24607,UsableInertDestBrannTableDissectionAttaV01,prop_brann_table_dissection_atta_v01.geo
24608,TerraAriekiLigoRockSml01V01,terra_arieki_ligo_rock_sml01_v01.geo
24609,TerraAriekiLigoRockSml01V02,terra_arieki_ligo_rock_sml01_v02.geo
24610,TerraAriekiLigoRockSml01V03,terra_arieki_ligo_rock_sml01_v03.geo
24655,TerraAriekiLigoPathrockSml01V01,terra_arieki_ligo_pathrock_sml01_v01.geo
24656,TerraAriekiLavarockWedge01V04,terra_arieki_lavarock_wedge01_v04.geo
24657,TerraAriekiLigoPathrockSml01V02,terra_arieki_ligo_rock_sml01_v02.geo
24658,TerraAriekiLigoPathrockSml01V03,terra_arieki_ligo_pathrock_sml01_v01.geo
24659,ArchBrannPipesetTee01V02,arch_brann_pipeset_tee_01_v02.geo
24660,UsableNPCBrannKeyboardV01,prop_brann_keyboard_v01.geo
24662,SkyForeasDefaultSunFullRed,sky_foreas_default_sun_red.geo
24664,TerraAriekiLigoMesaMed01V01,terra_arieki_ligo_mesa_med_v01.geo
24665,TerraAriekiLigoMesaMed01V02,terra_arieki_ligo_mesa_med_v02.geo
24666,TerraAriekiLigoMesaMed01V03,terra_arieki_ligo_mesa_med_v03.geo
24667,MisCrucibleItemLasherVenomGland,item_bio_organ_warnet_v01.geo
24668,MisCrucibleItemAwolRations,item_crate_hum_v01.geo
24673,TerraAriekiLigoMesaMed01V04,terra_arieki_ligo_mesa_med_v04.geo
24674,TerraAriekiLigoMesaMed01V05,terra_arieki_ligo_mesa_med_v05.geo
24675,TerraAriekiLigoMesaMed01V06,terra_arieki_ligo_mesa_med_v06.geo
24676,TerraAriekiLigoMesaMed01V07,terra_arieki_ligo_mesa_med_v07.geo
24677,ArchBrannGenObjAFSfoodtroughV01,prop_brann_afsfoodtrough_v01.geo
24678,UsableTwoStateBrannIntrusionSirenV01,prop_brann_airraidsiren_v01.geo
24679,UsableTwoStateBrannAlarmLightV01,prop_brann_alarmlight_v01.geo
24680,ArchBrannGenObjBarrelV03,prop_brann_barrel_v03.geo
24681,ArchBrannGenObjBarrelV01,prop_brann_barrel_v01.geo
24682,ArchBrannGenObjBarrelV02,prop_brann_barrel_v02.geo
24683,ArchBrannGenObjCageV01,prop_brann_cage_v01.geo
24684,ArchBrannGenObjConsoleV01DELETEDUPE,prop_brann_console_v01.geo
24685,ArchBrannGenObjDoorDisplayV01,prop_brann_doordisplay_v01.geo
24686,ArchBrannGenObjGeothermalGeneratorV01DELETE,prop_brann_geothermalgenerator_v01.geo
24688,MisCrucibleItemHackingProgram,item_datablade_bane.geo
24689,UsableCrSpawnerDestWardenbotV02DELETEDUPE,prop_wardenbot_generator_v02.geo
24690,PropAttaGenObjEggClusterV01,prop_atta_eggcluster_v01.geo
24691,PropAttaGenObjEggClusterV01Destroyed,prop_atta_eggcluster_v01_destroyed.geo
24692,PropAttaGenObjEggClusterV02,prop_atta_eggcluster_v02.geo
24693,ArchBaneGenObjEnslaverCellV01,prop_bane_enslavercell_v01.geo
24694,ArchBaneGenObjMethalineProcessorV01DELETEDUPE,prop_bane_methaline_processor_v01.geo
24695,ArchBaneGenObjMethalineProcessorV01Destroyed,prop_bane_methaline_processor_v01_destroyed.geo
24696,UsableTwoStateBanePheromoneEmanatorV01,prop_bane_pheromoneemanator_v01.geo
24697,PropAttaGenObjEggClusterV02Destroyed,prop_atta_eggcluster_v02_destroyed.geo
24698,TerraAriekiLavarockWedgeBunch01V01,terra_arieki_lavarock_wedge_bunch01_v01.geo
24699,TerraAriekiLavarockWedgeBunch01V02,terra_arieki_lavarock_wedge_bunch01_v02.geo
24700,TerraAriekiLavarockWedgeBunch01V03,terra_arieki_lavarock_wedge_bunch01_v03.geo
24701,TerraAriekiLavarockWedgeBunch01V06,terra_arieki_lavarock_wedge_bunch01_v06.geo
24702,TerraAriekiLavarockWedgeBunch01V04,terra_arieki_lavarock_wedge_bunch01_v04.geo
24703,TerraAriekiLavarockWedgeBunch01V05,terra_arieki_lavarock_wedge_bunch01_v05.geo
24704,MisTordenInclineInsC12Keycard,item_keycard_hum.geo
24709,TerraAriekiLavarockWedgeBunch01V07,terra_arieki_lavarock_wedge_bunch01_v07.geo
24710,TerraAriekiLavarockWedgeBunch01V08,terra_arieki_lavarock_wedge_bunch01_v08.geo
24711,TerraAriekiLavarockWedgeBunch01V09,terra_arieki_lavarock_wedge_bunch01_v09.geo
24712,UsableTwoStateBrannDoorMonitorV02,prop_brann_door_monitor_v02.geo
24713,UsableTwoStateBrannDoorMonitorV03,prop_brann_door_monitor_v03.geo
24714,Mis_PlainsIns_Bomb,prop_hum_bomb_v01.geo
24715,MisCrucibleItemSurveillanceBug,item_datablock_hum.geo
24716,UsableTwoStateBrannMonitorGenericV03,prop_brann_monitor_v03.geo
24717,UsableItemAccBrannFoodTroughv01,prop_brann_afsfoodtrough_acceptor.geo
24718,ArchBrannCorridorCouplerV01,arch_brann_corridor_coupler_v01.geo
24719,ArchBrannPipesetStraight4m01V01,arch_brann_pipeset_straight_4m_01_v01.geo
24725,ArchWardenbotCorridorCoupler0116mV01,arch_wardenbot_corridor_coupler_01_16m_v01.geo
24726,TerraAriekiLigoMesaLongrockV01,terra_arieki_ligo_mesa_longrock_v01.geo
24727,TerraAriekiLigoMesaLongrockV02,terra_arieki_ligo_mesa_longrock_v02.geo
24728,TerraAriekiLigoMesaLongrockV03,terra_arieki_ligo_mesa_longrock_v03.geo
24729,TerraAriekiLigoMesaLongrockV04,terra_arieki_ligo_mesa_longrock_v04.geo
24730,TerraAriekiLigoMesaLongrockV05,terra_arieki_ligo_mesa_longrock_v05.geo
24731,TerraAriekiLigoMesaLongrockV06,terra_arieki_ligo_mesa_longrock_v06.geo
24732,UsableNPCElohHologramLarge,npc_eloh_hologram_large.geo
24733,UsableInertDestBaneSecurityMachineryTallV01,prop_bane_security_machinery_tall_v01.geo
24735,UsableInertDestBaneSecurityMachineryTallV02,prop_bane_security_machinery_tall_v02.geo
24736,ArchBrannPipesetElbow9001V02,arch_brann_pipeset_elbow_90_01_v02.geo
24737,ArchBrannPipesetStraight4m02V01,arch_brann_pipeset_straight_4m_02_v01.geo
24738,ArchBrannPipesetTee01V03,arch_brann_pipeset_tee_01_v03.geo
24739,TerraAriekiLigoMesaCaveEntranceV01,terra_arieki_ligo_mesa_cave_entrance_v01.geo
24740,ArchBrannPipesetRamp01V01,arch_brann_pipeset_ramp_01_v01.geo
24741,ArchBrannPipesetRamp02V01,arch_brann_pipeset_ramp_02_v01.geo
24745,TerraAriekiLigoMesaMedV09,terra_arieki_ligo_mesa_med_v09.geo
24746,TerraAriekiLigoMesaLongrockV10,terra_arieki_ligo_mesa_longrock_v10.geo
24747,TerraAriekiLigoMesaLongrockV11,terra_arieki_ligo_mesa_longrock_v11.geo
24748,TerraAriekiLigoMesaLongrockV12,terra_arieki_ligo_mesa_longrock_v12.geo
24749,MisCrucibleItemTokenLaraiVitto,item_bag_hum_v01.geo
24750,MisCrucibleItemTokenViddiaDonal,item_bag_hum_v01.geo
24751,MisCrucibleItemTokenKhanaMunit,item_bag_hum_v01.geo
24752,MisCrucibleItemTokenLabbnaRigs,item_bag_hum_v01.geo
24753,ArchAttaBridgeTowerAshV03,arch_atta_bridge_tower_ash_v03.geo
24754,ArchAttaBridgeStraightAshV01,arch_atta_bridge_straight_ash_v01.geo
24755,PropAriekiFlareGasherCorpseV01,prop_arieki_flare_gasher_skeleton_corpse_v01.geo
24756,PropAriekiFlareGasherCorpseV02,prop_arieki_flare_gasher_skeleton_corpse_v02.geo
24757,PropBaneCaretakerCorpse,prop_bane_caretaker_corpse_v01.geo
24758,PropBaneJuggernautCorpseV01,prop_bane_juggernaut_corpse_v01.geo
24759,PropBaneJuggernautCorpseV02,prop_bane_juggernaut_corpse_v02.geo
24760,PropForeanFemaleCorpseV03,prop_forean_female_corpse_v03.geo
24761,PropForeanWarriorCorpseV03,prop_forean_warrior_corpse_v03.geo
24762,PropForeanShamenCorpseV01,prop_forean_shaman_corpse_v01.geo
24763,PropThraxLightSoldierCorpseV01,prop_thrax_light_soldier_corpse_v01.geo
24764,PropThraxLightSoldierCorpseV02,prop_thrax_light_soldier_corpse_v02.geo
24765,PropThraxSoldierCorpseV01,prop_thrax_soldier_corpse_v01.geo
24766,PropThraxSoldierCorpseV02,prop_thrax_soldier_corpse_v02.geo
24767,PropThraxStalkerCorpseV01,prop_thrax_stalker_corpse_v01.geo
24768,PropThraxStalkerCorpseV02,prop_thrax_stalker_corpse_v02.geo
24769,PropThraxStriderCorpseV01,prop_thrax_strider_corpse_v01.geo
24770,PropThraxStriderCorpseV02,prop_thrax_strider_corpse_v02.geo
24772,UsableTwoStateElohTemplesPlates,arch_eloh_temples_plates.geo
24773,ArchBaneIndustrialTunnelEntranceConscriptionV01,arch_bane_industrial_tunnel_entrance_conscription_v01.geo
24774,TerraAriekiLigoCavernOffset1624mLV01,terra_arieki_ligo_cavern_offset16_24m_l_v01.geo
24775,TerraAriekiLigoCavernOffset1624mRV01,terra_arieki_ligo_cavern_offset16_24m_r_v01.geo
24776,TerraAriekiLigoCavernOffset824mLV01,terra_arieki_ligo_cavern_offset8_24m_l_v01.geo
24777,TerraAriekiLigoCavernOffset824mRV01,terra_arieki_ligo_cavern_offset8_24m_r_v01.geo
24778,TerraAriekiLigoCavern1624mV01,terra_arieki_ligo_cavern_ramp16_24m_v01.geo
24779,TerraAriekiLigoCavernRamp1624mV01,terra_arieki_ligo_cavern_ramp16_24m_v01.geo
24780,TerraAriekiLigoCavernRamp824mV01,terra_arieki_ligo_cavern_ramp8_24m_v01.geo
24781,TerraAriekiLigoCavernRampleft824mV01,terra_arieki_ligo_cavern_rampleft8_24m_v01.geo
24782,TerraAriekiLigoCavernRampright824mV01,terra_arieki_ligo_cavern_rampright8_24m_v01.geo
24783,TerraAriekiLigoCavernSplit1624mV01,terra_arieki_ligo_cavern_split16_24m_v01.geo
24784,TerraAriekiLigoCavernSplit16824mV01,terra_arieki_ligo_cavern_split16_8_24m_v01.geo
24785,TerraAriekiLigoCavernStraight24mV01,terra_arieki_ligo_cavern_straight_24m_v01.geo
24786,TerraAriekiLigoCavernStraight8mV01,terra_arieki_ligo_cavern_straight_8m_v01.geo
24787,TerraAriekiLigoCavernStraightStacked1624mV01,terra_arieki_ligo_cavern_straight_stacked16_24m_v01.geo
24788,TerraAriekiLigoCavernTee16mV01,terra_arieki_ligo_cavern_tee_16m_v01.geo
24789,TerraAriekiLigoCavernTee16mV02,terra_arieki_ligo_cavern_tee_16m_v02.geo
24790,TerraAriekiLigoCavernTee16mV03,terra_arieki_ligo_cavern_tee_16m_v03.geo
24791,TerraAriekiLigoCavernTurn24mV01,terra_arieki_ligo_cavern_turn_24m_v01.geo
24792,TerraAriekiLigoMesaLongRockV07,terra_arieki_ligo_mesa_longrock_v07.geo
24793,TerraAriekiLigoMesaLongRockV08,terra_arieki_ligo_mesa_longrock_v08.geo
24794,TerraAriekiLigoMesaLongRockV09,terra_arieki_ligo_mesa_longrock_v09.geo
24795,ArchBrannStaalDetentionLavaWallV01,arch_brann_staal_detention_lava_wall_v01.geo
24796,TerraAriekiCavernCouplerV01,terra_arieki_cavern_coupler_v01.geo
24797,ArchBaneGenObjAttaHoldingTankV01,prop_bane_attaholdingtank_v01.geo
24798,ArchBaneGenObjConsoleV02Destroyed,prop_bane_console_v02_destroyed.geo
24799,ArchBaneGenObjConsoleV03Destroyed,prop_bane_console_v03_destroyed.geo
24800,ArchBaneOutpostPillboxV01Destroyed,arch_bane_outpost_pillbox_v01_destroyed.geo
24801,ArchBaneOutpostBridgeV01Destroyed,arch_bane_outpost_bridge_v01_destoryed.geo
24802,ArchBanePanelSpotLightV01Destroyed,arch_bane_panel_spot_light_v01_destroyed.geo
24803,ArchBaneResearchBioTableV01Destroyed,arch_bane_research_bio_table_v01_destoryed.geo
24804,ArchBaneSandbagsStraight8mV01Destroyed,arch_bane_sandbags_straight_8m_v01_destroyed.geo
24805,UsableTwoStateBrannTeleporter,prop_brann_teleporter_v01.geo
24806,BaneVehicleDropshipV01Destroyed,bane_vehicle_dropship_v01_destroyed.geo
24807,PropHumExtractionChairV01Destroyed,prop_hum_f_extraction_chair_v01_destroyed.geo
24808,FloraAriekiLigoChubAsh01V01,flora_arieki_ligo_chub_ash_01_v01.geo
24809,FloraAriekiLigoChubAsh01V02,flora_arieki_ligo_chub_ash_01_v02.geo
24810,FloraAriekiLigoGuicheAsh01V01,flora_arieki_ligo_guiche_ash_01_v01.geo
24811,FloraAriekiLigoGuicheAsh01V02,flora_arieki_ligo_guiche_ash_01_v02.geo
24812,FloraAriekiLigoGyserAsh01V01,flora_arieki_ligo_gyser_ash_01_v01.geo
24813,FloraAriekiLigoGyserAsh01V02,flora_arieki_ligo_gyser_ash_01_v02.geo
24814,FloraAriekiLigoHotcopAsh01V01,flora_arieki_ligo_hotcop_ash_01_v01.geo
24815,FloraAriekiLigoHotcopAsh01V02,flora_arieki_ligo_hotcop_ash_01_v02.geo
24816,FloraAriekiLigoPlumeAsh01V01,flora_arieki_ligo_plume_ash_01_v01.geo
24817,FloraAriekiLigoPlumeAsh01V02,flora_arieki_ligo_plume_ash_01_v02.geo
24818,FloraAriekiLigoUrchinAsh01V01,flora_arieki_ligo_urchin_ash_01_v01.geo
24819,FloraAriekiLigoUrchinAsh01V02,flora_arieki_ligo_urchin_ash_01_v02.geo
24822,Mis_Temporal_Eloh_Veryin,npc_eloh_hologram_large.geo
24829,ArchAttaBridgeCouplerAshV01,arch_atta_bridge_coupler_ash_v01.geo
24830,ArchAttaBridgeCouplerAshV02,arch_atta_bridge_coupler_ash_v02.geo
24831,ArchAttaBridgeCouplerAshV03,arch_atta_bridge_coupler_ash_v03.geo
24835,ArchAttaBridgeCurveAshV01,arch_atta_bridge_curve_ash_v01.geo
24836,ArchAttaBridgeCurveAshV02,arch_atta_bridge_curve_ash_v02.geo
24837,ArchAttaBridgeCurveDestroyedAshV01,arch_atta_bridge_curve_destroyed_ash_v01.geo
24838,ArchAttaBridgeRampAshV01,arch_atta_bridge_ramp_ash_v01.geo
24839,ArchAttaBridgeRampDestroyedAshV01,arch_atta_bridge_ramp_destroyed_ash_v01.geo
24842,ArchAttaBridgeStraightAshV02,arch_atta_bridge_straight_ash_v02.geo
24843,ArchAttaBridgeStraightAshV03,arch_atta_bridge_straight_ash_v03.geo
24844,ArchAttaBridgeStraightAshV04,arch_atta_bridge_straight_ash_v04.geo
24845,ArchAttaBridgeStraightAshV05,arch_atta_bridge_straight_ash_v05.geo
24846,ArchAttaBridgeStraightAshV06,arch_atta_bridge_straight_ash_v06.geo
24847,ArchtAtaBridgeStraightDestroyedAshV03,arch_atta_bridge_straight_destroyed_ash_v03.geo
24848,ArchAttaBridgeTowerAshV01,arch_atta_bridge_tower_ash_v01.geo
24849,ArchAttaBridgeTowerAshV02,arch_atta_bridge_tower_ash_v02.geo
24851,ArchAttaBridgeTowerAshV04,arch_atta_bridge_tower_ash_v04.geo
24852,ArchAttaBridgeTowerAshV05,arch_atta_bridge_tower_ash_v05.geo
24853,ArchAttaBridgeTowerAshV06,arch_atta_bridge_tower_ash_v06.geo
24854,ArchAttaBridgeTowerAshV07,arch_atta_bridge_tower_ash_v07.geo
24855,ArchAttaBridgeTowerAshV08,arch_atta_bridge_tower_ash_v08.geo
24856,ArchAttaBridgeTowerDestroyedAshV01,arch_atta_bridge_tower_destroyed_ash_v01.geo
24857,ArchAttaBridgeTowerDestroyedAshV02,arch_atta_bridge_tower_destroyed_ash_v02.geo
24858,ArchAttaBridgeTowerDestroyedAshV03,arch_atta_bridge_tower_destroyed_ash_v03.geo
24859,ArchAttaBridgeTowerDestroyedAshV04,arch_atta_bridge_tower_destroyed_ash_v04.geo
24860,ArchAttaBridgeTowerDestroyedAshV05,arch_atta_bridge_tower_destroyed_ash_v05.geo
24861,ArchAttaBridgeTowerDestroyedAshV06,arch_atta_bridge_tower_destroyed_ash_v06.geo
24862,ArchAttaBridgeTowerDestroyedAshV07,arch_atta_bridge_tower_destroyed_ash_v07.geo
24863,ArchElohDoorJamb,arch_eloh_door_v01.geo
24864,MisCrucibleItemContractBunko,item_bag_hum_v01.geo
24865,MisCrucibleItemContractCugin,item_bag_hum_v01.geo
24866,MisCrucibleItemContractVargo,item_bag_hum_v01.geo
24868,MisCrucibleItemContractYeg,item_bag_hum_v01.geo
24869,TerraAriekiCrucibleLavabridgeAshV01,terra_arieki_crucible_lavabridge_ash_v01.geo
24870,TerraAriekiCrucibleLavabridgeAshV02,terra_arieki_crucible_lavabridge_ash_v02.geo
24871,TerraAriekiCrucibleLavabridgeAshV03,terra_arieki_crucible_lavabridge_ash_v03.geo
24872,TerraAriekiCrucibleLavabridgeAshV04,terra_arieki_crucible_lavabridge_ash_v04.geo
24873,TerraAriekiCrucibleLavabridgeAshV05,terra_arieki_crucible_lavabridge_ash_v05.geo
24874,TerraAriekiCrucibleLavabridgeAshV07,terra_arieki_crucible_lavabridge_ash_v07.geo
24875,TerraAriekiCrucibleLavabridgeAshV08,terra_arieki_crucible_lavabridge_ash_v08.geo
24876,TerraAriekiCrucibleLavabridgeAshV09,terra_arieki_crucible_lavabridge_ash_v09.geo
24877,TerraAriekiCrucibleLavabridgeAshV10,terra_arieki_crucible_lavabridge_ash_v10.geo
24878,TerraAriekiCrucibleLavabridgeAshV06,terra_arieki_crucible_lavabridge_ash_v06.geo
24880,TerraAriekiLigoMesaCaveEntranceV02,terra_arieki_ligo_mesa_cave_entrance_v02.geo
24881,ArchElohHologramPlatformLarge,arch_eloh_hologram_platform_large_v01.geo
24883,NPC_Eloh_Holgram_Large,npc_eloh_hologram_large.geo
24884,ArchBrannGenObjSpotlightV01,prop_brann_spotlight_v01.geo
24886,UsableTreasureDispBrannCorpseFemaleV01,usable_td_corpse_brann_f_v01.geo
24887,TerraAriekiLigoLavaWall32m16V02,terra_arieki_ligo_lava_wall_32m_16_v02.geo
24888,MisPlateauUstorItemFaciltyKey,item_keypass_bane_gen.geo
24889,UsableTreasureDispElohReliquaryV01NPC,arch_eloh_reliquary_v01.geo
24890,ArchBrannGenObjLightV05_V01,prop_brann_light_v05_v01.geo
24891,ArchBrannGenObjLightV05_V02,prop_brann_light_v05_v02.geo
24892,ArchBrannGenObjLightV05_V03,prop_brann_light_v05_v03.geo
24893,MisPlateauUstorItemFuelPumpBomb,prop_hum_bomb_v01.geo
24894,MisPlateauUstorItemGeneratorBomb,prop_hum_bomb_v01.geo
24895,MisPlateauUstorItemBaneRaditionBlocker,item_canister_bane_v02.geo
24896,ArchBrannGenObjLightV06,prop_brann_light_v06.geo
24898,Mis_Plains_Hedgehog_Data_Disc,item_datablock_hum.geo
24899,UsableOverloaderDELETE,arch_bane_door_v01.geo
24900,ArchBrannGenObjSpotlightV03V01,prop_brann_spotlight_v03_v01.geo
24901,ArchBrannCorridorRoom01PanopticonCellsV01,arch_brann_corridor_room_01_panopticon_cells_v01.geo
24902,ArchBrannGenObjSpotlightV03V02,prop_brann_spotlight_v03_v02.geo
24903,ArchBrannGenObjSpotlightV03V03,prop_brann_spotlight_v03_v03.geo
24904,ArchBrannGenObjSpotlightV04V01,prop_brann_spotlight_v04_v01.geo
24905,ArchBrannGenObjSpotlightV04V02,prop_brann_spotlight_v04_v02.geo
24906,ArchBrannGenObjSpotlightV04V03,prop_brann_spotlight_v04_v03.geo
24907,ArchBrannGenObjTripwireCouplerV01,prop_brann_tripwire_coupler_v01.geo
24908,MisPlateauUstorItemAFSVirus,item_datablade_bane.geo
24909,MisPlateauUstorItemStorageTank,prop_bane_research_bio_v01.geo
24910,UsableDoorBaneEnslaverCellV01,prop_bane_enslavercell_door_v01.geo
24911,UsableTwoStateHumDropshipCrate,vehicle_hum_dropship_box_v01.geo
24912,TerraAriekiCavernFluxiteColumn01V01,terra_arieki_cavern_fluxite_column01_v01.geo
24913,TerraAriekiCavernFluxiteColumn01V02,terra_arieki_cavern_fluxite_column01_v02.geo
24914,TerraAriekiCavernFluxiteColumn01V03,terra_arieki_cavern_fluxite_column01_v03.geo
24915,TerraAriekiCavernFluxiteColumn01V04,terra_arieki_cavern_fluxite_column01_v04.geo
24916,TerraAriekiCavernFluxitePile01V01,terra_arieki_cavern_fluxite_pile01_v01.geo
24917,TerraAriekiCavernFluxitePile01V02,terra_arieki_cavern_fluxite_pile01_v02.geo
24918,UsableItemAccBanePheromoneCanisterV01INCOMPLETE,prop_bane_pheromoneemanator_acceptor_v01.geo
24919,ArchBrannStaalDetentionLavaWallV02,arch_brann_staal_detention_lava_wall_v02.geo
24920,TerraAriekiLigoCaveRoof01V01,terra_arieki_ligo_cave_roof01_v01.geo
24922,UsableInertDestBaneMethalineProcessingTowerV01,prop_bane_methaline_processor_v01.geo
24923,UsableTwoStateBrannPowerCouplingV01,prop_brann_powercoupling_v01.geo
24925,UsableTwoStateBrannMonitoringDeviceV01,prop_brann_monitordevice_v01.geo
24926,UsableTwoStateBrannGeothermalGeneratorV01,prop_brann_geothermalgenerator_v01.geo
24927,TerraAriekiLigoLavaWall32m32V03,terra_arieki_ligo_lava_wall_32m_32_v03.geo
24928,TerraAriekiLigoLavaWall32m32V03Glo,terra_arieki_ligo_lava_wall_32m_32_v03_glo.geo
24929,TerraAriekiLigoLavaWall32m32V04,terra_arieki_ligo_lava_wall_32m_32_v04.geo
24930,TerraAriekiLigoLavaWall32m32V05,terra_arieki_ligo_lava_wall_32m_32_v05.geo
24931,TerraAriekiLigoLavaWall32m32V05Glo,terra_arieki_ligo_lava_wall_32m_32_v05_glo.geo
24932,TerraAriekiLigoLavaWall32m32V06,terra_arieki_ligo_lava_wall_32m_32_v06.geo
24933,TerraAriekiLigoLavaWall32m32V06Glo,terra_arieki_ligo_lava_wall_32m_32_v06_glo.geo
24934,TerraAriekiLigoLavaWall32m32V07Glo,terra_arieki_ligo_lava_wall_32m_32_v07_glo.geo
24935,TerraAriekiLavarockWedge02V01,terra_arieki_lavarock_wedge02_v01.geo
24936,TerraAriekiLavarockWedge02V02,terra_arieki_lavarock_wedge02_v02.geo
24937,TerraAriekiLavarockWedge02V03,terra_arieki_lavarock_wedge02_v03.geo
24938,TerraAriekiLavarockWedge02V04,terra_arieki_lavarock_wedge02_v04.geo
24939,TerraAriekiLigoLavaTubeEntranceV01,terra_arieki_ligo_lava_tube_entrance_v01.geo
24940,TerraAriekiLavarockWedgeBunch02V02,terra_arieki_lavarock_wedge_bunch02_v02.geo
24941,TerraAriekiLavarockWedgeBunch02V03,terra_arieki_lavarock_wedge_bunch02_v03.geo
24942,TerraAriekiLavarockWedgeBunch02V04,terra_arieki_lavarock_wedge_bunch02_v04.geo
24943,TerraAriekiLavarockWedgeBunch02V05,terra_arieki_lavarock_wedge_bunch02_v05.geo
24944,TerraAriekiLavarockWedgeBunch02V06,terra_arieki_lavarock_wedge_bunch02_v06.geo
24945,TerraAriekiLavarockWedgeBunch02V07,terra_arieki_lavarock_wedge_bunch02_v07.geo
24946,TerraAriekiLavarockWedgeBunch02V08,terra_arieki_lavarock_wedge_bunch02_v08.geo
24947,TerraAriekiLavarockWedgeBunch02V09,terra_arieki_lavarock_wedge_bunch02_v09.geo
24948,TerraAriekiLigoLavaWall32m8V01Glo,terra_arieki_ligo_lava_wall_32m_8_v01.geo
24949,TerraAriekiLigoLavaWall32m32V01Glo,terra_arieki_ligo_lava_wall_32m_32_v01_glo.geo
24950,TerraAriekiLigoLavaWall32m32V02Glo,terra_arieki_ligo_lava_wall_32m_32_v02_glo.geo
24951,TerraAriekiLigoLavaWall32m32V07,terra_arieki_ligo_lava_wall_32m_32_v07.geo
24952,MisCrucibleItemArmsShipmentLabbna,item_crate_hum_v01.geo
24953,MisCrucibleItemArmsShipmentIntrepid,item_crate_hum_v02.geo
24954,MisCrucibleItemArmsShipmentAwol,item_crate_hum_v03.geo
24956,MisCrucibleItemMolitorsBoneNecklace,item_bag_bane_v01.geo
24957,ArchBrannGenObjTripwireCouplerV02,prop_brann_tripwire_coupler_v02.geo
24958,TerraAriekiLavarockWedge03V01,terra_arieki_lavarock_wedge03_v01.geo
24959,TerraAriekiLavarockWedge03V02,terra_arieki_lavarock_wedge03_v02.geo
24960,TerraAriekiLavarockWedge03V03,terra_arieki_lavarock_wedge03_v03.geo
24961,TerraAriekiLavarockWedge03V04,terra_arieki_lavarock_wedge03_v04.geo
24963,ArchHumPenumbraEntrance32mV01,arch_hum_penumbra_entrance_32m_v01.geo
24964,Mis_TestBH_ThraxHead,item_bio_heads_thrax_v01.geo
24965,VfxAriekiTarBubblesV03,vfx_env_arieki_tar_bubble_v03.geo
24966,ArchBaneOutpostBridgeV03,arch_bane_outpost_bridge_v03.geo
24967,ArchBaneOutpostBridgeV04,arch_bane_outpost_bridge_v04.geo
24968,ArchHumBaseHolosignCeilingMountV01,prop_hum_sign_holo_ceilingmount_v01.geo
24969,ArchHumBaseHolosignWallMountV01,prop_hum_sign_holo_wallmount_v01.geo
24972,TerraAriekiLavarockWedgeBunch02V01,terra_arieki_lavarock_wedge_bunch02_v01.geo
24973,ArchBrannTowerDebrisV01,arch_brann_tower_debris_v01.geo
24974,ArchBrannTowerDebrisV02,arch_brann_tower_debris_v02.geo
24975,ArchBrannTowerDebrisV03,arch_brann_tower_debris_v03.geo
24976,ArchBrannTowerDebrisV04,arch_brann_tower_debris_v04.geo
24977,ArchBrannTowerDebrisV05,arch_brann_tower_debris_v05.geo
24978,MisTordenMiresSuperiorFluxiteSamples,terra_arieki_cavern_fluxite_pile01_v01.geo
24979,ArchForeanTreebackfeederV01,arch_forean_treebackfeeder_v01.geo
24980,UsableTreasureDispBrannConsoleV01,prop_brann_console_v01.geo
24981,TerraAriekiLavarockWedge04V01,terra_arieki_lavarock_wedge04_v01.geo
24982,TerraAriekiLavarockWedge04V02,terra_arieki_lavarock_wedge04_v02.geo
24983,TerraAriekiLavarockWedge04V03,terra_arieki_lavarock_wedge04_v03.geo
24984,TerraAriekiLavarockWedge04V04,terra_arieki_lavarock_wedge04_v04.geo
24985,VfxAriekiAshenDesertAshSnow08x16,vfx_env_arieki_ash_snow_8x16.geo
24986,VfxAriekiAshenDesertAshSnow16x16,vfx_env_arieki_ash_snow_16x16.geo
24987,VfxAriekiAshenDesertAshSnow32x32,vfx_env_arieki_ash_snow_32x32.geo
24988,VfxAriekiAshenDesertAshSnow64x64,vfx_env_arieki_ash_snow_64x64.geo
24989,UsableTreasureDispHumCorpseMaleV03,usable_td_corpse_hum_m_v03.geo
24990,UsableTreasureDispHumCorpseMaleV04,usable_td_corpse_hum_m_v04.geo
24991,UsableTreasureDispHumCorpseFemaleV01,usable_td_corpse_hum_f_v01.geo
24992,UsableTreasureDispHumCorpseFemaleV02,usable_td_corpse_hum_f_v02.geo
24993,UsableTreasureDispHumCorpseFemaleV03,usable_td_corpse_hum_f_v03.geo
24994,UsableTreasureDispHumCorpseFemaleV04,usable_td_corpse_hum_f_v04.geo
24995,UsableTreasureDispHumCorpseMaleV01,usable_td_corpse_hum_m_v01.geo
24996,UsableCrSpawnerDestAttaEggClusterV01DONOTUSE,prop_atta_eggcluster_v01.geo
24997,UsableCrSpawnerDestAttaEggClusterV02DONOTUSE,prop_atta_eggcluster_v02.geo
25067,MisCrucibleSalvageVacuumPump,item_machinepart_bane_v01.geo
25068,MisCrucibleSalvageSolenoidValve,item_machinepart_bane_v02.geo
25069,MisCrucibleSalvagePressureBooster,item_machinepart_bane_v03.geo
25071,UsableStatelessNPCFemaleMedicMonitor,ambient_f_medic_monitor_v01.geo
25072,MisCrucibleSalvageProcessController,item_machinepart_bane_v04.geo
25073,MisCrucibleSalvageElectrostaticSequencer,item_machinepart_hum_v01.geo
25074,MisCrucibleItemTopKhanaLedger,item_bag_hum_v01.geo
25076,UsableStatelessNPCFemaleMedicalScanning,ambient_f_medic_scanning_v01.geo
25077,UsableStatelessNPCMaleLyingInjuredBed,ambient_m_lying_injured_bed_v01.geo
25078,MisCrucibleItemOpticalProcessor,item_machinepart_bane_v02.geo
25079,ArchHumGenObjHighlightV03,prop_hum_highlight_v03.geo
25080,TerraAriekiCavernFluxiteWall01V01,terra_arieki_cavern_fluxite_wall01_v01.geo
25081,TerraAriekiCavernFluxiteWall01V02,terra_arieki_cavern_fluxite_wall01_v02.geo
25082,Weapon_Avatar_Blade_Electric_CMN_50_to_50,hp_hum_sword_electric_v01.geo
25083,Weapon_Avatar_Blade_Fire_CMN_50_to_50,hp_hum_sword_fire_v01.geo
25084,Weapon_Avatar_Blade_Ice_CMN_50_to_50,hp_hum_sword_ice_v01.geo
25085,Weapon_Avatar_Blade_Laser_CMN_50_to_50,hp_hum_sword_laser_v01.geo
25086,Weapon_Avatar_Blade_Physical_CMN_50_to_50,hp_hum_sword_v01.geo
25087,Weapon_Avatar_LeechGun_Physical_CMN_50_to_50,hp_hum_densitygun_physical_v01.geo
25088,Weapon_Avatar_InjectionGun_Virulent_CMN_50_to_50,hp_hum_injectiongun_viral.geo
25089,Weapon_Avatar_MachineGun_EMP_CMN_50_to_50,hp_hum_machinegun_emp.geo
25090,Weapon_Avatar_MachineGun_Laser_CMN_50_to_50,hp_hum_machinegun_laser_v01.geo
25091,Weapon_Avatar_MachineGun_Physical_CMN_50_to_50,hp_hum_machinegun_physical.geo
25092,Weapon_Avatar_NetGun_Electric_CMN_50_to_50,hp_hum_netgun_electric_v01.geo
25093,Weapon_Avatar_PolarityGun_Electric_CMN_50_to_50,hp_hum_polaritygun_electric_v01.geo
25094,Weapon_Avatar_PropellantGun_EMP_CMN_50_to_50,hp_hum_propellant_gun_emp.geo
25095,Weapon_Avatar_PropellantGun_Fire_CMN_50_to_50,hp_hum_propellant_gun_fire.geo
25096,Weapon_Avatar_PropellantGun_Ice_CMN_50_to_50,hp_hum_propellant_gun_ice.geo
25097,Weapon_Avatar_PropellantGun_Sonic_CMN_50_to_50,hp_hum_propellant_gun_sonic.geo
25098,Weapon_Avatar_PropellantGun_Virulent_CMN_50_to_50,hp_hum_propellant_gun_viral.geo
25099,Weapon_Avatar_RocketLauncher_EMP_CMN_50_to_50,hp_hum_rocketlauncher_emp.geo
25100,Weapon_Avatar_RocketLauncher_Laser_CMN_50_to_50,hp_hum_rocketlauncher_laser.geo
25101,Weapon_Avatar_RocketLauncher_Physical_CMN_50_to_50,hp_hum_rocketlauncher_physical_v01.geo
25102,Weapon_Avatar_RocketLauncher_Sonic_CMN_50_to_50,hp_hum_rocketlauncher_sonic.geo
25103,Weapon_Avatar_Shotgun_v1_Physical_CMN_50_to_50,hp_hum_shotgun_physical_v01.geo
25104,Weapon_Avatar_Torqueshell_Rifle_Electric_CMN_50_to_50,hp_hum_sniperrifle_electric.geo
25105,Weapon_Avatar_Torqueshell_Rifle_EMP_CMN_50_to_50,hp_hum_sniperrifle_emp.geo
25106,Weapon_Avatar_Torqueshell_Rifle_Laser_CMN_50_to_50,hp_hum_sniperrifle_laser.geo
25107,Weapon_Avatar_Torqueshell_Rifle_Physical_CMN_50_to_50,hp_hum_sniperrifle_physcial.geo
25108,Weapon_Avatar_Torqueshell_Rifle_Sonic_CMN_50_to_50,hp_hum_sniperrifle_sonic.geo
25229,TerraAriekiCavernInstance16mV01,terra_arieki_cavern_instance_16m_v01.geo
25230,ArchBrannCorridorInstanceV01,arch_brann_corridor_instance_v01.geo
25231,ArchBanePipelineTurnUpV01,arch_bane_pipeline_turn_up_v01.geo
25232,TerraAriekiCavernFluxiteBunch01V01,terra_arieki_cavern_fluxite_bunch01_v01.geo
25233,TerraAriekiCavernFluxiteBunch01V02,terra_arieki_cavern_fluxite_bunch01_v02.geo
25234,VfxAriekiAshenDesertAshDrift4x8,vfx_env_arieki_ash_drift_4x8.geo
25235,VfxAriekiAshenDesertAshDrift8x8,vfx_env_arieki_ash_drift_8x8.geo
25236,VfxAriekiAshenDesertAshDrift32x32,vfx_env_arieki_ash_drift_32x32.geo
25237,VfxAriekiAshenDesertAshDrift64x64,vfx_env_arieki_ash_drift_64x64.geo
25238,VfxAriekiAshenDesertAshDirtDevil,vfx_env_arieki_ash_dirt_devil_v01.geo
25239,TerraAriekiCavernFluxiteColumn01V05,terra_arieki_cavern_fluxite_column01_v05.geo
25240,TerraAriekiCavernFluxiteBunch01V03,terra_arieki_cavern_fluxite_bunch01_v03.geo
25241,TerraAriekiCavernFluxiteBunch01V04,terra_arieki_cavern_fluxite_bunch01_v04.geo
25242,VfxAriekiSulfurGroundSteam8x16,vfx_env_arieki_sulfur_ground_steam_8x16.geo
25243,VfxAriekiSulfurGroundSteam16x16,vfx_env_arieki_sulfur_ground_steam_16x16.geo
25244,VfxAriekiSulfurGroundSteam32x32,vfx_env_arieki_sulfur_ground_steam_32x32.geo
25245,VfxAriekiSulfurGroundSteam64x64,vfx_env_arieki_sulfur_ground_steam_64x64.geo
25246,VfxAriekiSulfurCloud,vfx_env_arieki_sulfur_cloud.geo
25247,VfxAriekiSulfurFlatFog16x16,vfx_env_arieki_sulfur_flat_fog_16x16.geo
25248,VfxAriekiSulfurFlatFog32x32,vfx_env_arieki_sulfur_flat_fog_32x32.geo
25249,VfxAriekiSulfurFlatFog64x64,vfx_env_arieki_sulfur_flat_fog_64x64.geo
25250,MisThunderheadItemAnkletTracker,item_machinepart_hum_v01.geo
25251,MisThunderheadItemTrackingAnklet,item_bag_hum_v01.geo
25253,PropAttaTeleporterV01DELETEDUPE,prop_atta_teleporter_v01.geo
25254,ArchBrannGenObjSpotlightStaticV01,prop_brann_light_static_v01.geo
25259,ArchHumGenObjBulletLightV01Flicker,prop_hum_bullet_light_flicker_body.geo
25260,UsableDoorBrannCageV01,prop_brann_cage_door_v01.geo
25262,PropElohPhiresonatorV01DELETE,prop_eloh_phiresonator_v01.geo
25263,UsableTwoStateBaneMiningCoreDrillV01,arch_bane_drill_mining_v01.geo
25265,ArchBaneIndustrialTunnelEntranceConscriotionV01,arch_bane_industrial_tunnel_entrance_conscription_v01.geo
25266,PropBrannComputerAttaMindControlV01,prop_brann_computer_attamindcontrol_v01.geo
25267,ArchBrannCorridorBridgeEnd01V01,arch_brann_corridor_bridge_end_01_v01.geo
25268,ArchBrannCorridorBridgeStraight01V01,arch_brann_corridor_bridge_straight_01_v01.geo
25269,UsableInertDestBrannTableDissectionAttaV01DELETEDUPE,prop_brann_table_dissection_atta_v01.geo
25270,ArchHumCorridorEntranceV02,arch_hum_corridor_entrance_v04.geo
25271,PropHumLightV05,prop_hum_light_v05.geo
25272,UsableStatelessNPCMaleSitting,ambient_m_medic_sitting_v01.geo
25273,UsableTwoStateBrannWormhole,prop_brann_wormhole_v01.geo
25274,UsableTwoStateBrannMachineAttaMindControlV01,prop_brann_machine_attamindcontrol_v01.geo
25275,ArchBrannTowerVirorelayV01,arch_brann_tower_virorelay_v01.geo
25277,TerraAriekiCavernFluxiteColumn01V06,terra_arieki_cavern_fluxite_column01_v06.geo
25278,TerraAriekiCavernFluxiteColumn01V07,terra_arieki_cavern_fluxite_column01_v07.geo
25279,TerraAriekiCavernFluxiteColumn01V08,terra_arieki_cavern_fluxite_column01_v08.geo
25280,TerraAriekiCavernFluxitePile01V03,terra_arieki_cavern_fluxite_pile01_v03.geo
25282,TerraAriekiCavernFluxiteWall01V03,terra_arieki_cavern_fluxite_wall01_v03.geo
25283,TerraAriekiCavernFluxiteColumn01V09,terra_arieki_cavern_fluxite_column01_v09.geo
25284,TerraAriekiCavernFluxitePile01V04,terra_arieki_cavern_fluxite_pile01_v04.geo
25285,TerraAriekiCavernFluxitePile01V05,terra_arieki_cavern_fluxite_pile01_v05.geo
25286,TerraAriekiCavernFluxitePile01V06,terra_arieki_cavern_fluxite_pile01_v06.geo
25287,TerraAriekiCavernFluxitePile02V01,terra_arieki_cavern_fluxite_pile02_v01.geo
25288,TerraAriekiCavernFluxitePile02V02,terra_arieki_cavern_fluxite_pile02_v02.geo
25289,TerraAriekiCavernFluxitePile02V03,terra_arieki_cavern_fluxite_pile02_v03.geo
25290,TerraAriekiCavernFluxitePile02V04,terra_arieki_cavern_fluxite_pile02_v04.geo
25291,TerraAriekiCavernFluxitePile02V05,terra_arieki_cavern_fluxite_pile02_v05.geo
25292,TerraAriekiCavernFluxitePile02V06,terra_arieki_cavern_fluxite_pile02_v06.geo
25293,MisThunderheadItemAbominationCore,item_canister_bane_v01.geo
25295,MisThunderheadItemEncryptedCore,item_canister_bane_v01.geo
25296,MisThunderheadItemDencryptedCore,item_canister_bane_v01.geo
25297,TerraAriekiCavernFluxitePile01V07,terra_arieki_cavern_fluxite_pile01_v07.geo
25298,ArchBrannSpotLightV02,arch_brann_spotlight_large_v02.geo
25299,ArchBrannSpotLightV03,arch_brann_spotlight_large_v03.geo
25300,ArchBrannGenObjGarbContainerV01,prop_brann_container_v02.geo
25301,UsableCrSpawnerDestAttaEggV01DONOTUSE,prop_atta_egg_v01.geo
25302,UsableTwoStateAttaTeleporter,prop_atta_teleporter_v01.geo
25305,MisCrucibleItemKappaLohensProposal,item_bag_hum_v01.geo
25306,ArchBrannSpotLightHead,arch_brann_spotlight_large_head.geo
25307,ArchBrannSpotLightBottom,arch_brann_spotlight_large_bottom.geo
25308,ArchBaneConveyorCornerV01,arch_bane_conveyor_corner_v01.geo
25309,ArchBaneConveyorSupport01V01,arch_bane_conveyor_support01_v01.geo
25310,ArchBaneConveyorSupport01V02,arch_bane_conveyor_support01_v02.geo
25311,ArchBaneConveyorSupport01V03,arch_bane_conveyor_support01_v03.geo
25312,ArchBaneConveyorSupport01V04,arch_bane_conveyor_support01_v04.geo
25317,TerraAriekiCavernFluxiteWall01V04,terra_arieki_cavern_fluxite_wall01_v04.geo
25318,MisThunderheadItemReinsAnklet,item_bag_hum_v01.geo
25319,MisDivideItemTorcastraAccessKey01,item_keycard_bane_gen.geo
25320,MisDivideItemTorcastraAccessKey02,item_keycard_bane_gen.geo
25321,MisDivideItemTorcastraAccessKey03,item_keycard_bane_gen.geo
25325,MisThunderheadItemLeverkey01,item_bag_bane_v01.geo
25326,MisThunderheadItemLeverkey02,item_bag_bane_v01.geo
25327,MisThunderheadItemLeverkey03,item_bag_bane_v01.geo
25328,MisThunderheadItemLeverkey04,item_bag_bane_v01.geo
25329,MisThunderheadItemHammerkeys,item_bag_hum_v01.geo
25357,Resource_Mawflower,ammo_gas_v01.geo
25364,ArchBaneCentrallabTowerDELETEDUPE,prop_bane_central_lab_tower.geo
25365,ArchBaneConveyorPartsV01,arch_bane_conveyor_parts_v01.geo
25366,ArchBaneConveyorPartsV02,arch_bane_conveyor_parts_v02.geo
25367,ArchBaneConveyorPartsV03,arch_bane_conveyor_parts_v03.geo
25368,ArchBaneConveyorPartsV04,arch_bane_conveyor_parts_v04.geo
25369,ArchBaneConveyorPartsV05,arch_bane_conveyor_parts_v05.geo
25370,ArchBaneConveyorPartsV06,arch_bane_conveyor_parts_v06.geo
25371,Mis_Incline_Field_Report,item_datablock_hum.geo
25372,TerraAriekiCavernAbyssRockCurtain01V01,terra_arieki_cavern_abyss_rock_curtain01_v01.geo
25374,TerraAriekiCavernAbyssRockCurtain01V02,terra_arieki_cavern_abyss_rock_curtain01_v02.geo
25375,TerraAriekiCavernAbyssRockCurtain01V03,terra_arieki_cavern_abyss_rock_curtain01_v03.geo
25376,TerraAriekiCavernAbyssRockCurtain01V04,terra_arieki_cavern_abyss_rock_curtain01_v04.geo
25377,TerraAriekiCavernAbyssRockCurtain01V05,terra_arieki_cavern_abyss_rock_curtain01_v05.geo
25378,TerraAriekiCavernAbyssRockCurtainGroup01V01,terra_arieki_cavern_abyss_rock_curtain_group01_V01.geo
25379,TerraAriekiCavernAbyssRockCurtainGroup01V02,terra_arieki_cavern_abyss_rock_curtain_group01_V02.geo
25380,ArchBaneConveyorSupport01V05,arch_bane_conveyor_support01_v05.geo
25381,UsableTwoStateBaneConveyorStraightFluxite24MV01,arch_bane_conveyor_straight_fluxite_24m_v01.geo
25382,UsableTwoStateBaneConveyorShredderFluxiteV01,arch_bane_conveyor_shredder_fluxite_v01.geo
25383,ArchBrannOutpostWaypointV01,arch_brann_outpost_waypoint_v01.geo
25384,PropAttaCameraV01Destroyed,prop_atta_camera_v01_destroyed.geo
25385,PropAttaCameraV01,prop_atta_camera_v01.geo
25386,UsableInertDestAttaQueeneggV01,prop_atta_queen_egg_v01.geo
25387,PropAttaQueeneggV01Destroyed,prop_atta_queen_egg_v01_destroyed.geo
25388,ArchBrannCatwalkStraight8m01V01,arch_brann_catwalk_straight_8m_01_v01.geo
25389,ArchBrannCorridorCrossGroup01V03,arch_brann_corridor_cross_group_01_v03.geo
25390,ArchBrannCorridorCrossGroup01V04,arch_brann_corridor_cross_group_01_v04.geo
25391,ArchBrannCorridorRoom01QuarterV11,arch_brann_corridor_room_01_quarter_v11.geo
25392,ArchBrannCorridorRoom01QuarterV12,arch_brann_corridor_room_01_quarter_v12.geo
25393,ArchBrannCorridorRoom01QuarterV13,arch_brann_corridor_room_01_quarter_v13.geo
25395,ArchBrannHarvesterV01,arch_brann_harvester_v01.geo
25396,PropBaneCartFluxiteV01,prop_bane_cart_fluxite_v01.geo
25397,PropBrannBarrelV01Destroyed,prop_brann_barrel_v01_destroyed.geo
25398,PropBrannComputerV03Destroyed,prop_brann_computer_v03_destroyed.geo
25399,PropBrannCrateV04Destroyed,prop_brann_crate_v04_destroyed.geo
25400,PropBrannLightV01Destroyed,prop_brann_light_v01_destroyed.geo
25401,PropBrannSedimentationMixer01V01,prop_brann_sedimentation_mixer_01_v01.geo
25402,PropBrannTableV02Destroyed,prop_brann_table_v02_destroyed.geo
25403,PropBrannTrubine01V02,prop_brann_trubine_01_v02.geo
25404,PropBrannTrubine01V02Destroyed,prop_brann_trubine_01_v02_destroyed.geo
25405,PropBrannTrubine01V03,prop_brann_trubine_01_v03.geo
25406,PropBrannTrubine01V03Destroyed,prop_brann_trubine_01_v03_destroyed.geo
25407,PropBrannTurretV01Destroyed,prop_brann_turret_v01_destroyed.geo
25408,UsableTwoStateHumWormhole,prop_hum_wormhole_v02.geo
25412,TerraAriekiAttaQueensChamberRoom,terra_arieki_atta_queens_chamber_room.geo
25413,Bane_Kael_Standard_Boss,creature_thrax_kael_v01.geo
25414,Bane_Kael_Armored_Boss,creature_thrax_kael_v02.geo
25415,VfxAriekiAshenDesertAshSnow08x16v02,vfx_env_arieki_ash_snow_8x16_v02.geo
25416,VfxAriekiAshenDesertAshSnow16x16v02,vfx_env_arieki_ash_snow_16x16_v02.geo
25417,VfxAriekiAshenDesertAshSnow32x32v02,vfx_env_arieki_ash_snow_32x32_v02.geo
25418,VfxAriekiAshenDesertAshSnow64x64v02,vfx_env_arieki_ash_snow_64x64_v02.geo
25419,VfxAriekiAshenDesertAshSnow128x128,vfx_env_arieki_ash_snow_128x128.geo
25420,VfxAriekiAshenDesertAshSnow128x128v02,vfx_env_arieki_ash_snow_128x128_v02.geo
25421,VfxAriekiAshenDesertAshEmbers8x16,vfx_env_arieki_ash_embers_8x16.geo
25422,VfxAriekiAshenDesertAshEmbers16x16,vfx_env_arieki_ash_embers_16x16.geo
25423,VfxAriekiAshenDesertAshEmbers32x32,vfx_env_arieki_ash_embers_32x32.geo
25424,VfxAriekiAshenDesertAshEmbers64x64,vfx_env_arieki_ash_embers_64x64.geo
25425,VfxAriekiAshenDesertAshEmbers128x128,vfx_env_arieki_ash_embers_128x128.geo
25426,UsableTwoStateHumDropshipCrateVertical,vehicle_hum_dropship_box_v01.geo
25427,ArchBaneFaultLeverV01,arch_bane_fault_lever_v01.geo
25429,VfxAriekiCloudPlanev01,vfx_env_arieki_cloud_plane_v01.geo
25430,VfxAriekiCloudParticlesv01,vfx_env_arieki_clouds_v01.geo
25431,TerraAriekiCavernAbyssRockCurtain02V01,terra_arieki_cavern_abyss_rock_curtain02_v01.geo
25432,TerraAriekiCavernAbyssRockCurtain02V02,terra_arieki_cavern_abyss_rock_curtain02_v02.geo
25433,TerraAriekiCavernAbyssRockCurtain02V03,terra_arieki_cavern_abyss_rock_curtain02_v03.geo
25434,TerraAriekiCavernAbyssRockCurtain02V04,terra_arieki_cavern_abyss_rock_curtain02_v04.geo
25435,TerraAriekiCavernAbyssRockCurtain02V05,terra_arieki_cavern_abyss_rock_curtain02_v05.geo
25437,TerraAriekiAttaCavernRoofV01,terra_arieki_atta_cavern_roof_v01.geo
25438,TerraForeasCavernEntrance24mV05,terra_foreas_cavern_entrance_24m_v05.geo
25441,ArchAttaBridgePieceV01,arch_atta_bridge_piece_v01.geo
25442,UsableTwoStateBrannKeypassScannerV01_DUPE,prop_brann_keycard_scanner_v01.geo
25450,ArchBrannBarracks01V01Destroyed,arch_brann_barracks_01_v01_destroyed.geo
25451,ArchBrannCorridorRoom01ControlV01Destroyed,arch_brann_corridor_room_01_control_v01_destoryed.geo
25452,ArchBrannDome01V01Destroyed,arch_brann_dome_01_v01_destroyed.geo
25453,ArchBrannPrisonwallCorner0116mV01Destroyed,arch_brann_prisonwall_corner_01_16m_v01_destroyed.geo
25454,ArchBrannPrisonwallStraight018mV01Destroyed,arch_brann_prisonwall_straight_01_8m_v01_destroyed.geo
25455,ArchBrannPrisonwallStraight0116mV01Destroyed,arch_brann_prisonwall_straight_01_16m_v01_destroyed.geo
25456,ArchBrannTowerSolar01V01Destroyed,arch_brann_tower_solar_01_v01_destroyed.geo
25457,ArchBrannTrubine01V01Destroyed,arch_brann_trubine_01_v01_destroyed.geo
25458,PropBrannChairV01Destroyed,prop_brann_chair_v01_destroyed.geo
25459,PropBrannComputerV01Destroyed,prop_brann_computer_v01_destroyed.geo
25460,PropBrannComputerV02Destroyed,prop_brann_computer_v02_destroyed.geo
25461,PropBrannCounterV01Destroyed,prop_brann_counter_v01_destroyed.geo
25462,PropBrannCrateV01Destroyed,prop_brann_crate_v01_destroyed.geo
25463,PropBrannMonitorV01Destroyed,prop_brann_monitor_v01_destroyed.geo
25464,PropBrannRefineryV01Destroyed,prop_brann_refinery_v01_destroyed.geo
25465,PropBrannScannerV01Destroyed,prop_brann_scanner_v01_destroyed.geo
25466,PropBrannSmokestackV01Destroyed,prop_brann_smokestack_v01_destroyed.geo
25467,PropBrannTableV01Destroyed,prop_brann_table_v01_destroyed.geo
25468,PropBrannTempleV01Destroyed,prop_brann_temple_v01_destroyed.geo
25469,MisThunderheadItemEvidence,item_bag_hum_v01.geo
25470,Mis_TordenMiresIns_EWC_Datablade,prop_bane_console_datablade_full.geo
25471,TerraAriekiAttaCavernRoofV02,terra_arieki_atta_cavern_roof_v02.geo
25472,TerraAriekiAttaCavernRoofV03,terra_arieki_atta_cavern_roof_v03.geo
25474,UsableNPCBrannCorpseMaleV01,prop_brann_m_corpse_v01.geo
25495,PropBaneCentralLabTowerDELETEDUPE,prop_bane_central_lab_tower.geo
25497,ArchHumRefugeeHouseV01,arch_hum_refugee_house_v01.geo
25498,UsableInertDestBaneCentralLabMachine,prop_bane_central_lab_machine_01.geo
25500,TerraAriekiLigoCaveRoof02V01,terra_arieki_ligo_cave_roof02_v01.geo
25501,ArchAriekiAttaQueensObj01V01,arch_arieki_atta_queens_obj01_v01.geo
25502,ArchAriekiAttaQueensObj01V02,arch_arieki_atta_queens_obj01_v02.geo
25503,ArchAriekiAttaQueensObj01V03,arch_arieki_atta_queens_obj01_v03.geo
25504,ArchHumTentBarracks01V01,arch_hum_tent_barracks_01_v01.geo
25505,ArchHumTentCommand01V01,arch_hum_tent_command_01_v01.geo
25506,ArchHumTentGeneric01V02,arch_hum_tent_generic_01_v02.geo
25507,ArchHumTentGeneric01V03,arch_hum_tent_generic_01_v03.geo
25508,ArchHumTentMedic01V02,arch_hum_tent_medic_01_v02.geo
25509,ArchHumTentVending01V01,arch_hum_tent_vending_01_v01.geo
25510,ArchBrannFieldAwningV01,arch_brann_field_awning_v01.geo
25511,ArchBrannFieldAwningV02,arch_brann_field_awning_v02.geo
25512,ArchBrannFieldGenericV01,arch_brann_field_generic_v01.geo
25513,ArchBrannFieldGenericV02,arch_brann_field_generic_v02.geo
25514,ArchBrannFieldGenericV03,arch_brann_field_generic_v03.geo
25515,ArchBrannFieldMedicV01,arch_brann_field_medic_v01.geo
25516,ArchBrannFieldVendingV01,arch_brann_field_vending_v01.geo
25517,ArchHumTent02AwningV01,arch_hum_tent_awning_02_v01.geo
25518,ArchHumTent02AwningV02,arch_hum_tent_awning_02_v02.geo
25519,ArchHumTentBarracks02V01,arch_hum_tent_barracks_02_v01.geo
25520,ArchHumTentCommand02V01,arch_hum_tent_command_02_v01.geo
25521,ArchHumTentVending02V01,arch_hum_tent_vending_02_v01.geo
25522,ArchHumRefugeeGenericV01,arch_hum_refugee_generic_v01.geo
25523,ArchHumRefugeeGenericV02,arch_hum_refugee_generic_v02.geo
25524,ArchHumRefugeeGenericV03,arch_hum_refugee_generic_v03.geo
25525,ArchHumRefugeeHouseV02,arch_hum_refugee_house_v02.geo
25527,ArchHumRefugeeShopV01,arch_hum_refugee_shop_v01.geo
25528,ArchBrannJunkyardEntrance,arch_brann_junkyard_entrance.geo
25529,ArchAriekiAttaButtress01V01,arch_arieki_atta_buttress01_v01.geo
25530,ArchAriekiAttaButtress01V02,arch_arieki_atta_buttress01_v02.geo
25531,ArchAriekiAttaButtress01V03,arch_arieki_atta_buttress01_v03.geo
25532,ArchBrannJunkyardBridgeV01,arch_brann_junkyard_bridge_v01.geo
25533,ArchAriekiAttaQueensObj01V07,arch_arieki_atta_queens_obj01_v07.geo
25534,UsableTwoStateBaneFaultHammerV01,arch_bane_faulthammer_v01.geo
25535,PropForeanStatueFemaleV01,prop_forean_statue_female_v01.geo
25536,PropForeanStatueWarriorV01,prop_forean_statue_warrior_v01.geo
25537,PropForeanStatueShamenV01,prop_forean_statue_shamen_v01.geo
25539,Ability_NeoBot_Flame,creature_bot_neo_flame_v01.geo
25540,Ability_NeoBot_Rocket,creature_bot_neo_rocket_v01.geo
25541,Ability_NeoBot_Shield,creature_bot_neo_sheild_v01.geo
25542,Ability_NeoBot_Repair,creature_bot_neo_warden_v01.geo
25543,TerraAriekiAttaCelingObj01V01,terra_arieki_atta_celing_obj01_v01.geo
25547,Redshirt_Brann_Incurable_Male_Boss,creature_arieki_brann_m_incurable_v01.geo
25548,MisPoolsItemHowlerSinew,item_bio_organ_bane_v01.geo
25550,MisPoolsItemHunterthighbone,item_bio_limbs_hum_v01.geo
25554,VfxWaterLeakV02_7m,vfx_water_leak_v02_7m.geo
25555,VfxSteamSideV01,vfx_arch_hum_steam_side.geo
25556,UsableStatelessNPCFemaleDrinkingStandingV01,ambient_f_drinking_standing_v01.geo
25557,UsableStatelessNPCMaleDrinkingStandingV01,ambient_m_drinking_standing_v01.geo
25558,UsableStatelessNPCMaleDrinkingSittingBarstoolV01,ambient_m_drinking_sitting_barstool_v01.geo
25559,UsableStatelessNPCMaleDrinkingSittingBarstoolV02,ambient_m_drinking_sitting_barstool_v02.geo
25562,ArchAriekiAttaColunm01V01,arch_arieki_atta_colunm01_v01.geo
25563,UsableStatelessNPCMaleDrinkingStandingV02,ambient_m_drinking_standing_v02.geo
25564,UsableStatelessNPCMaleDrinkingLeaningV01,ambient_m_drinking_leaning_v01.geo
25565,UsableStatelessNPCFemaleDrinkingStandingV02,ambient_f_drinking_standing_v02.geo
25568,UsableTwoStateBaneCentralLabTower,prop_bane_central_lab_tower.geo
25569,PropBaneCentralLabTowerCannisterTESTDELETEDUPE,prop_bane_central_lab_tower_canisters.geo
25570,ArchBaneIndustrialChunnelRoomArenaV01,arch_bane_industrial_chunnel_room_arena_v01_.geo
25571,UsableStatelessNPCFemaleDrinkingSittingBarstoolV01,ambient_f_drinking_sitting_barstool_v01.geo
25572,MisPoolsItemDogtags,item_bag_hum_v01.geo
25573,MisPoolsItemEmptyammoclip,item_bag_hum_v02.geo
25574,Mis_Incline_Recontructors_Hard_Drive,item_datablade_bane.geo
25575,PropBrannTankReservoirV01,prop_brann_tank_reservoir_v01.geo
25576,TerraAriekiLigoMesaMedV10,terra_arieki_ligo_mesa_med_v10.geo
25577,SkyAriekiLigoCrucibleStallJunkyardClouds,sky_arieki_ligo_crucible_staaljunkyard_clouds.geo
25578,VfxAriekiCloudParticlesv01Large,vfx_env_arieki_clouds_v01_large.geo
25579,UsableStatelessNPCFemaleDrinkingSittingBarstoolV02,ambient_f_drinking_sitting_barstool_v02.geo
25580,Bane_Thrax_Soldier_Pistol_NO_XP,creature_thrax_soldier_v03_pistol.geo
25581,Bane_Thrax_Soldier_Rifle_NO_XP,creature_thrax_soldier_v03_rifle.geo
25582,ArchHumCorridorInstanceV01,arch_hum_corridor_instance_v02.geo
25583,UsableStatelessNPCMaleSittingTalkingV01,ambient_m_sitting_table_v01.geo
25584,UsableStatelessNPCMaleSittingTalkingV02,ambient_m_sitting_table_v02.geo
25585,UsableStatelessNPCFemaleSittingTalkingV01,ambient_f_sitting_table_v01.geo
25586,MisPoolsItemELPSupplies,item_crate_hum_v01.geo
25587,MisPoolsItemPlasmacapacitor,item_crate_bane_v01.geo
25588,MisPoolsItemNutrientpaste,item_bag_bane_v02.geo
25589,MisPoolsItemHesterMedicine,item_bag_hum_v01.geo
25592,ArchHumCorridorStraight0124mV02,arch_hum_corridor_straight_01_24m_v05.geo
25593,ArchElohLogosDispenserBase,arch_eloh_logos_dispenser_v01.geo
25597,ArchAttaObeliskHistoricalV03,arch_atta_obelisk_historical_v03.geo
25598,UsableNPCHumIntercomV01,prop_hum_phone_v03.geo
25599,UsableStatelessNPCMaleRepairingv01,ambient_m_tooling_v01.geo
25600,UsableStatelessNPCMaleStandingV01,ambient_m_standing_v01.geo
25602,UsableInertDestBrannTableDissectionEmptyV01,prop_brann_table_dissection_empty_v01.geo
25603,Creature_Treeback_Highland,creature_highland_woody_treeback_v01.geo
25604,Holographic_Forean_Gunner,creature_forean_warrior_hologram_eloh.geo
25605,Holographic_Forean_Elder,creature_forean_shaman_hologram_eloh.geo
25606,Holographic_Forean_Machina,creature_forean_machina_hologram_eloh.geo
25607,Redshirt_Forean_Gunner_Infected,creature_forean_infected_male_v01.geo
25608,Bane_Ichaiden,creature_bane_ichaiden_v01.geo
25609,Vehicle_Bane_Juggernaut_Statue,creature_bane_juggernaut_statue_v01.geo
25610,Creature_Granitour_Adult,creature_arieki_granitour_v02.geo
25611,Redshirt_Brann_Incurable_Female,creature_arieki_brann_f_incurable_v01.geo
25612,Creature_Atta_Soldier_Young,creature_arieki_atta_soldier_v01.geo
25613,Holographic_Human_Female_Rocket,npc_redshirt_f_physical_rocketlauncher_heavy_hologram_eloh.geo
25614,Holographic_Human_Male_Rifle,npc_redshirt_m_electric_rifle_stealth_hologram_eloh.geo
25615,UsableStatelessNPCMaleBartenderV01,ambient_m_bartender_v01.geo
25616,Creature_Treeback_Highland_Boss,creature_highland_woody_treeback_v01.geo
25617,Redshirt_Brann_Incurable_Female_Boss,creature_arieki_brann_f_incurable_v01.geo
25618,Redshirt_Forean_Gunner_Infected_Boss,creature_forean_infected_male_v01.geo
25619,Bane_Ichaiden_Boss,creature_bane_ichaiden_v01.geo
25620,Creature_Granitour_Adult_Boss,creature_arieki_granitour_v02.geo
25621,UsableStatelessNPCMaleCleanWeaponStandingV01,ambient_m_weapon_clean_standing_rifle_v01.geo
25622,UsableStatelessNPCMaleCleanWeaponSittingV01,ambient_m_weapon_clean_sitting_pistol_v01.geo
25623,UsableStatelessNPCFemaleCleanWeaponStandingV01,ambient_f_weapon_clean_standing_shotgun_v01.geo
25624,UsableStatelessNPCFemaleCleanWeaponSittingV01,ambient_f_weapon_clean_sitting_rifle_v01.geo
25626,UsableStatelessNPCFemaleBartenderV01,ambient_f_bartender_v01.geo
25633,ArchBrannJunkyardBridgeV02,arch_brann_junkyard_bridge_v02.geo
25634,UsableStatelessNPCMaleStandingTabletV01,ambient_m_standing_tablet_v01.geo
25635,PropHumCorridorDebrisV04,prop_hum_corridor_debris_v08.geo
25636,PropHumCorridorDebrisV03,prop_hum_corridor_debris_v07.geo
25637,PropHumCorridorDebrisV02,prop_hum_corridor_debris_v06.geo
25638,PropHumCorridorDebrisV01,prop_hum_corridor_debris_v01.geo
25639,TerraAriekiAttaCavernRoofV04,terra_arieki_atta_cavern_roof_v04.geo
25641,UsableStatelessNPCFemaleStandingTabletV01,ambient_f_standing_tablet_v01.geo
25642,UsableStatelessNPCMaleLyingSleepingV01,ambient_m_lying_injured_bed_covered_v01.geo
25643,Mis_Howling_Xanx_Control_Chip,item_bio_organ_bane_v01.geo
25644,UsableStatelessNPCFemaleLyingSleepingV01,ambient_f_lying_injured_bed_covered_v01.geo
25646,ArchElohDoorV02,arch_eloh_door_v02.geo
25651,UsableTwoStateHumWaypointV01,arch_hum_outpost_waypoint.geo
25658,Mis_Howling_Low_Fidelity_GPS,prop_hum_gps_beacon_v01.geo
25662,UsableTwoStateHumControlPointSirenV01,prop_hum_loudspeaker_v01.geo
25663,UsableTwoStateBaneControlPointSirenV01Intrusion,arch_bane_air_raid_siren_v01.geo
25664,MisTordenMiresFluxiteMinesFluxite,terra_arieki_cavern_fluxite_pile01_v01.geo
25665,MisTordenMiresFluxiteMineShutdown,item_keycard_bane_gen.geo
25666,MisTordenMiresTahrendraDoorBombs,prop_hum_bomb_v01.geo
25667,MisTordenMiresTahrendraBioCharge,prop_hum_bomb_v01.geo
25668,MisTordenMiresTahrendraBioMaterials,item_bio_organ_bane_v01.geo
25669,MisTordenMiresTahrendraRobotCard,item_keycard_v01_bane.geo
25672,ArchAriekiAttaColunm01V02,arch_arieki_atta_colunm01_v02.geo
25673,ArchAriekiAttaColunm01V03,arch_arieki_atta_colunm01_v03.geo
25675,ArchAriekiAttaColunm01V04,arch_arieki_atta_colunm01_v04.geo
25677,UsableStatelessNPCMaleMicroscope01,ambient_m_microscope_sitting_v01.geo
25678,UsableStatelessNPCMaleRepairingCrouchedv01,ambient_m_tooling_crouching_v01.geo
25679,MisPoolsItemPoisonCanister_01,item_bag_bane_v01.geo
25680,Mis_Howling_Relay_Detonators,prop_hum_bomb_v01.geo
25681,UsableStatelessNPCMaleWeldingCrouchedv01,ambient_m_welding_crouching_v01.geo
25682,ArchForeanGateLargeV01,arch_forean_gate_large_v01.geo
25683,ArchForeanGateSmallV01,arch_forean_gate_small_v01.geo
25684,PropForeanTotemV01,prop_forean_totem_v01.geo
25685,PropForeanTotemV02,prop_forean_totem_v02.geo
25686,PropForeanTotemV03,prop_forean_totem_v03.geo
25687,PropForeanUrnV01,prop_forean_urn_v01.geo
25688,PropForeanUrnV02,prop_forean_urn_v02.geo
25689,ArchAriekiAttaColunm01V05,arch_arieki_atta_colunm01_v05.geo
25690,PropForeanUrnV03,prop_forean_urn_v03.geo
25691,PropForeanUrnV04,prop_forean_urn_v04.geo
25692,PropForeanUrnV05,prop_forean_urn_v05.geo
25693,PropForeanUrnV06,prop_forean_urn_v06.geo
25694,PropForeanUrnV07,prop_forean_urn_v07.geo
25695,PropForeanWellV01,prop_forean_well_v01.geo
25698,PropHumEventBeerBottle,prop_hum_event_beer_bottle_v01.geo
25699,PropHumEventBirthdayCake,prop_hum_event_birthday_cake_v01.geo
25700,PropHumEventCandy,prop_hum_event_candy_v01.geo
25701,PropHumEventHolidaycheerDrink,prop_hum_event_holidaycheer_drink_v01.geo
25702,PropHumEventLovePotion,prop_hum_event_love_potion_v01.geo
25703,PropHumEventWineBottle,prop_hum_event_wine_bottle_v01.geo
25704,Mis_Howling_183_DT,item_bag_hum_v01.geo
25705,BOOTCAMPONLYPropAmmoCrate,prop_hum_ammo_stores_v01.geo
25706,ArchBaneIndustrialRoomControl24mV17,arch_bane_industrial_room_control_24m_v17.geo
25707,ArchAriekiAttaButtress01V04,arch_arieki_atta_buttress01_v04.geo
25708,ArchBaneIndustrialRoomControl24mV18,arch_bane_industrial_room_control_24m_v18.geo
25709,ArchBaneIndustrialRoomControl24mV19,arch_bane_industrial_room_control_24m_v19.geo
25712,Mis_Howling_Strider_Blackbox,item_bio_organ_gen_v01.geo
25713,ArchAriekiAttaButtress01V05,arch_arieki_atta_buttress01_v05.geo
25714,Mis_Howling_Bane_Data,item_datablock_hum.geo
25715,UsableTwoStateBrannWaypoint,arch_brann_outpost_waypoint_v01.geo
25716,ArchAriekiAttaColunm01V06,arch_arieki_atta_colunm01_v06.geo
25788,Mis_Howling_Zombie_Guts,item_canister_hum_v01.geo
25790,Mis_Howling_Mox_Blood,item_canister_hum_v01.geo
25792,TerraAriekiAttaCavernLightBunchV01,terra_arieki_atta_cavern_light_bunch_v01.geo
25793,TerraAriekiAttaCavernLightBunchV02,terra_arieki_atta_cavern_light_bunch_v02.geo
25795,ArchElohLogosSignAppearance,arch_eloh_logos_sign_appearance.geo
25796,ArchElohLogosSignHope,arch_eloh_logos_sign_hope.geo
25797,ArchElohLogosSignJump,arch_eloh_logos_sign_jump.geo
25798,ArchElohLogosSignLightness,arch_eloh_logos_sign_lightness.geo
25799,ArchElohLogosSignDarkness,arch_eloh_logos_sign_darkness.geo
25800,ArchElohLogosSignContrast,arch_eloh_logos_sign_contrast.geo
25801,ArchElohLogosSignElement,arch_eloh_logos_sign_element.geo
25802,PropAttaGenObjEggclusterSmallV01,prop_atta_eggcluster_small_v01.geo
25803,PropAttaGenObjEggclusterSmallV02,prop_atta_eggcluster_small_v02.geo
25805,UsableItemDispElohLogosAppearanceV01,arch_eloh_logos_appearance_v01.geo
25812,UsableItemDispElohLogosJumpV01,arch_eloh_logos_jump_v01.geo
25813,UsableItemDispElohLogosLightnessV01,arch_eloh_logos_lightness_v01.geo
25817,UsableItemDispElohLogosFunctionV01,arch_eloh_logos_function_v01.geo
25818,ArchBrannCorridorCross01V01Destroyed,arch_brann_corridor_cross_01_v01_destroyed.geo
25819,ArchBrannCorridorCrossGroup01V01Destroyed,arch_brann_corridor_cross_group_01_v01_destroyed.geo
25820,ArchBrannCorridorEndcap01V01Destroyed,arch_brann_corridor_endcap_01_v01_destroyed.geo
25821,ArchBrannCorridorRampTurnRt01V01Destroyed,arch_brann_corridor_ramp_turn_rt_01_v01_destroyed.geo
25822,ArchBrannCorridorRoom01EndcapV01Destroyed,arch_brann_corridor_room_01_endcap_v01_destroyed.geo
25823,ArchBrannCorridorRoom01V02Destroyed,arch_brann_corridor_room_01_v02_destroyed.geo
25824,ArchBrannCorridorStraight018mV01Destroyed,arch_brann_corridor_straight_01_8m_v01_destroyed.geo
25825,ArchBrannCorridorStraight0124mV01Destroyed,arch_brann_corridor_straight_01_24m_v01_destroyed.geo
25826,ArchBrannCorridorStraightCell0124mV02Destryoed,arch_brann_corridor_straight_cell_01_24m_v02_destroyed.geo
25827,Tool_Avatar_Cipher_10,hp_hum_cipher.geo
25828,Tool_Avatar_Cipher_05,hp_hum_cipher.geo
25829,Tool_Avatar_Salvage_05,hp_hum_salvage_extract.geo
25830,Tool_Avatar_Salvage_10,hp_hum_salvage_extract.geo
25831,Tool_Avatar_Salvage_15,hp_hum_salvage_extract.geo
25832,Tool_Avatar_Salvage_20,hp_hum_salvage_extract.geo
25833,Tool_Avatar_Salvage_25,hp_hum_salvage_extract.geo
25834,Tool_Avatar_Healing_Disc_Conical_CMN_05_to_09_DELETE,hp_hum_tool_healing_disc_v01.geo
25835,Tool_Avatar_Healing_Disc_Conical_CMN_10_to_14_DELETE,hp_hum_tool_healing_disc_v01.geo
25836,Tool_Avatar_Healing_Disc_Conical_CMN_15_to_19_DELETE,hp_hum_tool_healing_disc_v01.geo
25837,Tool_Avatar_Healing_Disc_Conical_CMN_20_to_24_DELETE,hp_hum_tool_healing_disc_v01.geo
25838,Tool_Avatar_Healing_Disc_Conical_CMN_25_to_29_DELETE,hp_hum_tool_healing_disc_v01.geo
25839,Tool_Avatar_Healing_Disc_Conical_CMN_30_to_34_DELETE,hp_hum_tool_healing_disc_v01.geo
25840,Tool_Avatar_Healing_Disc_Conical_CMN_35_to_39_DELETE,hp_hum_tool_healing_disc_v01.geo
25841,Tool_Avatar_Healing_Disc_Conical_CMN_40_to_44_DELETE,hp_hum_tool_healing_disc_v01.geo
25842,Tool_Avatar_Healing_Disc_Conical_CMN_45_to_49_DELETE,hp_hum_tool_healing_disc_v01.geo
25843,Tool_Avatar_Healing_Disc_Conical_CMN_50_to_50_DELETE,hp_hum_tool_healing_disc_v01.geo
25844,Tool_Avatar_Healing_Disc_Area_CMN_05_to_09,hp_hum_tool_healing_disc_v01.geo
25845,Tool_Avatar_Healing_Disc_Area_CMN_10_to_14,hp_hum_tool_healing_disc_v01.geo
25846,Tool_Avatar_Healing_Disc_Area_CMN_15_to_19,hp_hum_tool_healing_disc_v01.geo
25847,Tool_Avatar_Healing_Disc_Area_CMN_20_to_24,hp_hum_tool_healing_disc_v01.geo
25848,Tool_Avatar_Healing_Disc_Area_CMN_25_to_29,hp_hum_tool_healing_disc_v01.geo
25849,Tool_Avatar_Healing_Disc_Area_CMN_30_to_34,hp_hum_tool_healing_disc_v01.geo
25850,Tool_Avatar_Healing_Disc_Area_CMN_35_to_39,hp_hum_tool_healing_disc_v01.geo
25851,Tool_Avatar_Healing_Disc_Area_CMN_40_to_44,hp_hum_tool_healing_disc_v01.geo
25852,Tool_Avatar_Healing_Disc_Area_CMN_45_to_49,hp_hum_tool_healing_disc_v01.geo
25853,Tool_Avatar_Healing_Disc_Area_CMN_50_to_50,hp_hum_tool_healing_disc_v01.geo
25855,Tool_Avatar_Field_Repair_Conical_CMN_05_to_09_DELETE,hp_hum_field_repair.geo
25856,Tool_Avatar_Field_Repair_Conical_CMN_10_to_14_DELETE,hp_hum_field_repair.geo
25857,Tool_Avatar_Field_Repair_Conical_CMN_15_to_19_DELETE,hp_hum_field_repair.geo
25858,Tool_Avatar_Field_Repair_Conical_CMN_20_to_24_DELETE,hp_hum_field_repair.geo
25859,Tool_Avatar_Field_Repair_Conical_CMN_25_to_29_DELETE,hp_hum_field_repair.geo
25860,Tool_Avatar_Field_Repair_Conical_CMN_30_to_34_DELETE,hp_hum_field_repair.geo
25861,Tool_Avatar_Field_Repair_Conical_CMN_35_to_39_DELETE,hp_hum_field_repair.geo
25862,Tool_Avatar_Field_Repair_Conical_CMN_40_to_44_DELETE,hp_hum_field_repair.geo
25863,Tool_Avatar_Field_Repair_Conical_CMN_45_to_49_DELETE,hp_hum_field_repair.geo
25864,Tool_Avatar_Field_Repair_Conical_CMN_50_to_50_DELETE,hp_hum_field_repair.geo
25865,Tool_Avatar_Field_Repair_Area_CMN_05_to_09,hp_hum_field_repair.geo
25866,Tool_Avatar_Field_Repair_Area_CMN_10_to_14,hp_hum_field_repair.geo
25867,Tool_Avatar_Field_Repair_Area_CMN_15_to_19,hp_hum_field_repair.geo
25868,Tool_Avatar_Field_Repair_Area_CMN_20_to_24,hp_hum_field_repair.geo
25869,Tool_Avatar_Field_Repair_Area_CMN_25_to_29,hp_hum_field_repair.geo
25870,Tool_Avatar_Field_Repair_Area_CMN_30_to_34,hp_hum_field_repair.geo
25871,Tool_Avatar_Field_Repair_Area_CMN_35_to_39,hp_hum_field_repair.geo
25872,Tool_Avatar_Field_Repair_Area_CMN_40_to_44,hp_hum_field_repair.geo
25873,Tool_Avatar_Field_Repair_Area_CMN_45_to_49,hp_hum_field_repair.geo
25874,Tool_Avatar_Field_Repair_Area_CMN_50_to_50,hp_hum_field_repair.geo
25875,Tool_Avatar_Tissue_Extractor_05,hp_hum_tissue_extract.geo
25876,Tool_Avatar_Tissue_Extractor_10,hp_hum_tissue_extract.geo
25877,ArchAriekiAttaQueensObj01V04,arch_arieki_atta_queens_obj01_v04.geo
25878,UsableTreasureDispCocoonedCorpseV01,prop_atta_cocooned_corpse_v01.geo
25879,UsableTwoStateBrannHoloDisplayAttaV01,prop_brann_hologram_v01.geo
25882,NPC_Forean_Gunner_Infected_Boss,creature_forean_infected_male_v01.geo
25883,ArchAriekiAttaQueensObj01V05,arch_arieki_atta_queens_obj01_v05.geo
25884,NPC_Bane_Thrax_Machina,creature_thrax_light_soldier_v01.geo
25885,NPC_Bane_Thrax_Machina_Boss,creature_thrax_light_soldier_v01.geo
25886,ArchAriekiAttaQueensObj01V06,arch_arieki_atta_queens_obj01_v06.geo
25887,ArchAriekiAttaQueensObj01V08,arch_arieki_atta_queens_obj01_v08.geo
25888,ArchHumWoodpost01V01,arch_hum_woodpost01_v01.geo
25889,BOOTCAMPONLYPropDropship,prop_hum_dropship_v03_destroyed.geo
25890,ArchBaneIndustrialChunnelRoomMaligo,arch_bane_industrial_chunnel_room_maligo.geo
25891,UsableTwoStateBaneDeepPlanetScan,prop_bane_planet_scanner_v01.geo
25892,TerraAriekiAttaCavernLightPillarV04,terra_arieki_atta_cavern_light_pillar_v04.geo
25893,TerraAriekiAttaCavernLightBunchV03,terra_arieki_atta_cavern_light_bunch_v03.geo
25895,ArchWardenbotCorridorEntrance01V01,arch_wardenbot_corridor_entrance_01_v01.geo
25896,ArchWardenbotCorridorEntrance01V02,arch_wardenbot_corridor_entrance_01_v02.geo
25897,UsableTwoStateWardenbotOreMachineV01,arch_wardenbot_corridor_room_01_oremachine_v01.geo
25898,ArchWardenbotCorridorRoom01PatchV01,arch_wardenbot_corridor_room_01_patch_v01.geo
25899,ArchWardenbotCorridorRoom01AssemblyV01,arch_wardenbot_corridor_room_01_assembly_v01.geo
25900,ArchHumGateSnakepitV01,arch_hum_gate_snakepit_v01.geo
25901,ArchForeanElohTempleBridgeV01,arch_forean_eloh_temple_bridge_v01.geo
25902,TerraAriekiCavernTurn48mV03,terra_arieki_cavern_turn_48m_v03.geo
25903,TerraAriekiCavernStraight48mV02,terra_arieki_cavern_straight_48m_v02.geo
25904,TerraAriekiCavernStraight48mV03,terra_arieki_cavern_straight_48m_v03.geo
25905,TerraAriekiCavernY48mV02,terra_arieki_cavern_y_48m_v02.geo
25906,Mis_Howling_Soil_Sample,terra_foreas_rock_small01.geo
25907,ArchBaneIndustrialChunnelRoomSupportV01,arch_bane_industrial_chunnel_room_support_v01_.geo
25914,ArchAttaCoverObjV01,arch_atta_cover_obj_v01.geo
25916,ArchWardenbotCorridorEndcap018mV03,arch_wardenbot_corridor_endcap_01_8m_v03.geo
25917,ArchAttaCoverObjV02,arch_atta_cover_obj_v02.geo
25920,Ammo_Battery_2_Improved_Grade,ammo_energy_v01.geo
25921,UsableInertDestBaneCentralLabTower,prop_bane_central_lab_tower.geo
25922,Ammo_Battery_3_High_Grade,ammo_energy_v01.geo
25924,Ammo_Battery_4_Select_Grade,ammo_energy_v01.geo
25925,Ammo_Battery_5_Elite_Grade,ammo_energy_v01.geo
25926,Ammo_Canister_2_Improved_Grade,ammo_gas_v01.geo
25927,Ammo_Canister_3_High_Grade,ammo_gas_v01.geo
25928,Ammo_Canister_5_Elite_Grade,ammo_gas_v01.geo
25929,Ammo_Canister_4_Select_Grade,ammo_gas_v01.geo
25930,Ammo_Cartridge_2_Improved_Grade,ammo_bullets_v01.geo
25931,Ammo_Cartridge_3_High_Grade,ammo_bullets_v01.geo
25932,Ammo_Cartridge_4_Select_Grade,ammo_bullets_v01.geo
25933,Ammo_Cartridge_5_Elite_Grade,ammo_bullets_v01.geo
25934,Ammo_Pharmaceutical_2_Improved_Grade,item_canister_hum_v02.geo
25935,Ammo_Pharmaceutical_3_High_Grade,item_canister_hum_v02.geo
25936,Ammo_Pharmaceutical_4_Select_Grade,item_canister_hum_v02.geo
25937,Ammo_Pharmaceutical_5_Elite_Grade,item_canister_hum_v02.geo
25938,Ammo_Rocket_2_Improved_Grade,ammo_rockets_v01.geo
25939,Ammo_Rocket_3_High_Grade,ammo_rockets_v01.geo
25940,Ammo_Rocket_4_Select_Grade,ammo_rockets_v01.geo
25941,Ammo_Rocket_5_Elite_Grade,ammo_rockets_v01.geo
25942,ArchAttaCoverObjV03,arch_atta_cover_obj_v03.geo
25943,ArchAttaCoverObjV04,arch_atta_cover_obj_v04.geo
25944,TerraAriekiCavernRamp48mV03,terra_arieki_cavern_ramp_48m_v03.geo
25945,Ambient_Salvage_Bot_Reconstructor,creature_arieki_bot_reconstructor_salvage_v01.geo
25946,TerraAriekiCavernRamp48mV04,terra_arieki_cavern_ramp_48m_v04.geo
25947,UseableDoorWardenbotCorridorEntranceV02,arch_wardenbot_corridor_entrance_door_v02.geo
25948,TerraAriekiCavernTurnRampV05,terra_arieki_cavern_turn_ramp_v05.geo
25949,TerraAriekiCavernRamp48mV07,terra_arieki_cavern_ramp_48m_v07.geo
25950,TerraAriekiCavernTurn48mV04,terra_arieki_cavern_turn_48m_v04.geo
25951,TerraAriekiCavernTurnRampV06,terra_arieki_cavern_turn_ramp_v06.geo
25952,TerraAriekiCavernStraight48mV04,terra_arieki_cavern_straight_48m_v04.geo
25954,CP_Token_Wilde_CP01_Assault,ammo_gas_v01.geo
25955,CP_Token_Wilde_CP02_Assault,ammo_gas_v01.geo
25956,CP_Token_Divid_CP01_Assault,ammo_gas_v01.geo
25957,CP_Token_Divid_CP02_Assault,ammo_gas_v01.geo
25958,CP_Token_Palis_CP01_Assault,ammo_gas_v01.geo
25959,CP_Token_Palis_CP02_Assault,ammo_gas_v01.geo
25960,CP_Token_Plain_CP01_Assault,ammo_gas_v01.geo
25961,CP_Token_Plain_CP02_Assault,ammo_gas_v01.geo
25962,CP_Token_Plain_CP03_Assault,ammo_gas_v01.geo
25963,CP_Token_Incli_CP01_Assault,ammo_gas_v01.geo
25964,CP_Token_Incli_CP02_Assault,ammo_gas_v01.geo
25965,CP_Token_Mires_CP01_Assault,ammo_gas_v01.geo
25966,CP_Token_Mires_CP02_Assault,ammo_gas_v01.geo
25967,CP_Token_Wilde_CP01_Defense,ammo_gas_v01.geo
25968,CP_Token_Wilde_CP02_Defense,ammo_gas_v01.geo
25969,CP_Token_Divid_CP01_Defense,ammo_gas_v01.geo
25970,CP_Token_Divid_CP02_Defense,ammo_gas_v01.geo
25971,CP_Token_Palis_CP01_Defense,ammo_gas_v01.geo
25972,CP_Token_Palis_CP02_Defense,ammo_gas_v01.geo
25973,CP_Token_Plain_CP01_Defense,ammo_gas_v01.geo
25974,CP_Token_Plain_CP02_Defense,ammo_gas_v01.geo
25975,CP_Token_Plain_CP03_Defense,ammo_gas_v01.geo
25976,CP_Token_Incli_CP01_Defense,ammo_gas_v01.geo
25977,CP_Token_Incli_CP02_Defense,ammo_gas_v01.geo
25978,CP_Token_Mires_CP01_Defense,ammo_gas_v01.geo
25979,CP_Token_Mires_CP02_Defense,ammo_gas_v01.geo
25980,UsableInertDestWardenbotPylonV01,prop_wardenbot_patch_pylon_v01.geo
25981,TerraAriekiCavernSTransitionV01,terra_arieki_cavern_s_transition_v01.geo
25982,TerraAriekiCavernSTransitionV02,terra_arieki_cavern_s_transition_v02.geo
25983,TerraAriekiCavernSTransitionV03,terra_arieki_cavern_s_transition_v03.geo
25984,TerraAriekiCavernSTransitionV04,terra_arieki_cavern_s_transition_v04.geo
25985,TerraAriekiCavernSTransitionV05,terra_arieki_cavern_s_transition_v05.geo
25986,TerraAriekiCavernYS48mV01,terra_arieki_cavern_y_s_48m_v01.geo
25987,TerraAriekiCavernStraightS16mV01,terra_arieki_cavern_straight_s_16m_v01.geo
25988,TerraAriekiCavernStraightS24mV01,terra_arieki_cavern_straight_s_24m_v01.geo
25989,TerraAriekiCavernStraightS48mV01,terra_arieki_cavern_straight_s_48m_v01.geo
25990,TerraAriekiCavernOffsetS48mV01,terra_arieki_cavern_offset_s_48m_v01.geo
25991,TerraAriekiCavernOffsetS48mV02,terra_arieki_cavern_offset_s_48m_v02.geo
25992,TerraAriekiCavernOffsetS48mV03,terra_arieki_cavern_offset_s_48m_v03.geo
25993,TerraAriekiCavernOffsetS48mV04,terra_arieki_cavern_offset_s_48m_v04.geo
25994,TerraAriekiCavernRampS48mV01,terra_arieki_cavern_ramp_s_48m_v01.geo
25995,TerraAriekiCavernRampS48mV02,terra_arieki_cavern_ramp_s_48m_v02.geo
25996,TerraAriekiCavernStraightS8mV01,terra_arieki_cavern_straight_s_8m_v01.geo
25997,TerraAriekiCavernTurnRampS48mV01,terra_arieki_cavern_turn_ramp_s_v01.geo
25998,TerraAriekiCavernTurnRamp2,terra_arieki_cavern_turn_ramp_s_v02.geo
25999,TerraAriekiCavernTurnRampSV02,terra_arieki_cavern_turn_ramp_s_v02.geo
26000,TerraAriekiCavernTurnRampSV01,terra_arieki_cavern_turn_ramp_v01.geo
26001,TerraAriekiCavernTurnRampSV03,terra_arieki_cavern_turn_ramp_s_v03.geo
26002,TerraAriekiCavernTurnRampSV04,terra_arieki_cavern_turn_ramp_s_v04.geo
26003,TerraAriekiCavernTurnS48mV01,terra_arieki_cavern_turn_s_48m_v01.geo
26004,TerraAriekiCavernTurnS48mV02,terra_arieki_cavern_turn_s_48m_v02.geo
26006,TerraAriekiCavernEndcapS16mV01,terra_arieki_cavern_endcap_s_16m_v01.geo
26007,TerraAriekiCavernOffsetrampS48mV01,terra_arieki_cavern_offsetramp_s_48m_v01.geo
26008,TerraAriekiCavernOffsetrampS48mV02,terra_arieki_cavern_offsetramp_s_48m_v02.geo
26009,NPC_Human_MiniSwapset_Female,npc_hum_f_nude_v01.geo
26011,NPC_Human_MiniSwapset_Female_Boss,npc_hum_f_nude_v01.geo
26012,TerraAriekiCavernSTransitionV06,terra_arieki_cavern_s_transition_v06.geo
26013,NPC_Human_MiniSwapset_Male_Boss,npc_hum_m_nude_v01.geo
26014,NPC_Human_MiniSwapset_Male,npc_hum_m_nude_v01.geo
26015,TerraAriekiCavernSTransitionV07,terra_arieki_cavern_s_transition_v07.geo
26016,Redshirt_Human_MiniSwapset_Male,npc_hum_m_nude_v01.geo
26017,Redshirt_Human_MiniSwapset_Male_Boss,npc_hum_m_nude_v01.geo
26018,Redshirt_Human_MiniSwapset_Female_Boss,npc_hum_f_nude_v01.geo
26019,Redshirt_Human_MiniSwapset_Female,npc_hum_f_nude_v01.geo
26020,TerraAriekiCavernSTransitionV08,terra_arieki_cavern_s_transition_v08.geo
26021,UsableCrSpawnerDestWardenbotV01DELETEDUPE,prop_wardenbot_generator_v01.geo
26022,Creature_Atta_Harvester_DropDown,creature_arieki_atta_harvester_v01.geo
26023,Creature_Atta_Harvester_DropDown_Boss,creature_arieki_atta_harvester_v01.geo
26024,Creature_Atta_Soldier_DropDown,creature_arieki_atta_soldier_v01.geo
26025,Creature_Atta_Soldier_DropDown_Boss,creature_arieki_atta_soldier_v01.geo
26027,UsableInertDestWardenbotPatch,prop_wardenbot_patch_v01.geo
26028,Weapon_Avatar_Light_Glowstick_Blue,hp_hum_light_glowstick_blue_v01.geo
26029,Weapon_Avatar_Light_Glowstick_Yellow,hp_hum_light_glowstick_yellow_v01.geo
26030,Weapon_Avatar_Light_Glowstick_Green,hp_hum_light_glowstick_green_v01.geo
26031,Weapon_Avatar_Light_Flare_White,hp_hum_light_flare_white_v01.geo
26032,Weapon_Avatar_Light_Flashlight_v01,hp_hum_flashlight.geo
26033,PropBrannComputerV11,prop_brann_computer_v11.geo
26034,PropBrannComputerV11Destroyed,prop_brann_computer_v11_destroyed.geo
26035,PropBrannComputerV12,prop_brann_computer_v12.geo
26036,PropBrannComputerV12Destroyed,prop_brann_computer_v12_destroyed.geo
26037,PropBrannComputerV13,prop_brann_computer_v13.geo
26038,PropBrannComputerV13Destroyed,prop_brann_computer_v13_destroyed.geo
26039,PropBrannComputerV14,prop_brann_computer_v14.geo
26040,PropBrannComputerV14Destroyed,prop_brann_computer_v14_destroyed.geo
26041,PropBrannComputerV15,prop_brann_computer_v15.geo
26042,PropBrannComputerV15Destroyed,prop_brann_computer_v15_destroyed.geo
26043,PropBrannComputerV16,prop_brann_computer_v16.geo
26044,PropBrannComputerV16Destroyed,prop_brann_computer_v16_destroyed.geo
26045,PropBrannComputerV17,prop_brann_computer_v17.geo
26046,PropBrannComputerV17Destroyed,prop_brann_computer_v17_destroyed.geo
26047,PropBrannMissilerackV01,prop_brann_missilerack_v01.geo
26048,PropBrannMissilerackV01Destroyed,prop_brann_missilerack_v01_destroyed.geo
26049,PropBrannMissilerackV02,prop_brann_missilerack_v02.geo
26050,PropBrannMissilerackV02Destroyed,prop_brann_missilerack_v02_destroyed.geo
26051,PropBrannMonitorV04,prop_brann_monitor_v04.geo
26052,PropBrannMonitorV04Destroyed,prop_brann_monitor_v04_destroyed.geo
26053,PropBrannPedestalV01,prop_brann_pedestal_v01.geo
26054,PropBrannPedestalV01Destroyed,prop_brann_pedestal_v01_destroyed.geo
26055,PropBrannWeaponrackV01,prop_brann_weaponrack_v01.geo
26056,PropBrannWeaponrackV01Destroyed,prop_brann_weaponrack_v01_destroyed.geo
26057,PropBrannWeaponrackV02,prop_brann_weaponrack_v02.geo
26058,PropBrannWeaponrackV02Destroyed,prop_brann_weaponrack_v02_destroyed.geo
26059,PropBrannBedV02,prop_brann_bed_v02.geo
26060,PropBrannBedV02Destroyed,prop_brann_bed_v02_destroyed.geo
26061,PropBrannCabinetV01,prop_brann_cabinet_v01.geo
26062,PropBrannCabinetV01Destroyed,prop_brann_cabinet_v01_destroyed.geo
26063,PropBrannDeskV01,prop_brann_desk_v01.geo
26064,PropBrannDeskV01Destroyed,prop_brann_desk_v01_destroyed.geo
26065,PropBrannHolokioskV01,prop_brann_holokiosk_v01.geo
26066,PropBrannHolokioskV01Destroyed,prop_brann_holokiosk_v01_destroyed.geo
26067,PropBrannLampV01,prop_brann_lamp_v01.geo
26068,PropBrannLampV01Destroyed,prop_brann_lamp_v01_destroyed.geo
26069,PropBrannLockerV01,prop_brann_locker_v01.geo
26070,PropBrannLockerV01Destroyed,prop_brann_locker_v01_destroyed.geo
26071,PropBrannSinkV02,prop_brann_sink_v02.geo
26072,PropBrannSinkV02Destroyed,prop_brann_sink_v02_destroyed.geo
26073,PropBrannStoragerackV01,prop_brann_storagerack_v01.geo
26074,PropBrannStoragerackV01Destroyed,prop_brann_storagerack_v01_destroyed.geo
26075,PropBrannTableV04,prop_brann_table_v04.geo
26076,PropBrannTableV04Destroyed,prop_brann_table_v04_destroyed.geo
26078,PropBrannTrashcanV01Destroyed,prop_brann_trashcan_v01_destroyed.geo
26079,PropBrannTrashcanV02,prop_brann_trashcan_v02.geo
26080,PropBrannTrashcanV02Destroyed,prop_brann_trashcan_v02_destroyed.geo
26082,PropBrannWatertankV01,prop_brann_watertank_v01.geo
26083,PropBrannWatertankV01Destroyed,prop_brann_watertank_v01_destroyed.geo
26084,PropBrannCartV01,prop_brann_cart_v01.geo
26085,PropBrannCartV01Destroyed,prop_brann_cart_v01_destroyed.geo
26086,PropBrannComputerV04,prop_brann_computer_v04.geo
26087,PropBrannComputerV04Destroyed,prop_brann_computer_v04_destroyed.geo
26088,PropBrannComputerV05,prop_brann_computer_v05.geo
26089,PropBrannComputerV05Destroyed,prop_brann_computer_v05_destroyed.geo
26090,PropBrannComputerV06,prop_brann_computer_v06.geo
26091,PropBrannComputerV06Destroyed,prop_brann_computer_v06_destroyed.geo
26092,PropBrannComputerV07,prop_brann_computer_v07.geo
26093,PropBrannComputerV07Destroyed,prop_brann_computer_v07_destroyed.geo
26094,PropBrannComputerV08,prop_brann_computer_v08.geo
26095,PropBrannComputerV08Destroyed,prop_brann_computer_v08_destroyed.geo
26096,PropBrannComputerV09,prop_brann_computer_v09.geo
26097,PropBrannComputerV09Destroyed,prop_brann_computer_v09_destroyed.geo
26098,PropBrannComputerV10Destroyed,prop_brann_computer_v10_destroyed.geo
26099,PropBrannComputerV10,prop_brann_computer_v10.geo
26100,PropBrannContainmentunitV01,prop_brann_containmentunit_v01.geo
26101,PropBrannContainmentunitV01Destroyed,prop_brann_containmentunit_v01_destroyed.geo
26102,PropBrannMicroscopeV01,prop_brann_microscope_v01.geo
26103,PropBrannMicroscopeV01Destroyed,prop_brann_microscope_v01_destroyed.geo
26104,PropBrannCartV02,prop_brann_cart_v02.geo
26105,PropBrannCartV02Destroyed,prop_brann_cart_v02_destroyed.geo
26106,PropBrannCartV03,prop_brann_cart_v03.geo
26107,PropBrannCartV03Destroyed,prop_brann_cart_v03_destroyed.geo
26108,PropBrannDrillingmachineV01,prop_brann_drillingmachine_v01.geo
26109,PropBrannJackhammerV01,prop_brann_jackhammer_v01.geo
26110,PropBrannJackhammerV01Destroyed,prop_brann_jackhammer_v01_destroyed.geo
26111,PropBrannTelescopeV01,prop_brann_telescope_v01.geo
26112,PropBrannTelescopeV01Destroyed,prop_brann_telescope_v01_destroyed.geo
26113,PropBrannTrashV01,prop_brann_trash_v01.geo
26114,PropBrannTrashV02,prop_brann_trash_v02.geo
26115,PropBrannTrashV03,prop_brann_trash_v03.geo
26116,PropBrannTrashV04,prop_brann_trash_v04.geo
26117,PropBrannTrashV05,prop_brann_trash_v05.geo
26118,PropAttaEggclusterV01DestroyedSmall,prop_atta_eggcluster_v01_destroyed_small.geo
26119,PropAttaEggclusterV02DestroyedSmall,prop_atta_eggcluster_v02_destroyed_small.geo
26120,UsableTreasureDispCocoonedCorpseV02,prop_atta_cocooned_corpse_v02.geo
26121,UsableTreasureDispCocoonedCorpseV03,prop_atta_cocooned_corpse_v03.geo
26122,PropBrannTrashcanV01,prop_brann_trashcan_v01.geo
26125,ArchElohLogosSignShield,arch_eloh_logos_sign_shield.geo
26126,UsableItemDispElohLogosShieldV01,arch_eloh_logos_shield_v01.geo
26127,UseableDoorBaneIndustrialTunnelEntranceV01_DONOTUSE,arch_bane_industrial_tunnel_entrance_door_v01.geo
26128,UsableDoorBaneIndustrialTunnelEntranceV01,arch_bane_industrial_tunnel_entrance_door_v01.geo
26129,ArchHumBaseHolosignAbyssalShelf,prop_hum_sign_holo_v116.geo
26130,ArchHumBaseHolosignAntaeusHollow,prop_hum_sign_holo_v70.geo
26131,ArchHumBaseHolosignAshoka,prop_hum_sign_holo_v134.geo
26132,ArchHumBaseHolosignBoneyard,prop_hum_sign_holo_v136.geo
26133,ArchHumBaseHolosignBrimstoneFalls,prop_hum_sign_holo_v97.geo
26134,ArchHumBaseHolosignCampCato,prop_hum_sign_holo_v130.geo
26135,ArchHumBaseHolosignCharonPost,prop_hum_sign_holo_v96.geo
26136,ArchHumBaseHolosignCID,prop_hum_sign_holo_v119.geo
26137,ArchHumBaseHolosignDeadZonePower,prop_hum_sign_holo_v43.geo
26138,ArchHumBaseHolosignDevilsCauldron,prop_hum_sign_holo_v118.geo
26139,ArchHumBaseHolosignDiaMoroyo,prop_hum_sign_holo_v127.geo
26140,ArchHumBaseHolosignDiaUyona,prop_hum_sign_holo_v129.geo
26141,ArchHumBaseHolosignDiaYul,prop_hum_sign_holo_v128.geo
26142,ArchHumBaseHolosignFortuna,prop_hum_sign_holo_v66.geo
26143,ArchHumBaseHolosignFortVirgil,prop_hum_sign_holo_v68.geo
26144,ArchHumBaseHolosignGangusOutpost,prop_hum_sign_holo_v42.geo
26145,ArchHumBaseHolosignGangusSupply,prop_hum_sign_holo_v125.geo
26146,ArchHumBaseHolosignLightning,prop_hum_sign_holo_v132.geo
26147,ArchHumBaseHolosignMalDys,prop_hum_sign_holo_v131.geo
26148,ArchHumBaseHolosignMaunaBarrens,prop_hum_sign_holo_v137.geo
26149,ArchHumBaseHolosignOutpostInferno,prop_hum_sign_holo_v67.geo
26150,ArchHumBaseHolosignPolyphemus,prop_hum_sign_holo_v126.geo
26151,ArchHumBaseHolosignRuinsOfTampeii,prop_hum_sign_holo_v99.geo
26152,ArchHumBaseHolosignSection1,prop_hum_sign_holo_v121.geo
26153,ArchHumBaseHolosignSection2,prop_hum_sign_holo_v122.geo
26154,ArchHumBaseHolosignSection3,prop_hum_sign_holo_v123.geo
26155,ArchHumBaseHolosignSection4,prop_hum_sign_holo_v124.geo
26156,ArchHumBaseHolosignSection5,prop_hum_sign_holo_v133.geo
26157,ArchHumBaseHolosignSerratedSteps,prop_hum_sign_holo_v69.geo
26158,ArchHumBaseHolosignStyxCavern,prop_hum_sign_holo_v117.geo
26159,ArchHumBaseHolosignTantalusBase,prop_hum_sign_holo_v98.geo
26160,ArchHumBaseHolosignTantalusCommand,prop_hum_sign_holo_v120.geo
26161,ArchHumBaseHolosignWhiteOasis,prop_hum_sign_holo_v135.geo
26162,ArchHumBaseHolosignFortDefianceDestroyed,prop_hum_sign_holo_v48_destroyed.geo
26163,ArchHumBaseHolosignPinnacleDestroyed,prop_hum_sign_holo_v50_destroyed.geo
26164,ArchHumBaseHolosignWedgeRockDestroyed,prop_hum_sign_holo_v51_destroyed.geo
26165,ArchHumBaseHolosignVelonDasDestroyed,prop_hum_sign_holo_v56_destroyed.geo
26166,UsableInertDestAttaBlobV01,prop_atta_blob_v01.geo
26203,Component_ArmorDye_Pigment_Magenta,ammo_gas_v01.geo
26204,Component_ArmorDye_Pigment_Cyan,ammo_gas_v01.geo
26205,Component_ArmorDye_Pigment_Yellow,ammo_gas_v01.geo
26206,Component_ArmorDye_Pigment_Black,ammo_gas_v01.geo
26207,Component_ArmorDye_Pigment_White,ammo_gas_v01.geo
26208,Component_ArmorDye_Bonding_Agent,ammo_gas_v01.geo
26209,ArchHumBaseHolosignOutpostInfernoDestroyed,prop_hum_sign_holo_v67_destroyed.geo
26210,ArchHumBaseHolosignSerratedStepsDestroyed,prop_hum_sign_holo_v69_destroyed.geo
26211,ArchHumBaseHolosignMalDysDestroyed,prop_hum_sign_holo_v131_destroyed.geo
26212,ArchHumBaseHolosignMiresDestroyed,prop_hum_sign_holo_v73_destroyed.geo
26213,ArchHumBaseHolosignIrendasDestroyed,prop_hum_sign_holo_v75_destroyed.geo
26214,ArchHumBaseHolosignSupportDestroyed,prop_hum_sign_holo_v76_destroyed.geo
26215,ArchHumBaseHolosignMtHellasDestroyed,prop_hum_sign_holo_v79_destroyed.geo
26216,ArchHumBaseHolosignEirCraterDestroyed,prop_hum_sign_holo_v80_destroyed.geo
26217,ArchHumBaseHolosignInfensusDestroyed,prop_hum_sign_holo_v83_destroyed.geo
26220,ArchHumBaseHolosignLightningDestroyed,prop_hum_sign_holo_v132_destroyed.geo
26221,ArchHumBaseHolosignCharonPostDestroyed,prop_hum_sign_holo_v96_destroyed.geo
26222,ArchHumBaseHolosignTantalusBaseDestroyed,prop_hum_sign_holo_v98_destroyed.geo
26223,ArchHumBaseHolosignStyxCavernDestroyed,prop_hum_sign_holo_v117_destroyed.geo
26224,ArchHumBaseHolosignStaalDetentionDestroyed,prop_hum_sign_holo_v109_destroyed.geo
26227,UsableTreasureDispCocoonedCorpseV04,prop_atta_cocooned_corpse_v04.geo
26229,UsableTreasureDispCocoonedCorpseV05,prop_atta_cocooned_corpse_v05.geo
26231,UsableTwoStateBaneConveyorProcessorFluxiteV01,arch_bane_conveyor_processor_fluxite_v01.geo
26232,UsableControlPointWardenbotComputerV01,prop_wardenbot_computer_controlpoint_v01.geo
26233,ArchBaneIndustrialChunnelOreChamberV01,arch_bane_industrial_chunnel_ore_chamber_v01.geo
26234,UsableTwoStateBaneConveyorFluxiteOrePrepV01,arch_bane_conveyor_fluxite_ore_prep_v01.geo
26352,ArchHumBaseFloor83x72mV01,arch_hum_fort_floor_83x72m_v01.geo
26353,NPC_Bane_Thrax_Technician_Boss,creature_thrax_technician_v01.geo
26355,ArchHumPenumbraWall64V01,arch_hum_penumbra_wall_64m_v01.geo
26356,ArchHumPenumbraWallDoor64V01,arch_hum_penumbra_wall_door_64m_v01.geo
26357,Mis_Howling_Strider_Stage_Bomb,prop_hum_bomb_v01.geo
26373,VfxWaterDrips4m4mV01,vfx_water_drips_4m_4m_v01.geo
26374,VfxWaterLeakV02_14m,vfx_water_leak_v02_14m.geo
26375,VfxWaterLeakV02_Splash,vfx_water_leak_splash_v01.geo
26376,VfxWaterPipeGush05mV01,vfx_water_pipe_gush_05m_v01.geo
26377,VfxWaterPipeGush2mV01,vfx_water_pipe_gush_2m_v01.geo
26378,VfxWaterPipeGush4mV01,vfx_water_pipe_gush_4m_v01.geo
26379,VfxWaterPipeGushSplashV01,vfx_water_pipe_gush_splash_v01.geo
26384,Mis_Howling_Electrician_Chip,item_bio_organ_bane_v01.geo
26385,ArchHumCorrRoomStraightHole64mV01,arch_hum_corr_room_straighthole_64m_v02.geo
26393,ArchBrannHarvestorV01Destroyed,arch_brann_harvester_v01_destroyed.geo
26395,NPC_Prison_Bot_Warden,creature_arieki_bot_warden_v01.geo
26396,NPC_Prison_Bot_Warden_Boss,creature_arieki_bot_warden_v01.geo
26397,UsableStatelessNPCMaleGuard,ambient_m_guard_rifle_v01.geo
26398,Mis_Howling_Cure_Datapad,item_datablock_hum.geo
26399,ArchElohObeliskV05,arch_eloh_obelisk_v05.geo
26400,MisJunkyardItemBaneBladekey,item_datablade_bane.geo
26401,MisJunkyardItemDolomiteBlock,item_bag_bane_v02.geo
26402,Mis_Howling_Surgical_Flare,prop_hum_light_flare_white.geo
26406,UsableInertDestHumPenumbraThraxMachinaTankV01,arch_hum_penumbra_bane_machina_pod_v01.geo
26407,ArchHumBaseHolosignSubstationE104,prop_hum_sign_holo_v138.geo
26408,ArchHumBaseHolosignOrsaGarrison,prop_hum_sign_holo_v139.geo
26409,ArchHumBaseHolosignFortCondor,prop_hum_sign_holo_v140.geo
26410,ArchHumBaseHolosignBaylorBase,prop_hum_sign_holo_v141.geo
26411,ArchHumBaseHolosignFortIapyx,prop_hum_sign_holo_v142.geo
26412,MisJunkyardItemKalamitReproductiveSack,item_bio_heads_mycon_v01.geo
26413,UsableStatelessNPCFemaleLyingInjuredBed,ambient_f_lying_injured_bed_uncovered_v01.geo
26415,MisJunkyardItemEnergyMatrix,item_canister_hum_v01.geo
26417,UsableStatelessNPCMaleStandingOperatingConsoleV01,ambient_m_standing_console_v01.geo
26420,UsableStatelessHumHospitalBed,prop_hum_hospitalbed_v01.geo
26422,UsableStatelessNPCFemaleStandingOperatingConsoleV01,ambient_f_standing_console_v01.geo
26423,UsableThreeStateAttaQueenControlDeviceV01,creature_atta_queen_control_device_v01.geo
26424,MisJunkyardItemAFSDataCache,item_bag_hum_v02.geo
26425,ArchElohCorridorCouplerV02,arch_eloh_corridor_coupler_v02.geo
26426,ArchHumBaseLightconeAnim_ConstantAlarm,prop_hum_light_rotate_v01.geo
26429,VfxForeasWaterSteam8x2,vfx_env_steam_8m_2m_v01.geo
26430,VfxForeasWaterSteam8x8,vfx_env_steam_8m_8m_v01.geo
26431,VfxForeasWaterSteam16x16,vfx_env_steam_16m_16m_v01.geo
26436,UsableTwoStateBaneMachinaFactoryDoorV01,arch_bane_machina_doors.geo
26437,MisJunkyardItemPlasmapowerconverter,item_canister_bane_v02.geo
26438,MisJunkyardItemBaneLockboxkeycard,item_datablade_bane.geo
26439,UsableTwoStateHumAlarmLightV01,prop_hum_light_alarm_v01.geo
26452,UsableTwoStateBaneDropshipBay,arch_bane_dropship_bay_v01.geo
26453,ArchBaneGenObjPipeV03,arch_bane_gen_obj_pipe_v03.geo
26454,ArchBaneGenObjPipeV04,arch_bane_gen_obj_pipe_v04.geo
26455,UsableTwoStateHumDropshipBeamBaneBay,vehicle_hum_dropship_bane_tunnel_beam_v01.geo
26456,UsableTwoStateBaneDropshipBayDropship,vehicle_bane_dropship_tunnel_v01.geo
26457,UsableCrSpawnerBaneMachinaCartridgeV02,arch_bane_machina_cartridge.geo
26458,UsableInertDestBaneCentralLabTowerCanisters,prop_bane_central_lab_tower_canisters.geo
26459,MisBCFBombs,prop_hum_bomb_v01.geo
26461,Mis_Ashen_BCF_MiscParts,item_canister_bane_v01.geo
26462,Mis_Ashen_BCF_BioMaterial,item_canister_bane_v01.geo
26464,Mis_Descent_Refuge_Bomb,item_crate_bane_v01.geo
26465,Mis_Descent_Refuge_Parts,item_crate_bane_v01.geo
26469,MisThunderheadE104Supplies,item_bag_hum_v01.geo
26472,MisThunderheadItemSurveillancedataL,item_bag_hum_v01.geo
26473,MisThunderheadItemSurveillancedataM,item_bag_hum_v02.geo
26474,MisThunderheadItemSurveillancedataN,item_bag_hum_v01.geo
26475,MisThunderheadItemSurveillancedataO,item_bag_hum_v01.geo
26476,MisThunderheadItemSurveillanceblank,item_datablock_hum.geo
26477,Mis_Plains_No_Miners_Bomb,prop_hum_bomb_v01.geo
26478,Mis_Plains_Itching_Powder_Bombs,prop_hum_bomb_v01.geo
26479,MisThunderheadTelemetryMatrix,item_datablock_hum.geo
26480,ArchAttaBridgeTowerDebrisv01,arch_atta_bridge_tower_debris_v01.geo
26481,ArchAttaBridgeTowerDebrisv02,arch_atta_bridge_tower_debris_v02.geo
26482,ArchAttaBridgeTowerDebrisv03,arch_atta_bridge_tower_debris_v03.geo
26483,NPC_Holographic_Forean,creature_forean_shaman_hologram_eloh.geo
26484,NPC_Holographic_Human_Female,npc_redshirt_f_physical_rocketlauncher_heavy_hologram_eloh.geo
26485,NPC_Holographic_Human_Male,npc_redshirt_m_electric_rifle_stealth_hologram_eloh.geo
26486,UsableControlPointPhiResonatorV01,prop_eloh_phiresonator_v01.geo
26487,TerraAriekiCavernRockyInstance01,terra_arieki_cavern_rocky_instance_01.geo
26488,MisThunderheadItemMaleattagland,item_bio_organ_warnet_v01.geo
26489,ArchWardenbotCorridorDoor018mV01,arch_wardenbot_corridor_door_01_8m_v01.geo
26493,UsableDoorWardenbotCorridorEntranceV02,arch_wardenbot_corridor_door_01_8m_v01.geo
26494,ArchWardenbotCorridorEndcap018mV04,arch_wardenbot_corridor_endcap_01_8m_v04.geo
26497,ArchWardenbotCorridorDoor018mV01Instance,arch_wardenbot_corridor_doorjamb_01_8m_instance_v01.geo
26498,UsableTwoStateHumComputerDellXpsNotebookV01,prop_hum_computer_dell_xps_notebook_v01.geo
26499,PropHumComputerDellXpsNotebookV02,prop_hum_computer_dell_xps_notebook_v02.geo
26500,UsableTwoStateHumComputerDellXpsTowerV01,prop_hum_computer_dell_xps_tower_v01.geo
26501,PropHumComputerDellXpsTowerV02,prop_hum_computer_dell_xps_tower_v02.geo
26503,ArchHumBaseHolosignExit,prop_hum_sign_holo_v143.geo
26504,ArchHumBaseHolosignDorm,prop_hum_sign_holo_v144.geo
26505,ArchHumBaseHolosignDormA,prop_hum_sign_holo_v145.geo
26506,ArchHumBaseHolosignDormB,prop_hum_sign_holo_v146.geo
26507,ArchHumBaseHolosignPhanin,prop_hum_sign_holo_v147.geo
26509,PropWardenBotBarricade16mV01,prop_wardenbot_barricade_16m_v01.geo
26510,PropWardenBotBarricade16mV02,prop_wardenbot_barricade_16m_v02.geo
26511,PropWardenBotBarricade4mV01,prop_wardenbot_barricade_4m_v01.geo
26512,PropWardenBotBarricade4mV02,prop_wardenbot_barricade_4m_v02.geo
26513,PropWardenBotBarricade8mV01,prop_wardenbot_barricade_8m_v01.geo
26514,PropWardenBotBarricade8mV02,prop_wardenbot_barricade_8m_v02.geo
26516,Mis_Incline_Atta_Pheromone_Bait,item_canister_hum_v01.geo
26517,UsableCrSpawnerDestWardenbotV01,prop_wardenbot_generator_v01.geo
26518,UsableCrSpawnerDestWardenbotV02,prop_wardenbot_generator_v02.geo
26522,UsableItemDispElohLogosTeleportV01,arch_eloh_logos_teleport_v01.geo
26523,UsableItemDispElohLogosNearV01,arch_eloh_logos_near_v01.geo
26525,UsableItemDispElohLogosAddV01,arch_eloh_logos_add_v01.geo
26532,ArchElohDoorJambUnlocked,arch_eloh_door_v01_unlocked.geo
26533,PropHumDeskV01,prop_hum_desk_v01.geo
26534,PropHumDeskV02,prop_hum_desk_v02.geo
26537,Consumable_Bomb_EMP_02_10,prop_hum_bomb_v02_horiz.geo
26538,Consumable_Bomb_EMP_03_15,prop_hum_bomb_v02_horiz.geo
26539,Consumable_Bomb_EMP_04_20,prop_hum_bomb_v02_horiz.geo
26540,Consumable_Bomb_EMP_05_25,prop_hum_bomb_v02_horiz.geo
26541,Consumable_Bomb_EMP_06_30,prop_hum_bomb_v02_horiz.geo
26542,Consumable_Bomb_EMP_07_35,prop_hum_bomb_v02_horiz.geo
26543,Consumable_Bomb_EMP_08_40,prop_hum_bomb_v02_horiz.geo
26544,Consumable_Bomb_EMP_09_45,prop_hum_bomb_v02_horiz.geo
26545,Consumable_Bomb_EMP_10_50,prop_hum_bomb_v02_horiz.geo
26546,PropWardenbotCrateV02,prop_wardenbot_crate_v02.geo
26548,TestTargetDummy,creature_bane_hunter_v01.geo
26549,ArchElohCorridorCouplerV01Unlocked,arch_eloh_corridor_coupler_v01_unlocked.geo
26550,ArchWardenbotPipesetRamp01V01,arch_wardenbot_pipeset_ramp_01_v01.geo
26551,ArchWardenbotPipesetRamp02V01,arch_wardenbot_pipeset_ramp_02_v01.geo
26552,ArchWardenbotPipesetElbow9001V02,arch_wardenbot_pipeset_elbow_90_01_v02.geo
26554,ArchWardenbotPipesetElbow9001V01,arch_wardenbot_pipeset_elbow_90_01_v01.geo
26555,ArchWardenbotPipesetStraight32m01V01,arch_wardenbot_pipeset_straight_32m_01_v01.geo
26556,ArchWardenbotPipesetStraight24m01V01,arch_wardenbot_pipeset_straight_24m_01_v01.geo
26557,ArchWardenbotPipesetStraight16m01V01,arch_wardenbot_pipeset_straight_16m_01_v01.geo
26558,ArchWardenbotPipesetStraight8m01V02,arch_wardenbot_pipeset_straight_8m_01_v02.geo
26559,ArchWardenbotPipesetStraight8m01V01,arch_wardenbot_pipeset_straight_8m_01_v01.geo
26560,ArchWardenbotPipesetStraight4m02V01,arch_wardenbot_pipeset_straight_4m_02_v01.geo
26561,ArchWardenbotPipesetStraight4m01V01,arch_wardenbot_pipeset_straight_4m_01_v01.geo
26562,PropBaneCartFluxiteV02,prop_bane_cart_fluxite_v02.geo
26563,TerraAriekiBarnacleNolightV01,terra_arieki_barnacle_nolight_v01.geo
26564,TerraAriekiBarnacleNolightV02,terra_arieki_barnacle_nolight_v02.geo
26565,TerraAriekiBarnacleNolightV03,terra_arieki_barnacle_nolight_v03.geo
26566,PropWardenbotColumnV01,prop_wardenbot_column_v01.geo
26570,ArchMutalisBuildingV01,arch_mutalis_building_01_v01.geo
26571,PropWardenbotTrashV01,prop_wardenbot_trash_v01.geo
26572,PropWardenbotTrashV02,prop_wardenbot_trash_v02.geo
26573,PropWardenbotTrashV03,prop_wardenbot_trash_v03.geo
26574,PropWardenbotTrashV04,prop_wardenbot_trash_v04.geo
26575,PropWardenbotTrashV05,prop_wardenbot_trash_v05.geo
26576,VfxAriekiLavabubblesV01,vfx_env_arieki_lava_bubble_v01.geo
26577,UsableTwoStateWardenbotKeypassScannerV01,prop_wardenbot_keycard_scanner_v01.geo
26578,UsableTwoStateWardenbotGenericSwitchV01,prop_wardenbot_switch_v02.geo
26579,UsableStatelessWardenbotGenericSwitchV01,prop_wardenbot_switch_v01.geo
26580,UsableTreasureDispWardenbotCrateV01,prop_wardenbot_storage_crate_v01.geo
26581,UsableTreasureDispWardenbotCrateV02,prop_wardenbot_crate_storage_v02.geo
26582,Ability_Carpet_Bomb_Beacon,vfx_ability_fire_support_object_geo.geo
26583,PropWardenbotEquipmentV01,prop_wardenbot_equipment_v01.geo
26584,PropWardenbotComputerV02,prop_wardenbot_computer_v02.geo
26585,TerraForeasValRockMed02V01,terra_foreas_val_rock_med02_v01.geo
26586,TerraForeasValRockMed02V02,terra_foreas_val_rock_med02_v02.geo
26587,TerraForeasValRockMed02V03,terra_foreas_val_rock_med02_v03.geo
26588,TerraForeasValRockMed02V04,terra_foreas_val_rock_med02_v04.geo
26589,TerraForeasValRockMed02V05,terra_foreas_val_rock_med02_v05.geo
26590,UsableInertDestBrannDoorV01,arch_brann_corridor_door_01_4m_destroyable.geo
26591,PropWardenbotBarrelV01,prop_wardenbot_barrel_v01.geo
26592,PropWardenbotBarrelV02,prop_wardenbot_barrel_v02.geo
26593,Mis_Howling_Taking_Striders_Keys,item_keycard_bane_gen.geo
26594,CP_Token_Abyss_CP01_Assault,ammo_gas_v01.geo
26595,CP_Token_Abyss_CP02_Assault,ammo_gas_v01.geo
26596,CP_Token_Plate_CP01_Assault,ammo_gas_v01.geo
26597,CP_Token_Plate_CP02_Assault,ammo_gas_v01.geo
26598,CP_Token_Plate_CP03_Assault,ammo_gas_v01.geo
26599,CP_Token_Plate_CP04_Assault,ammo_gas_v01.geo
26600,CP_Token_Pools_CP01_Assault,ammo_gas_v01.geo
26601,CP_Token_Pools_CP02_Assault,ammo_gas_v01.geo
26602,CP_Token_Pools_CP03_Assault,ammo_gas_v01.geo
26603,CP_Token_Marsh_CP01_Assault,ammo_gas_v01.geo
26604,CP_Token_Marsh_CP02_Assault,ammo_gas_v01.geo
26605,CP_Token_Desce_CP01_Assault,ammo_gas_v01.geo
26606,CP_Token_Desce_CP02_Assault,ammo_gas_v01.geo
26607,CP_Token_Desce_CP03_Assault,ammo_gas_v01.geo
26608,CP_Token_Desce_CP04_Assault,ammo_gas_v01.geo
26609,CP_Token_Howli_CP01_Assault,ammo_gas_v01.geo
26610,CP_Token_Howli_CP02_Assault,ammo_gas_v01.geo
26611,CP_Token_Howli_CP03_Assault,ammo_gas_v01.geo
26612,CP_Token_Cruci_CP01_Assault,ammo_gas_v01.geo
26613,CP_Token_Cruci_CP02_Assault,ammo_gas_v01.geo
26614,CP_Token_Ashen_CP01_Assault,ammo_gas_v01.geo
26615,CP_Token_Ashen_CP02_Assault,ammo_gas_v01.geo
26616,CP_Token_Thund_CP01_Assault,ammo_gas_v01.geo
26617,CP_Token_Thund_CP02_Assault,ammo_gas_v01.geo
26618,CP_Token_Thund_CP03_Assault,ammo_gas_v01.geo
26619,CP_Token_Thund_CP04_Assault,ammo_gas_v01.geo
26620,CP_Token_Abyss_CP01_Defense,ammo_gas_v01.geo
26621,CP_Token_Abyss_CP02_Defense,ammo_gas_v01.geo
26622,CP_Token_Plate_CP01_Defense,ammo_gas_v01.geo
26623,CP_Token_Plate_CP02_Defense,ammo_gas_v01.geo
26624,CP_Token_Plate_CP03_Defense,ammo_gas_v01.geo
26625,CP_Token_Plate_CP04_Defense,ammo_gas_v01.geo
26626,CP_Token_Pools_CP01_Defense,ammo_gas_v01.geo
26627,CP_Token_Pools_CP02_Defense,ammo_gas_v01.geo
26628,CP_Token_Pools_CP03_Defense,ammo_gas_v01.geo
26629,CP_Token_Marsh_CP01_Defense,ammo_gas_v01.geo
26630,CP_Token_Marsh_CP02_Defense,ammo_gas_v01.geo
26631,CP_Token_Desce_CP01_Defense,ammo_gas_v01.geo
26632,CP_Token_Desce_CP02_Defense,ammo_gas_v01.geo
26633,CP_Token_Desce_CP03_Defense,ammo_gas_v01.geo
26634,CP_Token_Desce_CP04_Defense,ammo_gas_v01.geo
26635,CP_Token_Howli_CP01_Defense,ammo_gas_v01.geo
26636,CP_Token_Howli_CP02_Defense,ammo_gas_v01.geo
26637,CP_Token_Howli_CP03_Defense,ammo_gas_v01.geo
26638,CP_Token_Cruci_CP01_Defense,ammo_gas_v01.geo
26639,CP_Token_Cruci_CP02_Defense,ammo_gas_v01.geo
26640,CP_Token_Ashen_CP01_Defense,ammo_gas_v01.geo
26641,CP_Token_Ashen_CP02_Defense,ammo_gas_v01.geo
26642,CP_Token_Thund_CP01_Defense,ammo_gas_v01.geo
26643,CP_Token_Thund_CP02_Defense,ammo_gas_v01.geo
26644,CP_Token_Thund_CP03_Defense,ammo_gas_v01.geo
26645,CP_Token_Thund_CP04_Defense,ammo_gas_v01.geo
26647,ArchHumFortWallForeasBaseV01,arch_hum_fort_wall_foreas_base_v02.geo
26648,ArchHumFortCatwalkForeasBaseV01,arch_hum_fort_catwlk_foreas_base_v02.geo
26649,PropHumTavernBottlesV01,prop_hum_tavern_bottles_v01.geo
26650,PropWardenbotCrateV01,prop_wardenbot_crate_v01.geo
26652,UsableTwoStateHumDropshipBeamVertical,vehicle_hum_dropship_v01.geo
26653,VfxGenericSparksLightBlue3m,vfx_generic_sparks_blue_lt_4m.geo
26654,TerraForeasValCliffwall02V01,terra_foreas_val_cliffwall02_v01.geo
26655,TerraForeasValCliffwall02V02,terra_foreas_val_cliffwall02_v02.geo
26656,TerraForeasValCliffwall02V03,terra_foreas_val_cliffwall02_v03.geo
26657,VfxGenericSparksOrange3m,vfx_generic_sparks_orange_4m.geo
26658,VfxGenericSparksRed3m,vfx_generic_sparks_red_4m.geo
26659,VfxGenericSparksYellow3m,vfx_generic_sparks_yellow_4m.geo
26660,VfxGenericSparksWhite3m,vfx_generic_sparks_white_4m.geo
26661,TerraAriekiCavernRockyRoomLavaV01,terra_arieki_cavern_rocky_room_lava_v01.geo
26662,ArchBrannWallStaalDetentionLavaV01,arch_brann_wall_staal_detention_lava_v01.geo
26663,ArchBrannWallStaalDetentionLavaV02,arch_brann_wall_staal_detention_lava_v02.geo
26664,PropHumWeaponScannerBanePistolV01,prop_hum_weapon_scanner_bane_pistol.geo
26665,PropHumWeaponScannerBanePistolV02,prop_hum_weapon_scanner_bane_pistol_v02.geo
26666,PropHumWeaponScannerBaneRifle,prop_hum_weapon_scanner_bane_rifle.geo
26667,PropHumWeaponScannerForeanBow,prop_hum_weapon_scanner_forean_bow.geo
26668,PropHumWeaponScannerForeanGooGun,prop_hum_weapon_scanner_forean_goo.geo
26669,PropHumWeaponScannerBase,prop_hum_weapon_scanner_base.geo
26670,PropHumWeaponScannerBaseProbe,prop_hum_weapon_scanner_probe.geo
26671,ArchBrannPrisonwallStaalFacadeV01,arch_brann_prisonwall_staal_facade_v01.geo
26679,UsableNPCInvisibleHumanoid,npc_invisible_humanoid.geo
26682,SkyAriekiTordenMiresCloudRing,sky_arieki_torden_mires_cloud_ring_v01.geo
26685,ArchForeanVillagePlatform8mRoofV02,arch_forean_village_platform_8m_roof_v02.geo
26686,ArchBrannPrisonwallDestroyedLargeV01,arch_brann_prisonwall_destroyed_large_v01.geo
26687,Weapon_Creature_Forean_Retread_Shotgun,hp_forean_shotgun_physical.geo
26689,ArchBaneOutpostWallMinorEndV03,arch_bane_outpost_wall_minor_end_v03.geo
26690,ArchBaneOutpostWallMinorStraight4mV02,arch_bane_outpost_wall_minor_straight_4m_v02.geo
26691,ArchBrannGenObjSpotlightV03V04,prop_brann_spotlight_v03_v04.geo
26692,ItemElohLogosTeleport,item_crate_hum_v01.geo
26694,PropWardenbotCrateStorageV02,prop_wardenbot_crate_storage_v02.geo
26695,UsableTwoStateWardenbotTeleporter,prop_brann_teleporter_v01.geo
26697,MisLTPItemUnlabledbanekeycard,item_bag_bane_v01.geo
26699,ItemElohLogosAdd,item_crate_hum_v01.geo
26700,ItemElohLogosNear,item_crate_hum_v01.geo
26702,PropHumStageV01,prop_hum_stage_v01.geo
26703,UsableInertDestHumCannisterV01,prop_usable_canister_hum_v01.geo
26704,TEST_Small_Alien,creature_arieki_creepa_v01.geo
26706,NPC_Human_Male_Child,npc_hum_m_young_afs_v01.geo
26707,NPC_Human_Female_Child,npc_hum_f_young_afs_v01.geo
26708,SkyAriekiDefaultSunDisk,sky_arieki_default_sun_disk.geo
26710,PropWardenbotMonitorV01,prop_wardenbot_monitor_v01.geo
26711,ArchHumFortWallThunderheadBaseV01,arch_hum_fort_wall_thunderhead_base_v03.geo
26712,ArchHumFortWallThunderheadBaseV02,arch_hum_fort_wall_thunderhead_base_v04.geo
26713,NPC_Eloh_Hologram_Small,npc_eloh_hologram_v01.geo
26714,UsableTreasureDispHumCrateV04,item_crate_hum_v03.geo
26715,UsableTreasureDispBaneDataBladeV01,item_datablade_bane.geo
26716,UsableNPCInvisibleHumanoid_AttaQueen,npc_invisible_humanoid.geo
26718,ItemElohLogosJump,item_crate_hum_v01.geo
26721,UsableTreasureDispHumCrateV05,item_crate_hum_v02.geo
26722,TEST_human_lightpole_time_of_day,test_prop_hum_highlight_time_of_day.geo
26723,PropWardenbotLightCeilingV01,prop_wardenbot_light_ceiling_v01.geo
26724,FloraMyconMushroom01V01,flora_mycon_mushroom_01_v01.geo
26726,TEST_Weapon_Avatar_Mutalis_Rifle,hp_mutalis_rifle_v01.geo
26727,TEST_Weapon_Avatar_Mutalis_Healing_Disc,hp_mutalis_rifle_holster.geo
26728,TEST_Weapon_Avatar_Mutalis_Shotgun,hp_mutalis_shotgun_v01.geo
26729,TerraMyconRisePetrifiedFungi01V01,terra_mycon_rise_petrified_fungi01_V01.geo
26730,Weapon_Avatar_Pistol_Bane_v01,hp_hum_pistol_laser_thrax_v01.geo
26731,TEST_Weapon_Avatar_Bane_Pistol_v02,hp_hum_pistol_laser_thrax_v02.geo
26732,Weapon_Avatar_Rifle_Bane_v01,hp_hum_rifle_laser_thrax.geo
26733,TEST_Weapon_Avatar_Bane_GrenadeLauncher,hp_hum_grenadelauncher_bane.geo
26734,Weapon_Avatar_Gauntlets_Bane_v01,hp_bane_linker_gauntlet_human_fr.geo
26735,TEST_Weapon_Avatar_Bane_Lightbender_Rifle,hp_lightbender_pistol_human_v02.geo
26736,TEST_Weapon_Avatar_Bane_Forean_Machina_Shotgun,hp_machina_rifle_human_v01.geo
26745,Weapon_Creature_Loper_Spear,hp_loper_spear.geo
26746,ArchMutalisBuildingV02,arch_mutalis_building_01_v02.geo
26748,UsableStatelessNPCMaleBarfight,ambient_m_barfight_resolve.geo
26749,ArchMutalisWalkwaySquareV01,arch_mutalis_walkway_square_v01.geo
26750,ArchMutalisWalkwayStraightV03,arch_mutalis_walkway_straight_01_v03.geo
26753,ArchMutalisWalkwayWideV02,arch_mutalis_walkway_wide_01_v02.geo
26757,ArchMutalisWalkwayCircle16mV01,arch_mutalis_walkway_circle_16m_v01.geo
26758,ArchMutalisWalkwayStraightV05,arch_mutalis_walkway_straight_01_v05.geo
26760,ArchMutalisWalkwayColumnV01,arch_mutalis_column_01_v02.geo
26762,ArchMutalisWalkwayStepsV01,arch_mutalis_walkway_steps_v01.geo
26764,ArchMutalisWalkwayStepsV02,arch_mutalis_walkway_steps_v02.geo
26765,ArchMutalisWalkwayStepsCornerInV01,arch_mutalis_walkway_steps_corner_in_v01.geo
26772,TEST_Weapon_Avatar_Forean_GooGun,hp_hum_googgun_v01.geo
26773,ArchMutalisRubbleV01,arch_mutalis_rubble_01_v01.geo
26774,TEST_Weapon_Avatar_Forean_Spear,hp_hum_staff_forean_v01.geo
26775,ArchMutalisRubbleV03,arch_mutalis_rubble_01_v03.geo
26776,TEST_Weapon_Avatar_Forean_Staff,hp_hum_staff_forean_v02.geo
26777,ArchMutalisWalkwayColumnV02,arch_mutalis_column_01_v01.geo
26778,ArchMutalisWalkwayWideV01,arch_mutalis_walkway_wide_01_v01.geo
26779,ArchMutalisBuildingV03,arch_mutalis_building_01_v03.geo
26780,PropWardenbotLightWallV01,prop_wardenbot_light_wall_v01.geo
26781,FloraMyconMushroom01V02,flora_mycon_mushroom_01_v02.geo
26785,ArchMutalisWalkwayStepsCornerOutV01,arch_mutalis_walkway_steps_corner_out_v01.geo
26786,ArchMutalisWalkwayStepsV03,arch_mutalis_walkway_steps_v03.geo
26791,ArchMutalisBuildingV04,arch_mutalis_building_01_v04.geo
26792,ArchMutalisWalkwayStraightV04,arch_mutalis_walkway_straight_01_v04.geo
26793,ArchMutalisWalkwayWideV03,arch_mutalis_walkway_wide_01_v03.geo
26794,ArchWardenbotPipesetTee01V01,arch_wardenbot_pipeset_tee_01_v01.geo
26799,ArchMutalisWall01V01,arch_mutalis_wall_01_v01.geo
26803,ArchMutalisRubbleV02,arch_mutalis_rubble_01_v02.geo
26814,SkyMyconDefaultClouds,sky_mycon_default_clouds.geo
26815,ArchHumFortAuctionHouseV01,arch_hum_fort_auction_house_v01.geo
26820,ArchBaneOutpostWallMinorCorner120V04,arch_bane_outpost_wall_minor_corner_120_v04.geo
26821,ArchMutalisAquaduct01V01,arch_mutalis_aquaduct_01_v01.geo
26822,ArchMutalisAquaduct01V02,arch_mutalis_aquaduct_01_v02.geo
26823,ArchMutalisTank01V01,arch_mutalis_tank_01_v01.geo
26825,ArchMutalisWall01V02,arch_mutalis_wall_01_v02.geo
26826,ArchMutalisWall01V03,arch_mutalis_wall_01_v03.geo
26827,Mis_Plains_Terminate_GPS,item_datablock_hum.geo
26828,ArchMutalisBridge256m01V01,arch_mutalis_bridge_256m_01_v01.geo
26829,FloraMyconHanna01V01,flora_mycon_hanna01_v01.geo
26830,ArchMutalisFountainV01,arch_mutalis_fountain_01_v01.geo
26831,ArchMutalisFountainV02,arch_mutalis_fountain_01_v02.geo
26832,ArchMutalisFountainV03,arch_mutalis_fountain_01_v03.geo
26833,NPC_Forean_Unarmed,creature_forean_warrior_v03.geo
26834,Redshirt_Forean_Unarmed,creature_forean_warrior_v03.geo
26835,ItemElohLogosAppearance,item_crate_hum_v01.geo
26836,ItemElohLogosFunction,item_crate_hum_v01.geo
26837,ItemElohLogosLightness,item_crate_hum_v01.geo
26838,VfxFire2mx2mBlue,vfx_generic_fire_2m_blue.geo
26845,VfxSteamThermalVent20mx100m,vfx_env_thermal_vent_steam_20x100.geo
26846,UsableTwoStateWardenbotKeypassScannerV02,prop_wardenbot_keycard_scanner_v02.geo
26847,ArchMutalisWall01V04,arch_mutalis_wall_01_v04.geo
26848,ArchMutalisWall01V05,arch_mutalis_wall_01_v05.geo
26849,VfxSteamThermalVent20mx20m,vfx_env_thermal_vent_steam_20x20.geo
26850,VfxSteamThermalVent20mx50m,vfx_env_thermal_vent_steam_20x50.geo
26851,FloraMyconAvisn01V02,flora_mycon_avisn01_v02.geo
26852,FloraMyconAvisn01V03,flora_mycon_avisn01_v03.geo
26853,FloraMyconFerdenan01V01,flora_mycon_ferdenan01_v01.geo
26854,FloraMyconPinkus01V01,flora_mycon_pinkus01_v01.geo
26855,ArchMutalisBuildingV05,arch_mutalis_building_01_v05.geo
26856,FloraMyconAvisn01V01,flora_mycon_avisn01_v01.geo
26857,FloraMyconKumin01V01,flora_mycon_kumin01_v01.geo
26858,ArchMutalisObeliskV01,arch_mutalis_obelisk_01_v01.geo
26862,FloraMyconEtherialblossomV01,flora_mycon_etherialblossom_v01.geo
26864,TerraMyconRisePetrifiedFungi01V02,terra_mycon_rise_petrified_fungi01_v02.geo
26865,TerraMyconRisePetrifiedFungi01V03,terra_mycon_rise_petrified_fungi01_v03.geo
26866,FloraMyconVine01V01,flora_mycon_vine01_v01.geo
26867,FloraMyconVine01V02,flora_mycon_vine01_v02.geo
26868,NPC_Human_Military_Surplus,avatar_hum_m_nude_caucasian_v01.geo
26869,ArchElohDoorSymbolEmptyCap,arch_eloh_door_symbol_cap_v01.geo
26870,ArchMutalisHyphaeForumEntranceV01,arch_mutalis_building_hyphea_01_v01.geo
26885,TerraForeasRockSmall07Hiply,terra_foreas_rock_small07_hiply.geo
26886,TerraMyconRisePetrifiedFungi01V04,terra_mycon_rise_petrified_fungi01_v04.geo
26887,Mis_FaultLever_Eloh_Bomb,prop_hum_bomb_v01.geo
26888,ArchElohLogosSignFunction,arch_eloh_logos_sign_function.geo
26889,FloraMyconLightScroteV01,flora_mycon_light_scrote.geo
26892,PAU_Vehicle_AFS_MECH,creature_human_mech_v01.geo
26893,PAU_TEST_Crab,human_pau_crab_v01.geo
26894,PAU_TEST_Shiva,vfx_ability_pau_shiva_v01.geo
26895,FloraMyconZeek02V01,flora_mycon_zeek02_v01.geo
26896,Weapon_Avatar_Blade_Electric_UNC_30_to_30,hp_hum_sword_electric_v01.geo
26897,Weapon_Avatar_Blade_Electric_UNC_31_to_35,hp_hum_sword_electric_v01.geo
26898,Weapon_Avatar_Blade_Electric_UNC_36_to_40,hp_hum_sword_electric_v01.geo
26899,Weapon_Avatar_Blade_Electric_UNC_41_to_45,hp_hum_sword_electric_v01.geo
26900,Weapon_Avatar_Blade_Electric_UNC_46_to_49,hp_hum_sword_electric_v01.geo
26901,Weapon_Avatar_Blade_Electric_UNC_50_to_50,hp_hum_sword_electric_v01.geo
26902,Weapon_Avatar_Blade_Fire_UNC_30_to_30,hp_hum_sword_fire_v01.geo
26903,Weapon_Avatar_Blade_Fire_UNC_31_to_35,hp_hum_sword_fire_v01.geo
26904,Weapon_Avatar_Blade_Fire_UNC_36_to_40,hp_hum_sword_fire_v01.geo
26905,Weapon_Avatar_Blade_Fire_UNC_41_to_45,hp_hum_sword_fire_v01.geo
26906,Weapon_Avatar_Blade_Fire_UNC_46_to_49,hp_hum_sword_fire_v01.geo
26907,Weapon_Avatar_Blade_Fire_UNC_50_to_50,hp_hum_sword_fire_v01.geo
26908,Weapon_Avatar_Blade_Ice_UNC_30_to_30,hp_hum_sword_ice_v01.geo
26909,Weapon_Avatar_Blade_Ice_UNC_31_to_35,hp_hum_sword_ice_v01.geo
26910,Weapon_Avatar_Blade_Ice_UNC_36_to_40,hp_hum_sword_ice_v01.geo
26911,Weapon_Avatar_Blade_Ice_UNC_41_to_45,hp_hum_sword_ice_v01.geo
26912,Weapon_Avatar_Blade_Ice_UNC_46_to_49,hp_hum_sword_ice_v01.geo
26913,Weapon_Avatar_Blade_Ice_UNC_50_to_50,hp_hum_sword_ice_v01.geo
26914,Weapon_Avatar_Blade_Laser_UNC_30_to_30,hp_hum_sword_laser_v01.geo
26915,Weapon_Avatar_Blade_Laser_UNC_31_to_35,hp_hum_sword_laser_v01.geo
26916,Weapon_Avatar_Blade_Laser_UNC_36_to_40,hp_hum_sword_laser_v01.geo
26917,Weapon_Avatar_Blade_Laser_UNC_41_to_45,hp_hum_sword_laser_v01.geo
26918,Weapon_Avatar_Blade_Laser_UNC_46_to_49,hp_hum_sword_laser_v01.geo
26919,Weapon_Avatar_Blade_Laser_UNC_50_to_50,hp_hum_sword_laser_v01.geo
26920,Weapon_Avatar_Blade_Physical_UNC_30_to_30,hp_hum_sword_v01.geo
26921,Weapon_Avatar_Blade_Physical_UNC_31_to_35,hp_hum_sword_v01.geo
26922,Weapon_Avatar_Blade_Physical_UNC_36_to_40,hp_hum_sword_v01.geo
26923,Weapon_Avatar_Blade_Physical_UNC_41_to_45,hp_hum_sword_v01.geo
26924,Weapon_Avatar_Blade_Physical_UNC_46_to_49,hp_hum_sword_v01.geo
26925,Weapon_Avatar_Blade_Physical_UNC_50_to_50,hp_hum_sword_v01.geo
26926,Weapon_Avatar_GrenadeLauncher_EMP_UNC_15_to_19,hp_hum_grenadelauncher_emp_v01.geo
26927,Weapon_Avatar_GrenadeLauncher_EMP_UNC_20_to_24,hp_hum_grenadelauncher_emp_v01.geo
26928,Weapon_Avatar_GrenadeLauncher_EMP_UNC_25_to_29,hp_hum_grenadelauncher_emp_v01.geo
26929,Weapon_Avatar_GrenadeLauncher_EMP_UNC_30_to_34,hp_hum_grenadelauncher_emp_v01.geo
26930,Weapon_Avatar_GrenadeLauncher_EMP_UNC_35_to_39,hp_hum_grenadelauncher_emp_v01.geo
26931,Weapon_Avatar_GrenadeLauncher_EMP_UNC_40_to_44,hp_hum_grenadelauncher_emp_v01.geo
26932,Weapon_Avatar_GrenadeLauncher_EMP_UNC_45_to_49,hp_hum_grenadelauncher_emp_v01.geo
26933,Weapon_Avatar_GrenadeLauncher_EMP_UNC_50_to_50,hp_hum_grenadelauncher_emp_v01.geo
26934,Weapon_Avatar_GrenadeLauncher_Fire_UNC_20_to_24,hp_hum_grenadelauncher_fire.geo
26935,Weapon_Avatar_GrenadeLauncher_Fire_UNC_25_to_29,hp_hum_grenadelauncher_fire.geo
26936,Weapon_Avatar_GrenadeLauncher_Fire_UNC_30_to_34,hp_hum_grenadelauncher_fire.geo
26937,Weapon_Avatar_GrenadeLauncher_Fire_UNC_35_to_39,hp_hum_grenadelauncher_fire.geo
26938,Weapon_Avatar_GrenadeLauncher_Fire_UNC_40_to_44,hp_hum_grenadelauncher_fire.geo
26939,Weapon_Avatar_GrenadeLauncher_Fire_UNC_45_to_49,hp_hum_grenadelauncher_fire.geo
26940,Weapon_Avatar_GrenadeLauncher_Fire_UNC_50_to_50,hp_hum_grenadelauncher_fire.geo
26941,Weapon_Avatar_GrenadeLauncher_Ice_UNC_20_to_24,hp_hum_grenadelauncher_ice.geo
26942,Weapon_Avatar_GrenadeLauncher_Ice_UNC_25_to_29,hp_hum_grenadelauncher_ice.geo
26943,Weapon_Avatar_GrenadeLauncher_Ice_UNC_30_to_34,hp_hum_grenadelauncher_ice.geo
26944,Weapon_Avatar_GrenadeLauncher_Ice_UNC_35_to_39,hp_hum_grenadelauncher_ice.geo
26945,Weapon_Avatar_GrenadeLauncher_Ice_UNC_40_to_44,hp_hum_grenadelauncher_ice.geo
26946,Weapon_Avatar_GrenadeLauncher_Ice_UNC_45_to_49,hp_hum_grenadelauncher_ice.geo
26947,Weapon_Avatar_GrenadeLauncher_Ice_UNC_50_to_50,hp_hum_grenadelauncher_ice.geo
26948,Weapon_Avatar_GrenadeLauncher_Physical_UNC_15_to_19,hp_hum_grenadelauncher_physical_v01.geo
26949,Weapon_Avatar_GrenadeLauncher_Physical_UNC_20_to_24,hp_hum_grenadelauncher_physical_v01.geo
26950,Weapon_Avatar_GrenadeLauncher_Physical_UNC_25_to_29,hp_hum_grenadelauncher_physical_v01.geo
26951,Weapon_Avatar_GrenadeLauncher_Physical_UNC_30_to_34,hp_hum_grenadelauncher_physical_v01.geo
26952,Weapon_Avatar_GrenadeLauncher_Physical_UNC_35_to_39,hp_hum_grenadelauncher_physical_v01.geo
26953,Weapon_Avatar_GrenadeLauncher_Physical_UNC_40_to_44,hp_hum_grenadelauncher_physical_v01.geo
26954,Weapon_Avatar_GrenadeLauncher_Physical_UNC_45_to_49,hp_hum_grenadelauncher_physical_v01.geo
26955,Weapon_Avatar_GrenadeLauncher_Physical_UNC_50_to_50,hp_hum_grenadelauncher_physical_v01.geo
26956,Weapon_Avatar_GrenadeLauncher_Sonic_UNC_15_to_19,hp_hum_grenadelauncher_sonic.geo
26957,Weapon_Avatar_GrenadeLauncher_Sonic_UNC_20_to_24,hp_hum_grenadelauncher_sonic.geo
26958,Weapon_Avatar_GrenadeLauncher_Sonic_UNC_25_to_29,hp_hum_grenadelauncher_sonic.geo
26959,Weapon_Avatar_GrenadeLauncher_Sonic_UNC_30_to_34,hp_hum_grenadelauncher_sonic.geo
26960,Weapon_Avatar_GrenadeLauncher_Sonic_UNC_35_to_39,hp_hum_grenadelauncher_sonic.geo
26961,Weapon_Avatar_GrenadeLauncher_Sonic_UNC_40_to_44,hp_hum_grenadelauncher_sonic.geo
26962,Weapon_Avatar_GrenadeLauncher_Sonic_UNC_45_to_49,hp_hum_grenadelauncher_sonic.geo
26963,Weapon_Avatar_GrenadeLauncher_Sonic_UNC_50_to_50,hp_hum_grenadelauncher_sonic.geo
26964,Weapon_Avatar_InjectionGun_Electric_UNC_17_to_21,hp_hum_injectiongun_electric_v01.geo
26965,Weapon_Avatar_InjectionGun_Electric_UNC_22_to_26,hp_hum_injectiongun_electric_v01.geo
26966,Weapon_Avatar_InjectionGun_Electric_UNC_27_to_31,hp_hum_injectiongun_electric_v01.geo
26967,Weapon_Avatar_InjectionGun_Electric_UNC_32_to_36,hp_hum_injectiongun_electric_v01.geo
26968,Weapon_Avatar_InjectionGun_Electric_UNC_37_to_41,hp_hum_injectiongun_electric_v01.geo
26969,Weapon_Avatar_InjectionGun_Electric_UNC_42_to_46,hp_hum_injectiongun_electric_v01.geo
26970,Weapon_Avatar_InjectionGun_Electric_UNC_47_to_49,hp_hum_injectiongun_electric_v01.geo
26971,Weapon_Avatar_InjectionGun_Electric_UNC_50_to_50,hp_hum_injectiongun_electric_v01.geo
26972,Weapon_Avatar_InjectionGun_Fire_UNC_22_to_26,hp_hum_injectiongun_fire_v01.geo
26973,Weapon_Avatar_InjectionGun_Fire_UNC_27_to_31,hp_hum_injectiongun_fire_v01.geo
26974,Weapon_Avatar_InjectionGun_Fire_UNC_32_to_36,hp_hum_injectiongun_fire_v01.geo
26975,Weapon_Avatar_InjectionGun_Fire_UNC_37_to_41,hp_hum_injectiongun_fire_v01.geo
26976,Weapon_Avatar_InjectionGun_Fire_UNC_42_to_46,hp_hum_injectiongun_fire_v01.geo
26977,Weapon_Avatar_InjectionGun_Fire_UNC_47_to_49,hp_hum_injectiongun_fire_v01.geo
26978,Weapon_Avatar_InjectionGun_Fire_UNC_50_to_50,hp_hum_injectiongun_fire_v01.geo
26979,Weapon_Avatar_InjectionGun_Ice_UNC_22_to_26,hp_hum_injectiongun_ice_v01.geo
26980,Weapon_Avatar_InjectionGun_Ice_UNC_27_to_31,hp_hum_injectiongun_ice_v01.geo
26981,Weapon_Avatar_InjectionGun_Ice_UNC_32_to_36,hp_hum_injectiongun_ice_v01.geo
26982,Weapon_Avatar_InjectionGun_Ice_UNC_37_to_41,hp_hum_injectiongun_ice_v01.geo
26983,Weapon_Avatar_InjectionGun_Ice_UNC_42_to_46,hp_hum_injectiongun_ice_v01.geo
26984,Weapon_Avatar_InjectionGun_Ice_UNC_47_to_49,hp_hum_injectiongun_ice_v01.geo
26985,Weapon_Avatar_InjectionGun_Ice_UNC_50_to_50,hp_hum_injectiongun_ice_v01.geo
26986,Weapon_Avatar_InjectionGun_Virulent_UNC_15_to_16,hp_hum_injectiongun_viral.geo
26987,Weapon_Avatar_InjectionGun_Virulent_UNC_17_to_21,hp_hum_injectiongun_viral.geo
26988,Weapon_Avatar_InjectionGun_Virulent_UNC_22_to_26,hp_hum_injectiongun_viral.geo
26989,Weapon_Avatar_InjectionGun_Virulent_UNC_27_to_31,hp_hum_injectiongun_viral.geo
26990,Weapon_Avatar_InjectionGun_Virulent_UNC_32_to_36,hp_hum_injectiongun_viral.geo
26991,Weapon_Avatar_InjectionGun_Virulent_UNC_37_to_41,hp_hum_injectiongun_viral.geo
26992,Weapon_Avatar_InjectionGun_Virulent_UNC_42_to_46,hp_hum_injectiongun_viral.geo
26993,Weapon_Avatar_InjectionGun_Virulent_UNC_47_to_49,hp_hum_injectiongun_viral.geo
26994,Weapon_Avatar_InjectionGun_Virulent_UNC_50_to_50,hp_hum_injectiongun_viral.geo
26995,Weapon_Avatar_LeechGun_Fire_UNC_24_to_28,hp_hum_densitygun_fire.geo
26996,Weapon_Avatar_LeechGun_Fire_UNC_29_to_33,hp_hum_densitygun_fire.geo
26997,Weapon_Avatar_LeechGun_Fire_UNC_34_to_38,hp_hum_densitygun_fire.geo
26998,Weapon_Avatar_LeechGun_Fire_UNC_39_to_43,hp_hum_densitygun_fire.geo
26999,Weapon_Avatar_LeechGun_Fire_UNC_44_to_48,hp_hum_densitygun_fire.geo
27000,Weapon_Avatar_LeechGun_Fire_UNC_49_to_49,hp_hum_densitygun_fire.geo
27001,Weapon_Avatar_LeechGun_Fire_UNC_50_to_50,hp_hum_densitygun_fire.geo
27002,Weapon_Avatar_LeechGun_Ice_UNC_24_to_28,hp_hum_densitygun_ice.geo
27003,Weapon_Avatar_LeechGun_Ice_UNC_29_to_33,hp_hum_densitygun_ice.geo
27004,Weapon_Avatar_LeechGun_Ice_UNC_34_to_38,hp_hum_densitygun_ice.geo
27005,Weapon_Avatar_LeechGun_Ice_UNC_39_to_43,hp_hum_densitygun_ice.geo
27006,Weapon_Avatar_LeechGun_Ice_UNC_44_to_48,hp_hum_densitygun_ice.geo
27007,Weapon_Avatar_LeechGun_Ice_UNC_49_to_49,hp_hum_densitygun_ice.geo
27008,Weapon_Avatar_LeechGun_Ice_UNC_50_to_50,hp_hum_densitygun_ice.geo
27009,Weapon_Avatar_LeechGun_Physical_UNC_05_to_08,hp_hum_densitygun_physical_v01.geo
27010,Weapon_Avatar_LeechGun_Physical_UNC_09_to_13,hp_hum_densitygun_physical_v01.geo
27011,Weapon_Avatar_LeechGun_Physical_UNC_14_to_18,hp_hum_densitygun_physical_v01.geo
27012,Weapon_Avatar_LeechGun_Physical_UNC_19_to_23,hp_hum_densitygun_physical_v01.geo
27013,Weapon_Avatar_LeechGun_Physical_UNC_24_to_28,hp_hum_densitygun_physical_v01.geo
27014,Weapon_Avatar_LeechGun_Physical_UNC_29_to_33,hp_hum_densitygun_physical_v01.geo
27015,Weapon_Avatar_LeechGun_Physical_UNC_34_to_38,hp_hum_densitygun_physical_v01.geo
27016,Weapon_Avatar_LeechGun_Physical_UNC_39_to_43,hp_hum_densitygun_physical_v01.geo
27017,Weapon_Avatar_LeechGun_Physical_UNC_44_to_48,hp_hum_densitygun_physical_v01.geo
27018,Weapon_Avatar_LeechGun_Physical_UNC_49_to_49,hp_hum_densitygun_physical_v01.geo
27019,Weapon_Avatar_LeechGun_Physical_UNC_50_to_50,hp_hum_densitygun_physical_v01.geo
27020,Weapon_Avatar_LeechGun_Virulent_UNC_14_to_18,hp_hum_densitygun_viral_v01.geo
27021,Weapon_Avatar_LeechGun_Virulent_UNC_19_to_23,hp_hum_densitygun_viral_v01.geo
27022,Weapon_Avatar_LeechGun_Virulent_UNC_24_to_28,hp_hum_densitygun_viral_v01.geo
27023,Weapon_Avatar_LeechGun_Virulent_UNC_29_to_33,hp_hum_densitygun_viral_v01.geo
27024,Weapon_Avatar_LeechGun_Virulent_UNC_34_to_38,hp_hum_densitygun_viral_v01.geo
27025,Weapon_Avatar_LeechGun_Virulent_UNC_39_to_43,hp_hum_densitygun_viral_v01.geo
27026,Weapon_Avatar_LeechGun_Virulent_UNC_44_to_48,hp_hum_densitygun_viral_v01.geo
27027,Weapon_Avatar_LeechGun_Virulent_UNC_49_to_49,hp_hum_densitygun_viral_v01.geo
27028,Weapon_Avatar_LeechGun_Virulent_UNC_50_to_50,hp_hum_densitygun_viral_v01.geo
27029,Weapon_Avatar_MachineGun_Electric_UNC_18_to_22,hp_hum_machinegun_electric.geo
27030,Weapon_Avatar_MachineGun_Electric_UNC_23_to_27,hp_hum_machinegun_electric.geo
27031,Weapon_Avatar_MachineGun_Electric_UNC_28_to_32,hp_hum_machinegun_electric.geo
27032,Weapon_Avatar_MachineGun_Electric_UNC_33_to_37,hp_hum_machinegun_electric.geo
27033,Weapon_Avatar_MachineGun_Electric_UNC_38_to_42,hp_hum_machinegun_electric.geo
27034,Weapon_Avatar_MachineGun_Electric_UNC_43_to_47,hp_hum_machinegun_electric.geo
27035,Weapon_Avatar_MachineGun_Electric_UNC_48_to_49,hp_hum_machinegun_electric.geo
27036,Weapon_Avatar_MachineGun_Electric_UNC_50_to_50,hp_hum_machinegun_electric.geo
27037,Weapon_Avatar_MachineGun_EMP_UNC_05_to_07,hp_hum_machinegun_emp.geo
27038,Weapon_Avatar_MachineGun_EMP_UNC_08_to_12,hp_hum_machinegun_emp.geo
27039,Weapon_Avatar_MachineGun_EMP_UNC_13_to_17,hp_hum_machinegun_emp.geo
27040,Weapon_Avatar_MachineGun_EMP_UNC_18_to_22,hp_hum_machinegun_emp.geo
27041,Weapon_Avatar_MachineGun_EMP_UNC_23_to_27,hp_hum_machinegun_emp.geo
27042,Weapon_Avatar_MachineGun_EMP_UNC_28_to_32,hp_hum_machinegun_emp.geo
27043,Weapon_Avatar_MachineGun_EMP_UNC_33_to_37,hp_hum_machinegun_emp.geo
27044,Weapon_Avatar_MachineGun_EMP_UNC_38_to_42,hp_hum_machinegun_emp.geo
27045,Weapon_Avatar_MachineGun_EMP_UNC_43_to_47,hp_hum_machinegun_emp.geo
27046,Weapon_Avatar_MachineGun_EMP_UNC_48_to_49,hp_hum_machinegun_emp.geo
27047,Weapon_Avatar_MachineGun_EMP_UNC_50_to_50,hp_hum_machinegun_emp.geo
27048,Weapon_Avatar_MachineGun_Laser_UNC_05_to_07,hp_hum_machinegun_laser_v01.geo
27049,Weapon_Avatar_MachineGun_Laser_UNC_08_to_12,hp_hum_machinegun_laser_v01.geo
27050,Weapon_Avatar_MachineGun_Laser_UNC_13_to_17,hp_hum_machinegun_laser_v01.geo
27051,Weapon_Avatar_MachineGun_Laser_UNC_18_to_22,hp_hum_machinegun_laser_v01.geo
27052,Weapon_Avatar_MachineGun_Laser_UNC_23_to_27,hp_hum_machinegun_laser_v01.geo
27053,Weapon_Avatar_MachineGun_Laser_UNC_28_to_32,hp_hum_machinegun_laser_v01.geo
27054,Weapon_Avatar_MachineGun_Laser_UNC_33_to_37,hp_hum_machinegun_laser_v01.geo
27055,Weapon_Avatar_MachineGun_Laser_UNC_38_to_42,hp_hum_machinegun_laser_v01.geo
27056,Weapon_Avatar_MachineGun_Laser_UNC_43_to_47,hp_hum_machinegun_laser_v01.geo
27057,Weapon_Avatar_MachineGun_Laser_UNC_48_to_49,hp_hum_machinegun_laser_v01.geo
27058,Weapon_Avatar_MachineGun_Laser_UNC_50_to_50,hp_hum_machinegun_laser_v01.geo
27059,Weapon_Avatar_MachineGun_Physical_UNC_05_to_07,hp_hum_machinegun_physical.geo
27060,Weapon_Avatar_MachineGun_Physical_UNC_08_to_12,hp_hum_machinegun_physical.geo
27061,Weapon_Avatar_MachineGun_Physical_UNC_13_to_17,hp_hum_machinegun_physical.geo
27062,Weapon_Avatar_MachineGun_Physical_UNC_18_to_22,hp_hum_machinegun_physical.geo
27063,Weapon_Avatar_MachineGun_Physical_UNC_23_to_27,hp_hum_machinegun_physical.geo
27064,Weapon_Avatar_MachineGun_Physical_UNC_28_to_32,hp_hum_machinegun_physical.geo
27065,Weapon_Avatar_MachineGun_Physical_UNC_33_to_37,hp_hum_machinegun_physical.geo
27066,Weapon_Avatar_MachineGun_Physical_UNC_38_to_42,hp_hum_machinegun_physical.geo
27067,Weapon_Avatar_MachineGun_Physical_UNC_43_to_47,hp_hum_machinegun_physical.geo
27068,Weapon_Avatar_MachineGun_Physical_UNC_48_to_49,hp_hum_machinegun_physical.geo
27069,Weapon_Avatar_MachineGun_Physical_UNC_50_to_50,hp_hum_machinegun_physical.geo
27070,Weapon_Avatar_NetGun_Electric_UNC_15_to_15,hp_hum_netgun_electric_v01.geo
27071,Weapon_Avatar_NetGun_Electric_UNC_16_to_20,hp_hum_netgun_electric_v01.geo
27072,Weapon_Avatar_NetGun_Electric_UNC_21_to_25,hp_hum_netgun_electric_v01.geo
27073,Weapon_Avatar_NetGun_Electric_UNC_26_to_30,hp_hum_netgun_electric_v01.geo
27074,Weapon_Avatar_NetGun_Electric_UNC_31_to_35,hp_hum_netgun_electric_v01.geo
27075,Weapon_Avatar_NetGun_Electric_UNC_36_to_40,hp_hum_netgun_electric_v01.geo
27076,Weapon_Avatar_NetGun_Electric_UNC_41_to_45,hp_hum_netgun_electric_v01.geo
27077,Weapon_Avatar_NetGun_Electric_UNC_46_to_49,hp_hum_netgun_electric_v01.geo
27078,Weapon_Avatar_NetGun_Electric_UNC_50_to_50,hp_hum_netgun_electric_v01.geo
27079,Weapon_Avatar_NetGun_Fire_UNC_21_to_25,hp_hum_netgun_fire.geo
27080,Weapon_Avatar_NetGun_Fire_UNC_26_to_30,hp_hum_netgun_fire.geo
27081,Weapon_Avatar_NetGun_Fire_UNC_31_to_35,hp_hum_netgun_fire.geo
27082,Weapon_Avatar_NetGun_Fire_UNC_36_to_40,hp_hum_netgun_fire.geo
27083,Weapon_Avatar_NetGun_Fire_UNC_41_to_45,hp_hum_netgun_fire.geo
27084,Weapon_Avatar_NetGun_Fire_UNC_46_to_49,hp_hum_netgun_fire.geo
27085,Weapon_Avatar_NetGun_Fire_UNC_50_to_50,hp_hum_netgun_fire.geo
27086,Weapon_Avatar_NetGun_Ice_UNC_21_to_25,hp_hum_netgun_ice_v01.geo
27087,Weapon_Avatar_NetGun_Ice_UNC_26_to_30,hp_hum_netgun_ice_v01.geo
27088,Weapon_Avatar_NetGun_Ice_UNC_31_to_35,hp_hum_netgun_ice_v01.geo
27089,Weapon_Avatar_NetGun_Ice_UNC_36_to_40,hp_hum_netgun_ice_v01.geo
27090,Weapon_Avatar_NetGun_Ice_UNC_41_to_45,hp_hum_netgun_ice_v01.geo
27091,Weapon_Avatar_NetGun_Ice_UNC_46_to_49,hp_hum_netgun_ice_v01.geo
27092,Weapon_Avatar_NetGun_Ice_UNC_50_to_50,hp_hum_netgun_ice_v01.geo
27093,Weapon_Avatar_Pistol_Electric_UNC_20_to_24,hp_hum_pistol_electric_v01.geo
27094,Weapon_Avatar_Pistol_Electric_UNC_25_to_29,hp_hum_pistol_electric_v01.geo
27095,Weapon_Avatar_Pistol_Electric_UNC_30_to_34,hp_hum_pistol_electric_v01.geo
27096,Weapon_Avatar_Pistol_Electric_UNC_35_to_39,hp_hum_pistol_electric_v01.geo
27097,Weapon_Avatar_Pistol_Electric_UNC_40_to_44,hp_hum_pistol_electric_v01.geo
27098,Weapon_Avatar_Pistol_Electric_UNC_45_to_49,hp_hum_pistol_electric_v01.geo
27099,Weapon_Avatar_Pistol_Electric_UNC_50_to_50,hp_hum_pistol_electric_v01.geo
27100,Weapon_Avatar_Pistol_EMP_UNC_05_to_09,hp_hum_pistol_emp_v01.geo
27101,Weapon_Avatar_Pistol_EMP_UNC_10_to_14,hp_hum_pistol_emp_v01.geo
27102,Weapon_Avatar_Pistol_EMP_UNC_15_to_19,hp_hum_pistol_emp_v01.geo
27103,Weapon_Avatar_Pistol_EMP_UNC_20_to_24,hp_hum_pistol_emp_v01.geo
27104,Weapon_Avatar_Pistol_EMP_UNC_25_to_29,hp_hum_pistol_emp_v01.geo
27105,Weapon_Avatar_Pistol_EMP_UNC_30_to_34,hp_hum_pistol_emp_v01.geo
27106,Weapon_Avatar_Pistol_EMP_UNC_35_to_39,hp_hum_pistol_emp_v01.geo
27107,Weapon_Avatar_Pistol_EMP_UNC_40_to_44,hp_hum_pistol_emp_v01.geo
27108,Weapon_Avatar_Pistol_EMP_UNC_45_to_49,hp_hum_pistol_emp_v01.geo
27109,Weapon_Avatar_Pistol_EMP_UNC_50_to_50,hp_hum_pistol_emp_v01.geo
27110,Weapon_Avatar_Pistol_Laser_UNC_05_to_09,hp_hum_pistol_laser.geo
27111,Weapon_Avatar_Pistol_Laser_UNC_10_to_14,hp_hum_pistol_laser.geo
27112,Weapon_Avatar_Pistol_Laser_UNC_15_to_19,hp_hum_pistol_laser.geo
27113,Weapon_Avatar_Pistol_Laser_UNC_20_to_24,hp_hum_pistol_laser.geo
27114,Weapon_Avatar_Pistol_Laser_UNC_25_to_29,hp_hum_pistol_laser.geo
27115,Weapon_Avatar_Pistol_Laser_UNC_30_to_34,hp_hum_pistol_laser.geo
27116,Weapon_Avatar_Pistol_Laser_UNC_35_to_39,hp_hum_pistol_laser.geo
27117,Weapon_Avatar_Pistol_Laser_UNC_40_to_44,hp_hum_pistol_laser.geo
27118,Weapon_Avatar_Pistol_Laser_UNC_45_to_49,hp_hum_pistol_laser.geo
27119,Weapon_Avatar_Pistol_Laser_UNC_50_to_50,hp_hum_pistol_laser.geo
27120,Weapon_Avatar_Pistol_Physical_UNC_01_to_04,hp_hum_pistol_physical_v01.geo
27121,Weapon_Avatar_Pistol_Physical_UNC_05_to_09,hp_hum_pistol_physical_v01.geo
27122,Weapon_Avatar_Pistol_Physical_UNC_10_to_14,hp_hum_pistol_physical_v01.geo
27123,Weapon_Avatar_Pistol_Physical_UNC_15_to_19,hp_hum_pistol_physical_v01.geo
27124,Weapon_Avatar_Pistol_Physical_UNC_20_to_24,hp_hum_pistol_physical_v01.geo
27125,Weapon_Avatar_Pistol_Physical_UNC_25_to_29,hp_hum_pistol_physical_v01.geo
27126,Weapon_Avatar_Pistol_Physical_UNC_30_to_34,hp_hum_pistol_physical_v01.geo
27127,Weapon_Avatar_Pistol_Physical_UNC_35_to_39,hp_hum_pistol_physical_v01.geo
27128,Weapon_Avatar_Pistol_Physical_UNC_40_to_44,hp_hum_pistol_physical_v01.geo
27129,Weapon_Avatar_Pistol_Physical_UNC_45_to_49,hp_hum_pistol_physical_v01.geo
27130,Weapon_Avatar_Pistol_Physical_UNC_50_to_50,hp_hum_pistol_physical_v01.geo
27131,Weapon_Avatar_Pistol_Sonic_UNC_15_to_19,hp_hum_pistol_physical_v01.geo
27132,Weapon_Avatar_Pistol_Sonic_UNC_20_to_24,hp_hum_pistol_physical_v01.geo
27133,Weapon_Avatar_Pistol_Sonic_UNC_25_to_29,hp_hum_pistol_physical_v01.geo
27134,Weapon_Avatar_Pistol_Sonic_UNC_30_to_34,hp_hum_pistol_physical_v01.geo
27135,Weapon_Avatar_Pistol_Sonic_UNC_35_to_39,hp_hum_pistol_physical_v01.geo
27136,Weapon_Avatar_Pistol_Sonic_UNC_40_to_44,hp_hum_pistol_physical_v01.geo
27137,Weapon_Avatar_Pistol_Sonic_UNC_45_to_49,hp_hum_pistol_physical_v01.geo
27138,Weapon_Avatar_Pistol_Sonic_UNC_50_to_50,hp_hum_pistol_physical_v01.geo
27139,Weapon_Avatar_PolarityGun_Electric_UNC_15_to_17,hp_hum_polaritygun_electric_v01.geo
27140,Weapon_Avatar_PolarityGun_Electric_UNC_18_to_22,hp_hum_polaritygun_electric_v01.geo
27141,Weapon_Avatar_PolarityGun_Electric_UNC_23_to_27,hp_hum_polaritygun_electric_v01.geo
27142,Weapon_Avatar_PolarityGun_Electric_UNC_28_to_32,hp_hum_polaritygun_electric_v01.geo
27143,Weapon_Avatar_PolarityGun_Electric_UNC_33_to_37,hp_hum_polaritygun_electric_v01.geo
27144,Weapon_Avatar_PolarityGun_Electric_UNC_38_to_42,hp_hum_polaritygun_electric_v01.geo
27145,Weapon_Avatar_PolarityGun_Electric_UNC_43_to_47,hp_hum_polaritygun_electric_v01.geo
27146,Weapon_Avatar_PolarityGun_Electric_UNC_48_to_49,hp_hum_polaritygun_electric_v01.geo
27147,Weapon_Avatar_PolarityGun_Electric_UNC_50_to_50,hp_hum_polaritygun_electric_v01.geo
27148,Weapon_Avatar_PolarityGun_Fire_UNC_23_to_27,hp_hum_polaritygun_fire.geo
27149,Weapon_Avatar_PolarityGun_Fire_UNC_28_to_32,hp_hum_polaritygun_fire.geo
27150,Weapon_Avatar_PolarityGun_Fire_UNC_33_to_37,hp_hum_polaritygun_fire.geo
27151,Weapon_Avatar_PolarityGun_Fire_UNC_38_to_42,hp_hum_polaritygun_fire.geo
27152,Weapon_Avatar_PolarityGun_Fire_UNC_43_to_47,hp_hum_polaritygun_fire.geo
27153,Weapon_Avatar_PolarityGun_Fire_UNC_48_to_49,hp_hum_polaritygun_fire.geo
27154,Weapon_Avatar_PolarityGun_Fire_UNC_50_to_50,hp_hum_polaritygun_fire.geo
27155,Weapon_Avatar_PolarityGun_Ice_UNC_23_to_27,hp_hum_propellant_gun_ice.geo
27156,Weapon_Avatar_PolarityGun_Ice_UNC_28_to_32,hp_hum_propellant_gun_ice.geo
27157,Weapon_Avatar_PolarityGun_Ice_UNC_33_to_37,hp_hum_propellant_gun_ice.geo
27158,Weapon_Avatar_PolarityGun_Ice_UNC_38_to_42,hp_hum_propellant_gun_ice.geo
27159,Weapon_Avatar_PolarityGun_Ice_UNC_43_to_47,hp_hum_propellant_gun_ice.geo
27160,Weapon_Avatar_PolarityGun_Ice_UNC_48_to_49,hp_hum_propellant_gun_ice.geo
27161,Weapon_Avatar_PolarityGun_Ice_UNC_50_to_50,hp_hum_propellant_gun_ice.geo
27162,Weapon_Avatar_PropellantGun_EMP_UNC_30_to_31,hp_hum_propellant_gun_emp.geo
27163,Weapon_Avatar_PropellantGun_EMP_UNC_32_to_36,hp_hum_propellant_gun_emp.geo
27164,Weapon_Avatar_PropellantGun_EMP_UNC_37_to_41,hp_hum_propellant_gun_emp.geo
27165,Weapon_Avatar_PropellantGun_EMP_UNC_42_to_46,hp_hum_propellant_gun_emp.geo
27166,Weapon_Avatar_PropellantGun_EMP_UNC_47_to_49,hp_hum_propellant_gun_emp.geo
27167,Weapon_Avatar_PropellantGun_EMP_UNC_50_to_50,hp_hum_propellant_gun_emp.geo
27168,Weapon_Avatar_PropellantGun_Fire_UNC_30_to_31,hp_hum_propellant_gun_fire.geo
27169,Weapon_Avatar_PropellantGun_Fire_UNC_32_to_36,hp_hum_propellant_gun_fire.geo
27170,Weapon_Avatar_PropellantGun_Fire_UNC_37_to_41,hp_hum_propellant_gun_fire.geo
27171,Weapon_Avatar_PropellantGun_Fire_UNC_42_to_46,hp_hum_propellant_gun_fire.geo
27172,Weapon_Avatar_PropellantGun_Fire_UNC_47_to_49,hp_hum_propellant_gun_fire.geo
27173,Weapon_Avatar_PropellantGun_Fire_UNC_50_to_50,hp_hum_propellant_gun_fire.geo
27174,Weapon_Avatar_PropellantGun_Ice_UNC_30_to_31,hp_hum_propellant_gun_ice.geo
27175,Weapon_Avatar_PropellantGun_Ice_UNC_32_to_36,hp_hum_propellant_gun_ice.geo
27176,Weapon_Avatar_PropellantGun_Ice_UNC_37_to_41,hp_hum_propellant_gun_ice.geo
27177,Weapon_Avatar_PropellantGun_Ice_UNC_42_to_46,hp_hum_propellant_gun_ice.geo
27178,Weapon_Avatar_PropellantGun_Ice_UNC_47_to_49,hp_hum_propellant_gun_ice.geo
27179,Weapon_Avatar_PropellantGun_Ice_UNC_50_to_50,hp_hum_propellant_gun_ice.geo
27180,Weapon_Avatar_PropellantGun_Sonic_UNC_30_to_31,hp_hum_propellant_gun_sonic.geo
27181,Weapon_Avatar_PropellantGun_Sonic_UNC_32_to_36,hp_hum_propellant_gun_sonic.geo
27182,Weapon_Avatar_PropellantGun_Sonic_UNC_37_to_41,hp_hum_propellant_gun_sonic.geo
27183,Weapon_Avatar_PropellantGun_Sonic_UNC_42_to_46,hp_hum_propellant_gun_sonic.geo
27184,Weapon_Avatar_PropellantGun_Sonic_UNC_47_to_49,hp_hum_propellant_gun_sonic.geo
27185,Weapon_Avatar_PropellantGun_Sonic_UNC_50_to_50,hp_hum_propellant_gun_sonic.geo
27186,Weapon_Avatar_PropellantGun_Virulent_UNC_30_to_31,hp_hum_propellant_gun_viral.geo
27187,Weapon_Avatar_PropellantGun_Virulent_UNC_32_to_36,hp_hum_propellant_gun_viral.geo
27188,Weapon_Avatar_PropellantGun_Virulent_UNC_37_to_41,hp_hum_propellant_gun_viral.geo
27189,Weapon_Avatar_PropellantGun_Virulent_UNC_42_to_46,hp_hum_propellant_gun_viral.geo
27190,Weapon_Avatar_PropellantGun_Virulent_UNC_47_to_49,hp_hum_propellant_gun_viral.geo
27191,Weapon_Avatar_PropellantGun_Virulent_UNC_50_to_50,hp_hum_propellant_gun_viral.geo
27192,Weapon_Avatar_Rifle_Electric_UNC_16_to_20,hp_hum_rifle_electric.geo
27193,Weapon_Avatar_Rifle_Electric_UNC_21_to_25,hp_hum_rifle_electric.geo
27194,Weapon_Avatar_Rifle_Electric_UNC_26_to_30,hp_hum_rifle_electric.geo
27195,Weapon_Avatar_Rifle_Electric_UNC_31_to_35,hp_hum_rifle_electric.geo
27196,Weapon_Avatar_Rifle_Electric_UNC_36_to_40,hp_hum_rifle_electric.geo
27197,Weapon_Avatar_Rifle_Electric_UNC_41_to_45,hp_hum_rifle_electric.geo
27198,Weapon_Avatar_Rifle_Electric_UNC_46_to_49,hp_hum_rifle_electric.geo
27199,Weapon_Avatar_Rifle_Electric_UNC_50_to_50,hp_hum_rifle_electric.geo
27200,Weapon_Avatar_Rifle_EMP_UNC_06_to_10,hp_hum_rifle_emp_v01.geo
27201,Weapon_Avatar_Rifle_EMP_UNC_11_to_15,hp_hum_rifle_emp_v01.geo
27202,Weapon_Avatar_Rifle_EMP_UNC_16_to_20,hp_hum_rifle_emp_v01.geo
27203,Weapon_Avatar_Rifle_EMP_UNC_21_to_25,hp_hum_rifle_emp_v01.geo
27204,Weapon_Avatar_Rifle_EMP_UNC_26_to_30,hp_hum_rifle_emp_v01.geo
27205,Weapon_Avatar_Rifle_EMP_UNC_31_to_35,hp_hum_rifle_emp_v01.geo
27206,Weapon_Avatar_Rifle_EMP_UNC_36_to_40,hp_hum_rifle_emp_v01.geo
27207,Weapon_Avatar_Rifle_EMP_UNC_41_to_45,hp_hum_rifle_emp_v01.geo
27208,Weapon_Avatar_Rifle_EMP_UNC_46_to_49,hp_hum_rifle_emp_v01.geo
27209,Weapon_Avatar_Rifle_EMP_UNC_50_to_50,hp_hum_rifle_emp_v01.geo
27210,Weapon_Avatar_Rifle_Laser_UNC_06_to_10,hp_hum_rifle_laser_v01.geo
27211,Weapon_Avatar_Rifle_Laser_UNC_11_to_15,hp_hum_rifle_laser_v01.geo
27212,Weapon_Avatar_Rifle_Laser_UNC_16_to_20,hp_hum_rifle_laser_v01.geo
27213,Weapon_Avatar_Rifle_Laser_UNC_21_to_25,hp_hum_rifle_laser_v01.geo
27214,Weapon_Avatar_Rifle_Laser_UNC_26_to_30,hp_hum_rifle_laser_v01.geo
27215,Weapon_Avatar_Rifle_Laser_UNC_31_to_35,hp_hum_rifle_laser_v01.geo
27216,Weapon_Avatar_Rifle_Laser_UNC_36_to_40,hp_hum_rifle_laser_v01.geo
27217,Weapon_Avatar_Rifle_Laser_UNC_41_to_45,hp_hum_rifle_laser_v01.geo
27218,Weapon_Avatar_Rifle_Laser_UNC_46_to_49,hp_hum_rifle_laser_v01.geo
27219,Weapon_Avatar_Rifle_Laser_UNC_50_to_50,hp_hum_rifle_laser_v01.geo
27220,Weapon_Avatar_Rifle_Physical_UNC_01_to_05,hp_hum_rifle_physical_v01.geo
27221,Weapon_Avatar_Rifle_Physical_UNC_06_to_10,hp_hum_rifle_physical_v01.geo
27222,Weapon_Avatar_Rifle_Physical_UNC_11_to_15,hp_hum_rifle_physical_v01.geo
27223,Weapon_Avatar_Rifle_Physical_UNC_16_to_20,hp_hum_rifle_physical_v01.geo
27224,Weapon_Avatar_Rifle_Physical_UNC_21_to_25,hp_hum_rifle_physical_v01.geo
27225,Weapon_Avatar_Rifle_Physical_UNC_26_to_30,hp_hum_rifle_physical_v01.geo
27226,Weapon_Avatar_Rifle_Physical_UNC_31_to_35,hp_hum_rifle_physical_v01.geo
27227,Weapon_Avatar_Rifle_Physical_UNC_36_to_40,hp_hum_rifle_physical_v01.geo
27228,Weapon_Avatar_Rifle_Physical_UNC_41_to_45,hp_hum_rifle_physical_v01.geo
27229,Weapon_Avatar_Rifle_Physical_UNC_46_to_49,hp_hum_rifle_physical_v01.geo
27230,Weapon_Avatar_Rifle_Physical_UNC_50_to_50,hp_hum_rifle_physical_v01.geo
27231,Weapon_Avatar_Rifle_Sonic_UNC_11_to_15,hp_hum_rifle_sonic_v01.geo
27232,Weapon_Avatar_Rifle_Sonic_UNC_16_to_20,hp_hum_rifle_sonic_v01.geo
27233,Weapon_Avatar_Rifle_Sonic_UNC_21_to_25,hp_hum_rifle_sonic_v01.geo
27234,Weapon_Avatar_Rifle_Sonic_UNC_26_to_30,hp_hum_rifle_sonic_v01.geo
27235,Weapon_Avatar_Rifle_Sonic_UNC_31_to_35,hp_hum_rifle_sonic_v01.geo
27236,Weapon_Avatar_Rifle_Sonic_UNC_36_to_40,hp_hum_rifle_sonic_v01.geo
27237,Weapon_Avatar_Rifle_Sonic_UNC_41_to_45,hp_hum_rifle_sonic_v01.geo
27238,Weapon_Avatar_Rifle_Sonic_UNC_46_to_49,hp_hum_rifle_sonic_v01.geo
27239,Weapon_Avatar_Rifle_Sonic_UNC_50_to_50,hp_hum_rifle_sonic_v01.geo
27240,Weapon_Avatar_RocketLauncher_Electric_UNC_19_to_23,hp_hum_rocketlauncher_electric.geo
27241,Weapon_Avatar_RocketLauncher_Electric_UNC_24_to_28,hp_hum_rocketlauncher_electric.geo
27242,Weapon_Avatar_RocketLauncher_Electric_UNC_29_to_33,hp_hum_rocketlauncher_electric.geo
27243,Weapon_Avatar_RocketLauncher_Electric_UNC_34_to_38,hp_hum_rocketlauncher_electric.geo
27244,Weapon_Avatar_RocketLauncher_Electric_UNC_39_to_43,hp_hum_rocketlauncher_electric.geo
27245,Weapon_Avatar_RocketLauncher_Electric_UNC_44_to_48,hp_hum_rocketlauncher_electric.geo
27246,Weapon_Avatar_RocketLauncher_Electric_UNC_49_to_49,hp_hum_rocketlauncher_electric.geo
27247,Weapon_Avatar_RocketLauncher_Electric_UNC_50_to_50,hp_hum_rocketlauncher_electric.geo
27248,Weapon_Avatar_RocketLauncher_EMP_UNC_15_to_18,hp_hum_rocketlauncher_emp.geo
27249,Weapon_Avatar_RocketLauncher_EMP_UNC_19_to_23,hp_hum_rocketlauncher_emp.geo
27250,Weapon_Avatar_RocketLauncher_EMP_UNC_24_to_28,hp_hum_rocketlauncher_emp.geo
27251,Weapon_Avatar_RocketLauncher_EMP_UNC_29_to_33,hp_hum_rocketlauncher_emp.geo
27252,Weapon_Avatar_RocketLauncher_EMP_UNC_34_to_38,hp_hum_rocketlauncher_emp.geo
27253,Weapon_Avatar_RocketLauncher_EMP_UNC_39_to_43,hp_hum_rocketlauncher_emp.geo
27254,Weapon_Avatar_RocketLauncher_EMP_UNC_44_to_48,hp_hum_rocketlauncher_emp.geo
27255,Weapon_Avatar_RocketLauncher_EMP_UNC_49_to_49,hp_hum_rocketlauncher_emp.geo
27256,Weapon_Avatar_RocketLauncher_EMP_UNC_50_to_50,hp_hum_rocketlauncher_emp.geo
27257,Weapon_Avatar_RocketLauncher_Laser_UNC_15_to_18,hp_hum_rocketlauncher_laser.geo
27258,Weapon_Avatar_RocketLauncher_Laser_UNC_19_to_23,hp_hum_rocketlauncher_laser.geo
27259,Weapon_Avatar_RocketLauncher_Laser_UNC_24_to_28,hp_hum_rocketlauncher_laser.geo
27260,Weapon_Avatar_RocketLauncher_Laser_UNC_29_to_33,hp_hum_rocketlauncher_laser.geo
27261,Weapon_Avatar_RocketLauncher_Laser_UNC_34_to_38,hp_hum_rocketlauncher_laser.geo
27262,Weapon_Avatar_RocketLauncher_Laser_UNC_39_to_43,hp_hum_rocketlauncher_laser.geo
27263,Weapon_Avatar_RocketLauncher_Laser_UNC_44_to_48,hp_hum_rocketlauncher_laser.geo
27264,Weapon_Avatar_RocketLauncher_Laser_UNC_49_to_49,hp_hum_rocketlauncher_laser.geo
27265,Weapon_Avatar_RocketLauncher_Laser_UNC_50_to_50,hp_hum_rocketlauncher_laser.geo
27266,Weapon_Avatar_RocketLauncher_Physical_UNC_15_to_18,hp_hum_rocketlauncher_physical_v01.geo
27267,Weapon_Avatar_RocketLauncher_Physical_UNC_19_to_23,hp_hum_rocketlauncher_physical_v01.geo
27268,Weapon_Avatar_RocketLauncher_Physical_UNC_24_to_28,hp_hum_rocketlauncher_physical_v01.geo
27269,Weapon_Avatar_RocketLauncher_Physical_UNC_29_to_33,hp_hum_rocketlauncher_physical_v01.geo
27270,Weapon_Avatar_RocketLauncher_Physical_UNC_34_to_38,hp_hum_rocketlauncher_physical_v01.geo
27271,Weapon_Avatar_RocketLauncher_Physical_UNC_39_to_43,hp_hum_rocketlauncher_physical_v01.geo
27272,Weapon_Avatar_RocketLauncher_Physical_UNC_44_to_48,hp_hum_rocketlauncher_physical_v01.geo
27273,Weapon_Avatar_RocketLauncher_Physical_UNC_49_to_49,hp_hum_rocketlauncher_physical_v01.geo
27274,Weapon_Avatar_RocketLauncher_Physical_UNC_50_to_50,hp_hum_rocketlauncher_physical_v01.geo
27275,Weapon_Avatar_RocketLauncher_Sonic_UNC_15_to_18,hp_hum_rocketlauncher_sonic.geo
27276,Weapon_Avatar_RocketLauncher_Sonic_UNC_19_to_23,hp_hum_rocketlauncher_sonic.geo
27277,Weapon_Avatar_RocketLauncher_Sonic_UNC_24_to_28,hp_hum_rocketlauncher_sonic.geo
27278,Weapon_Avatar_RocketLauncher_Sonic_UNC_29_to_33,hp_hum_rocketlauncher_sonic.geo
27279,Weapon_Avatar_RocketLauncher_Sonic_UNC_34_to_38,hp_hum_rocketlauncher_sonic.geo
27280,Weapon_Avatar_RocketLauncher_Sonic_UNC_39_to_43,hp_hum_rocketlauncher_sonic.geo
27281,Weapon_Avatar_RocketLauncher_Sonic_UNC_44_to_48,hp_hum_rocketlauncher_sonic.geo
27282,Weapon_Avatar_RocketLauncher_Sonic_UNC_49_to_49,hp_hum_rocketlauncher_sonic.geo
27283,Weapon_Avatar_RocketLauncher_Sonic_UNC_50_to_50,hp_hum_rocketlauncher_sonic.geo
27284,Weapon_Avatar_Shotgun_v1_EMP_UNC_07_to_11,hp_hum_shotgun_emp_v01.geo
27285,Weapon_Avatar_Shotgun_v1_EMP_UNC_12_to_16,hp_hum_shotgun_emp_v01.geo
27286,Weapon_Avatar_Shotgun_v1_EMP_UNC_17_to_21,hp_hum_shotgun_emp_v01.geo
27287,Weapon_Avatar_Shotgun_v1_EMP_UNC_22_to_26,hp_hum_shotgun_emp_v01.geo
27288,Weapon_Avatar_Shotgun_v1_EMP_UNC_27_to_31,hp_hum_shotgun_emp_v01.geo
27289,Weapon_Avatar_Shotgun_v1_EMP_UNC_32_to_36,hp_hum_shotgun_emp_v01.geo
27290,Weapon_Avatar_Shotgun_v1_EMP_UNC_37_to_41,hp_hum_shotgun_emp_v01.geo
27291,Weapon_Avatar_Shotgun_v1_EMP_UNC_42_to_46,hp_hum_shotgun_emp_v01.geo
27292,Weapon_Avatar_Shotgun_v1_EMP_UNC_47_to_49,hp_hum_shotgun_emp_v01.geo
27293,Weapon_Avatar_Shotgun_v1_EMP_UNC_50_to_50,hp_hum_shotgun_emp_v01.geo
27294,Weapon_Avatar_Shotgun_v1_Fire_UNC_22_to_26,hp_hum_shotgun_fire.geo
27295,Weapon_Avatar_Shotgun_v1_Fire_UNC_27_to_31,hp_hum_shotgun_fire.geo
27296,Weapon_Avatar_Shotgun_v1_Fire_UNC_32_to_36,hp_hum_shotgun_fire.geo
27297,Weapon_Avatar_Shotgun_v1_Fire_UNC_37_to_41,hp_hum_shotgun_fire.geo
27298,Weapon_Avatar_Shotgun_v1_Fire_UNC_42_to_46,hp_hum_shotgun_fire.geo
27299,Weapon_Avatar_Shotgun_v1_Fire_UNC_47_to_49,hp_hum_shotgun_fire.geo
27300,Weapon_Avatar_Shotgun_v1_Fire_UNC_50_to_50,hp_hum_shotgun_fire.geo
27301,Weapon_Avatar_Shotgun_v1_Ice_UNC_22_to_26,hp_hum_shotgun_ice.geo
27302,Weapon_Avatar_Shotgun_v1_Ice_UNC_27_to_31,hp_hum_shotgun_ice.geo
27303,Weapon_Avatar_Shotgun_v1_Ice_UNC_32_to_36,hp_hum_shotgun_ice.geo
27304,Weapon_Avatar_Shotgun_v1_Ice_UNC_37_to_41,hp_hum_shotgun_ice.geo
27305,Weapon_Avatar_Shotgun_v1_Ice_UNC_42_to_46,hp_hum_shotgun_ice.geo
27306,Weapon_Avatar_Shotgun_v1_Ice_UNC_47_to_49,hp_hum_shotgun_ice.geo
27307,Weapon_Avatar_Shotgun_v1_Ice_UNC_50_to_50,hp_hum_shotgun_ice.geo
27308,Weapon_Avatar_Shotgun_v1_Laser_UNC_07_to_11,hp_hum_shotgun_laser_v01.geo
27309,Weapon_Avatar_Shotgun_v1_Laser_UNC_12_to_16,hp_hum_shotgun_laser_v01.geo
27310,Weapon_Avatar_Shotgun_v1_Laser_UNC_17_to_21,hp_hum_shotgun_laser_v01.geo
27311,Weapon_Avatar_Shotgun_v1_Laser_UNC_22_to_26,hp_hum_shotgun_laser_v01.geo
27312,Weapon_Avatar_Shotgun_v1_Laser_UNC_27_to_31,hp_hum_shotgun_laser_v01.geo
27313,Weapon_Avatar_Shotgun_v1_Laser_UNC_32_to_36,hp_hum_shotgun_laser_v01.geo
27314,Weapon_Avatar_Shotgun_v1_Laser_UNC_37_to_41,hp_hum_shotgun_laser_v01.geo
27315,Weapon_Avatar_Shotgun_v1_Laser_UNC_42_to_46,hp_hum_shotgun_laser_v01.geo
27316,Weapon_Avatar_Shotgun_v1_Laser_UNC_47_to_49,hp_hum_shotgun_laser_v01.geo
27317,Weapon_Avatar_Shotgun_v1_Laser_UNC_50_to_50,hp_hum_shotgun_laser_v01.geo
27318,Weapon_Avatar_Shotgun_v1_Physical_UNC_01_to_01,hp_hum_shotgun_physical_v01.geo
27319,Weapon_Avatar_Shotgun_v1_Physical_UNC_02_to_06,hp_hum_shotgun_physical_v01.geo
27320,Weapon_Avatar_Shotgun_v1_Physical_UNC_07_to_11,hp_hum_shotgun_physical_v01.geo
27321,Weapon_Avatar_Shotgun_v1_Physical_UNC_12_to_16,hp_hum_shotgun_physical_v01.geo
27322,Weapon_Avatar_Shotgun_v1_Physical_UNC_17_to_21,hp_hum_shotgun_physical_v01.geo
27323,Weapon_Avatar_Shotgun_v1_Physical_UNC_22_to_26,hp_hum_shotgun_physical_v01.geo
27324,Weapon_Avatar_Shotgun_v1_Physical_UNC_27_to_31,hp_hum_shotgun_physical_v01.geo
27325,Weapon_Avatar_Shotgun_v1_Physical_UNC_32_to_36,hp_hum_shotgun_physical_v01.geo
27326,Weapon_Avatar_Shotgun_v1_Physical_UNC_37_to_41,hp_hum_shotgun_physical_v01.geo
27327,Weapon_Avatar_Shotgun_v1_Physical_UNC_42_to_46,hp_hum_shotgun_physical_v01.geo
27328,Weapon_Avatar_Shotgun_v1_Physical_UNC_47_to_49,hp_hum_shotgun_physical_v01.geo
27329,Weapon_Avatar_Shotgun_v1_Physical_UNC_50_to_50,hp_hum_shotgun_physical_v01.geo
27330,Weapon_Avatar_Shotgun_v1_Sonic_UNC_12_to_16,hp_hum_shotgun_sonic.geo
27331,Weapon_Avatar_Shotgun_v1_Sonic_UNC_17_to_21,hp_hum_shotgun_sonic.geo
27332,Weapon_Avatar_Shotgun_v1_Sonic_UNC_22_to_26,hp_hum_shotgun_sonic.geo
27333,Weapon_Avatar_Shotgun_v1_Sonic_UNC_27_to_31,hp_hum_shotgun_sonic.geo
27334,Weapon_Avatar_Shotgun_v1_Sonic_UNC_32_to_36,hp_hum_shotgun_sonic.geo
27335,Weapon_Avatar_Shotgun_v1_Sonic_UNC_37_to_41,hp_hum_shotgun_sonic.geo
27336,Weapon_Avatar_Shotgun_v1_Sonic_UNC_42_to_46,hp_hum_shotgun_sonic.geo
27337,Weapon_Avatar_Shotgun_v1_Sonic_UNC_47_to_49,hp_hum_shotgun_sonic.geo
27338,Weapon_Avatar_Shotgun_v1_Sonic_UNC_50_to_50,hp_hum_shotgun_sonic.geo
27339,Weapon_Avatar_Staff_Electric_UNC_30_to_34,hp_hum_staff_electric_v01.geo
27340,Weapon_Avatar_Staff_Electric_UNC_35_to_39,hp_hum_staff_electric_v01.geo
27341,Weapon_Avatar_Staff_Electric_UNC_40_to_44,hp_hum_staff_electric_v01.geo
27342,Weapon_Avatar_Staff_Electric_UNC_45_to_49,hp_hum_staff_electric_v01.geo
27343,Weapon_Avatar_Staff_Electric_UNC_50_to_50,hp_hum_staff_electric_v01.geo
27344,Weapon_Avatar_Staff_EMP_UNC_30_to_34,hp_hum_staff_emp_v01.geo
27345,Weapon_Avatar_Staff_EMP_UNC_35_to_39,hp_hum_staff_emp_v01.geo
27346,Weapon_Avatar_Staff_EMP_UNC_40_to_44,hp_hum_staff_emp_v01.geo
27347,Weapon_Avatar_Staff_EMP_UNC_45_to_49,hp_hum_staff_emp_v01.geo
27348,Weapon_Avatar_Staff_EMP_UNC_50_to_50,hp_hum_staff_emp_v01.geo
27349,Weapon_Avatar_Staff_Fire_UNC_30_to_34,hp_hum_staff_fire_v01.geo
27350,Weapon_Avatar_Staff_Fire_UNC_35_to_39,hp_hum_staff_fire_v01.geo
27351,Weapon_Avatar_Staff_Fire_UNC_40_to_44,hp_hum_staff_fire_v01.geo
27352,Weapon_Avatar_Staff_Fire_UNC_45_to_49,hp_hum_staff_fire_v01.geo
27353,Weapon_Avatar_Staff_Fire_UNC_50_to_50,hp_hum_staff_fire_v01.geo
27354,Weapon_Avatar_Staff_Ice_UNC_30_to_34,hp_hum_staff_ice_v01.geo
27355,Weapon_Avatar_Staff_Ice_UNC_35_to_39,hp_hum_staff_ice_v01.geo
27356,Weapon_Avatar_Staff_Ice_UNC_40_to_44,hp_hum_staff_ice_v01.geo
27357,Weapon_Avatar_Staff_Ice_UNC_45_to_49,hp_hum_staff_ice_v01.geo
27358,Weapon_Avatar_Staff_Ice_UNC_50_to_50,hp_hum_staff_ice_v01.geo
27359,Weapon_Avatar_Staff_Physical_UNC_30_to_34,hp_hum_staff_physical_v01.geo
27360,Weapon_Avatar_Staff_Physical_UNC_35_to_39,hp_hum_staff_physical_v01.geo
27361,Weapon_Avatar_Staff_Physical_UNC_40_to_44,hp_hum_staff_physical_v01.geo
27362,Weapon_Avatar_Staff_Physical_UNC_45_to_49,hp_hum_staff_physical_v01.geo
27363,Weapon_Avatar_Staff_Physical_UNC_50_to_50,hp_hum_staff_physical_v01.geo
27364,Weapon_Avatar_Staff_Virulent_UNC_30_to_34,hp_hum_staff_viral_v01.geo
27365,Weapon_Avatar_Staff_Virulent_UNC_35_to_39,hp_hum_staff_viral_v01.geo
27366,Weapon_Avatar_Staff_Virulent_UNC_40_to_44,hp_hum_staff_viral_v01.geo
27367,Weapon_Avatar_Staff_Virulent_UNC_45_to_49,hp_hum_staff_viral_v01.geo
27368,Weapon_Avatar_Staff_Virulent_UNC_50_to_50,hp_hum_staff_viral_v01.geo
27369,Weapon_Avatar_Torqueshell_Rifle_Electric_UNC_30_to_32,hp_hum_sniperrifle_electric.geo
27370,Weapon_Avatar_Torqueshell_Rifle_Electric_UNC_33_to_37,hp_hum_sniperrifle_electric.geo
27371,Weapon_Avatar_Torqueshell_Rifle_Electric_UNC_38_to_42,hp_hum_sniperrifle_electric.geo
27372,Weapon_Avatar_Torqueshell_Rifle_Electric_UNC_43_to_47,hp_hum_sniperrifle_electric.geo
27373,Weapon_Avatar_Torqueshell_Rifle_Electric_UNC_48_to_49,hp_hum_sniperrifle_electric.geo
27374,Weapon_Avatar_Torqueshell_Rifle_Electric_UNC_50_to_50,hp_hum_sniperrifle_electric.geo
27375,Weapon_Avatar_Torqueshell_Rifle_EMP_UNC_30_to_32,hp_hum_sniperrifle_emp.geo
27376,Weapon_Avatar_Torqueshell_Rifle_EMP_UNC_33_to_37,hp_hum_sniperrifle_emp.geo
27377,Weapon_Avatar_Torqueshell_Rifle_EMP_UNC_38_to_42,hp_hum_sniperrifle_emp.geo
27378,Weapon_Avatar_Torqueshell_Rifle_EMP_UNC_43_to_47,hp_hum_sniperrifle_emp.geo
27379,Weapon_Avatar_Torqueshell_Rifle_EMP_UNC_48_to_49,hp_hum_sniperrifle_emp.geo
27380,Weapon_Avatar_Torqueshell_Rifle_EMP_UNC_50_to_50,hp_hum_sniperrifle_emp.geo
27381,Weapon_Avatar_Torqueshell_Rifle_Laser_UNC_30_to_32,hp_hum_sniperrifle_laser.geo
27382,Weapon_Avatar_Torqueshell_Rifle_Laser_UNC_33_to_37,hp_hum_sniperrifle_laser.geo
27383,Weapon_Avatar_Torqueshell_Rifle_Laser_UNC_38_to_42,hp_hum_sniperrifle_laser.geo
27384,Weapon_Avatar_Torqueshell_Rifle_Laser_UNC_43_to_47,hp_hum_sniperrifle_laser.geo
27385,Weapon_Avatar_Torqueshell_Rifle_Laser_UNC_48_to_49,hp_hum_sniperrifle_laser.geo
27386,Weapon_Avatar_Torqueshell_Rifle_Laser_UNC_50_to_50,hp_hum_sniperrifle_laser.geo
27387,Weapon_Avatar_Torqueshell_Rifle_Physical_UNC_30_to_32,hp_hum_sniperrifle_physcial.geo
27388,Weapon_Avatar_Torqueshell_Rifle_Physical_UNC_33_to_37,hp_hum_sniperrifle_physcial.geo
27389,Weapon_Avatar_Torqueshell_Rifle_Physical_UNC_38_to_42,hp_hum_sniperrifle_physcial.geo
27390,Weapon_Avatar_Torqueshell_Rifle_Physical_UNC_43_to_47,hp_hum_sniperrifle_physcial.geo
27391,Weapon_Avatar_Torqueshell_Rifle_Physical_UNC_48_to_49,hp_hum_sniperrifle_physcial.geo
27392,Weapon_Avatar_Torqueshell_Rifle_Physical_UNC_50_to_50,hp_hum_sniperrifle_physcial.geo
27393,Weapon_Avatar_Torqueshell_Rifle_Sonic_UNC_30_to_32,hp_hum_sniperrifle_sonic.geo
27394,Weapon_Avatar_Torqueshell_Rifle_Sonic_UNC_33_to_37,hp_hum_sniperrifle_sonic.geo
27395,Weapon_Avatar_Torqueshell_Rifle_Sonic_UNC_38_to_42,hp_hum_sniperrifle_sonic.geo
27396,Weapon_Avatar_Torqueshell_Rifle_Sonic_UNC_43_to_47,hp_hum_sniperrifle_sonic.geo
27397,Weapon_Avatar_Torqueshell_Rifle_Sonic_UNC_48_to_49,hp_hum_sniperrifle_sonic.geo
27398,Weapon_Avatar_Torqueshell_Rifle_Sonic_UNC_50_to_50,hp_hum_sniperrifle_sonic.geo
27399,Weapon_Avatar_Blade_Electric_RAR_30_to_30,hp_hum_sword_electric_v01.geo
27400,Weapon_Avatar_Blade_Electric_RAR_31_to_35,hp_hum_sword_electric_v01.geo
27401,Weapon_Avatar_Blade_Electric_RAR_36_to_40,hp_hum_sword_electric_v01.geo
27402,Weapon_Avatar_Blade_Electric_RAR_41_to_45,hp_hum_sword_electric_v01.geo
27403,Weapon_Avatar_Blade_Electric_RAR_46_to_49,hp_hum_sword_electric_v01.geo
27404,Weapon_Avatar_Blade_Electric_RAR_50_to_50,hp_hum_sword_electric_v01.geo
27405,Weapon_Avatar_Blade_Fire_RAR_30_to_30,hp_hum_sword_fire_v01.geo
27406,Weapon_Avatar_Blade_Fire_RAR_31_to_35,hp_hum_sword_fire_v01.geo
27407,Weapon_Avatar_Blade_Fire_RAR_36_to_40,hp_hum_sword_fire_v01.geo
27408,Weapon_Avatar_Blade_Fire_RAR_41_to_45,hp_hum_sword_fire_v01.geo
27409,Weapon_Avatar_Blade_Fire_RAR_46_to_49,hp_hum_sword_fire_v01.geo
27410,Weapon_Avatar_Blade_Fire_RAR_50_to_50,hp_hum_sword_fire_v01.geo
27411,Weapon_Avatar_Blade_Ice_RAR_30_to_30,hp_hum_sword_ice_v01.geo
27412,Weapon_Avatar_Blade_Ice_RAR_31_to_35,hp_hum_sword_ice_v01.geo
27413,Weapon_Avatar_Blade_Ice_RAR_36_to_40,hp_hum_sword_ice_v01.geo
27414,Weapon_Avatar_Blade_Ice_RAR_41_to_45,hp_hum_sword_ice_v01.geo
27415,Weapon_Avatar_Blade_Ice_RAR_46_to_49,hp_hum_sword_ice_v01.geo
27416,Weapon_Avatar_Blade_Ice_RAR_50_to_50,hp_hum_sword_ice_v01.geo
27417,Weapon_Avatar_Blade_Laser_RAR_30_to_30,hp_hum_sword_laser_v01.geo
27418,Weapon_Avatar_Blade_Laser_RAR_31_to_35,hp_hum_sword_laser_v01.geo
27419,Weapon_Avatar_Blade_Laser_RAR_36_to_40,hp_hum_sword_laser_v01.geo
27420,Weapon_Avatar_Blade_Laser_RAR_41_to_45,hp_hum_sword_laser_v01.geo
27421,Weapon_Avatar_Blade_Laser_RAR_46_to_49,hp_hum_sword_laser_v01.geo
27422,Weapon_Avatar_Blade_Laser_RAR_50_to_50,hp_hum_sword_laser_v01.geo
27423,Weapon_Avatar_Blade_Physical_RAR_30_to_30,hp_hum_sword_v01.geo
27424,Weapon_Avatar_Blade_Physical_RAR_31_to_35,hp_hum_sword_v01.geo
27425,Weapon_Avatar_Blade_Physical_RAR_36_to_40,hp_hum_sword_v01.geo
27426,Weapon_Avatar_Blade_Physical_RAR_41_to_45,hp_hum_sword_v01.geo
27427,Weapon_Avatar_Blade_Physical_RAR_46_to_49,hp_hum_sword_v01.geo
27428,Weapon_Avatar_Blade_Physical_RAR_50_to_50,hp_hum_sword_v01.geo
27429,Weapon_Avatar_GrenadeLauncher_EMP_RAR_15_to_19,hp_hum_grenadelauncher_emp_v01.geo
27430,Weapon_Avatar_GrenadeLauncher_EMP_RAR_20_to_24,hp_hum_grenadelauncher_emp_v01.geo
27431,Weapon_Avatar_GrenadeLauncher_EMP_RAR_25_to_29,hp_hum_grenadelauncher_emp_v01.geo
27432,Weapon_Avatar_GrenadeLauncher_EMP_RAR_30_to_34,hp_hum_grenadelauncher_emp_v01.geo
27433,Weapon_Avatar_GrenadeLauncher_EMP_RAR_35_to_39,hp_hum_grenadelauncher_emp_v01.geo
27434,Weapon_Avatar_GrenadeLauncher_EMP_RAR_40_to_44,hp_hum_grenadelauncher_emp_v01.geo
27435,Weapon_Avatar_GrenadeLauncher_EMP_RAR_45_to_49,hp_hum_grenadelauncher_emp_v01.geo
27436,Weapon_Avatar_GrenadeLauncher_EMP_RAR_50_to_50,hp_hum_grenadelauncher_emp_v01.geo
27437,Weapon_Avatar_GrenadeLauncher_Fire_RAR_20_to_24,hp_hum_grenadelauncher_fire.geo
27438,Weapon_Avatar_GrenadeLauncher_Fire_RAR_25_to_29,hp_hum_grenadelauncher_fire.geo
27439,Weapon_Avatar_GrenadeLauncher_Fire_RAR_30_to_34,hp_hum_grenadelauncher_fire.geo
27440,Weapon_Avatar_GrenadeLauncher_Fire_RAR_35_to_39,hp_hum_grenadelauncher_fire.geo
27441,Weapon_Avatar_GrenadeLauncher_Fire_RAR_40_to_44,hp_hum_grenadelauncher_fire.geo
27442,Weapon_Avatar_GrenadeLauncher_Fire_RAR_45_to_49,hp_hum_grenadelauncher_fire.geo
27443,Weapon_Avatar_GrenadeLauncher_Fire_RAR_50_to_50,hp_hum_grenadelauncher_fire.geo
27444,Weapon_Avatar_GrenadeLauncher_Ice_RAR_20_to_24,hp_hum_grenadelauncher_ice.geo
27445,Weapon_Avatar_GrenadeLauncher_Ice_RAR_25_to_29,hp_hum_grenadelauncher_ice.geo
27446,Weapon_Avatar_GrenadeLauncher_Ice_RAR_30_to_34,hp_hum_grenadelauncher_ice.geo
27447,Weapon_Avatar_GrenadeLauncher_Ice_RAR_35_to_39,hp_hum_grenadelauncher_ice.geo
27448,Weapon_Avatar_GrenadeLauncher_Ice_RAR_40_to_44,hp_hum_grenadelauncher_ice.geo
27449,Weapon_Avatar_GrenadeLauncher_Ice_RAR_45_to_49,hp_hum_grenadelauncher_ice.geo
27450,Weapon_Avatar_GrenadeLauncher_Ice_RAR_50_to_50,hp_hum_grenadelauncher_ice.geo
27451,Weapon_Avatar_GrenadeLauncher_Physical_RAR_15_to_19,hp_hum_grenadelauncher_physical_v01.geo
27452,Weapon_Avatar_GrenadeLauncher_Physical_RAR_20_to_24,hp_hum_grenadelauncher_physical_v01.geo
27453,Weapon_Avatar_GrenadeLauncher_Physical_RAR_25_to_29,hp_hum_grenadelauncher_physical_v01.geo
27454,Weapon_Avatar_GrenadeLauncher_Physical_RAR_30_to_34,hp_hum_grenadelauncher_physical_v01.geo
27455,Weapon_Avatar_GrenadeLauncher_Physical_RAR_35_to_39,hp_hum_grenadelauncher_physical_v01.geo
27456,Weapon_Avatar_GrenadeLauncher_Physical_RAR_40_to_44,hp_hum_grenadelauncher_physical_v01.geo
27457,Weapon_Avatar_GrenadeLauncher_Physical_RAR_45_to_49,hp_hum_grenadelauncher_physical_v01.geo
27458,Weapon_Avatar_GrenadeLauncher_Physical_RAR_50_to_50,hp_hum_grenadelauncher_physical_v01.geo
27459,Weapon_Avatar_GrenadeLauncher_Sonic_RAR_15_to_19,hp_hum_grenadelauncher_sonic.geo
27460,Weapon_Avatar_GrenadeLauncher_Sonic_RAR_20_to_24,hp_hum_grenadelauncher_sonic.geo
27461,Weapon_Avatar_GrenadeLauncher_Sonic_RAR_25_to_29,hp_hum_grenadelauncher_sonic.geo
27462,Weapon_Avatar_GrenadeLauncher_Sonic_RAR_30_to_34,hp_hum_grenadelauncher_sonic.geo
27463,Weapon_Avatar_GrenadeLauncher_Sonic_RAR_35_to_39,hp_hum_grenadelauncher_sonic.geo
27464,Weapon_Avatar_GrenadeLauncher_Sonic_RAR_40_to_44,hp_hum_grenadelauncher_sonic.geo
27465,Weapon_Avatar_GrenadeLauncher_Sonic_RAR_45_to_49,hp_hum_grenadelauncher_sonic.geo
27466,Weapon_Avatar_GrenadeLauncher_Sonic_RAR_50_to_50,hp_hum_grenadelauncher_sonic.geo
27467,Weapon_Avatar_InjectionGun_Electric_RAR_17_to_21,hp_hum_injectiongun_electric_v01.geo
27468,Weapon_Avatar_InjectionGun_Electric_RAR_22_to_26,hp_hum_injectiongun_electric_v01.geo
27469,Weapon_Avatar_InjectionGun_Electric_RAR_27_to_31,hp_hum_injectiongun_electric_v01.geo
27470,Weapon_Avatar_InjectionGun_Electric_RAR_32_to_36,hp_hum_injectiongun_electric_v01.geo
27471,Weapon_Avatar_InjectionGun_Electric_RAR_37_to_41,hp_hum_injectiongun_electric_v01.geo
27472,Weapon_Avatar_InjectionGun_Electric_RAR_42_to_46,hp_hum_injectiongun_electric_v01.geo
27473,Weapon_Avatar_InjectionGun_Electric_RAR_47_to_49,hp_hum_injectiongun_electric_v01.geo
27474,Weapon_Avatar_InjectionGun_Electric_RAR_50_to_50,hp_hum_injectiongun_electric_v01.geo
27475,Weapon_Avatar_InjectionGun_Fire_RAR_22_to_26,hp_hum_injectiongun_fire_v01.geo
27476,Weapon_Avatar_InjectionGun_Fire_RAR_27_to_31,hp_hum_injectiongun_fire_v01.geo
27477,Weapon_Avatar_InjectionGun_Fire_RAR_32_to_36,hp_hum_injectiongun_fire_v01.geo
27478,Weapon_Avatar_InjectionGun_Fire_RAR_37_to_41,hp_hum_injectiongun_fire_v01.geo
27479,Weapon_Avatar_InjectionGun_Fire_RAR_42_to_46,hp_hum_injectiongun_fire_v01.geo
27480,Weapon_Avatar_InjectionGun_Fire_RAR_47_to_49,hp_hum_injectiongun_fire_v01.geo
27481,Weapon_Avatar_InjectionGun_Fire_RAR_50_to_50,hp_hum_injectiongun_fire_v01.geo
27482,Weapon_Avatar_InjectionGun_Ice_RAR_22_to_26,hp_hum_injectiongun_ice_v01.geo
27483,Weapon_Avatar_InjectionGun_Ice_RAR_27_to_31,hp_hum_injectiongun_ice_v01.geo
27484,Weapon_Avatar_InjectionGun_Ice_RAR_32_to_36,hp_hum_injectiongun_ice_v01.geo
27485,Weapon_Avatar_InjectionGun_Ice_RAR_37_to_41,hp_hum_injectiongun_ice_v01.geo
27486,Weapon_Avatar_InjectionGun_Ice_RAR_42_to_46,hp_hum_injectiongun_ice_v01.geo
27487,Weapon_Avatar_InjectionGun_Ice_RAR_47_to_49,hp_hum_injectiongun_ice_v01.geo
27488,Weapon_Avatar_InjectionGun_Ice_RAR_50_to_50,hp_hum_injectiongun_ice_v01.geo
27489,Weapon_Avatar_InjectionGun_Virulent_RAR_15_to_16,hp_hum_injectiongun_viral.geo
27490,Weapon_Avatar_InjectionGun_Virulent_RAR_17_to_21,hp_hum_injectiongun_viral.geo
27491,Weapon_Avatar_InjectionGun_Virulent_RAR_22_to_26,hp_hum_injectiongun_viral.geo
27492,Weapon_Avatar_InjectionGun_Virulent_RAR_27_to_31,hp_hum_injectiongun_viral.geo
27493,Weapon_Avatar_InjectionGun_Virulent_RAR_32_to_36,hp_hum_injectiongun_viral.geo
27494,Weapon_Avatar_InjectionGun_Virulent_RAR_37_to_41,hp_hum_injectiongun_viral.geo
27495,Weapon_Avatar_InjectionGun_Virulent_RAR_42_to_46,hp_hum_injectiongun_viral.geo
27496,Weapon_Avatar_InjectionGun_Virulent_RAR_47_to_49,hp_hum_injectiongun_viral.geo
27497,Weapon_Avatar_InjectionGun_Virulent_RAR_50_to_50,hp_hum_injectiongun_viral.geo
27498,Weapon_Avatar_LeechGun_Fire_RAR_24_to_28,hp_hum_densitygun_fire.geo
27499,Weapon_Avatar_LeechGun_Fire_RAR_29_to_33,hp_hum_densitygun_fire.geo
27500,Weapon_Avatar_LeechGun_Fire_RAR_34_to_38,hp_hum_densitygun_fire.geo
27501,Weapon_Avatar_LeechGun_Fire_RAR_39_to_43,hp_hum_densitygun_fire.geo
27502,Weapon_Avatar_LeechGun_Fire_RAR_44_to_48,hp_hum_densitygun_fire.geo
27503,Weapon_Avatar_LeechGun_Fire_RAR_49_to_49,hp_hum_densitygun_fire.geo
27504,Weapon_Avatar_LeechGun_Fire_RAR_50_to_50,hp_hum_densitygun_fire.geo
27505,Weapon_Avatar_LeechGun_Ice_RAR_24_to_28,hp_hum_densitygun_ice.geo
27506,Weapon_Avatar_LeechGun_Ice_RAR_29_to_33,hp_hum_densitygun_ice.geo
27507,Weapon_Avatar_LeechGun_Ice_RAR_34_to_38,hp_hum_densitygun_ice.geo
27508,Weapon_Avatar_LeechGun_Ice_RAR_39_to_43,hp_hum_densitygun_ice.geo
27509,Weapon_Avatar_LeechGun_Ice_RAR_44_to_48,hp_hum_densitygun_ice.geo
27510,Weapon_Avatar_LeechGun_Ice_RAR_49_to_49,hp_hum_densitygun_ice.geo
27511,Weapon_Avatar_LeechGun_Ice_RAR_50_to_50,hp_hum_densitygun_ice.geo
27512,Weapon_Avatar_LeechGun_Physical_RAR_05_to_08,hp_hum_densitygun_physical_v01.geo
27513,Weapon_Avatar_LeechGun_Physical_RAR_09_to_13,hp_hum_densitygun_physical_v01.geo
27514,Weapon_Avatar_LeechGun_Physical_RAR_14_to_18,hp_hum_densitygun_physical_v01.geo
27515,Weapon_Avatar_LeechGun_Physical_RAR_19_to_23,hp_hum_densitygun_physical_v01.geo
27516,Weapon_Avatar_LeechGun_Physical_RAR_24_to_28,hp_hum_densitygun_physical_v01.geo
27517,Weapon_Avatar_LeechGun_Physical_RAR_29_to_33,hp_hum_densitygun_physical_v01.geo
27518,Weapon_Avatar_LeechGun_Physical_RAR_34_to_38,hp_hum_densitygun_physical_v01.geo
27519,Weapon_Avatar_LeechGun_Physical_RAR_39_to_43,hp_hum_densitygun_physical_v01.geo
27520,Weapon_Avatar_LeechGun_Physical_RAR_44_to_48,hp_hum_densitygun_physical_v01.geo
27521,Weapon_Avatar_LeechGun_Physical_RAR_49_to_49,hp_hum_densitygun_physical_v01.geo
27522,Weapon_Avatar_LeechGun_Physical_RAR_50_to_50,hp_hum_densitygun_physical_v01.geo
27523,Weapon_Avatar_LeechGun_Virulent_RAR_14_to_18,hp_hum_densitygun_viral_v01.geo
27524,Weapon_Avatar_LeechGun_Virulent_RAR_19_to_23,hp_hum_densitygun_viral_v01.geo
27525,Weapon_Avatar_LeechGun_Virulent_RAR_24_to_28,hp_hum_densitygun_viral_v01.geo
27526,Weapon_Avatar_LeechGun_Virulent_RAR_29_to_33,hp_hum_densitygun_viral_v01.geo
27527,Weapon_Avatar_LeechGun_Virulent_RAR_34_to_38,hp_hum_densitygun_viral_v01.geo
27528,Weapon_Avatar_LeechGun_Virulent_RAR_39_to_43,hp_hum_densitygun_viral_v01.geo
27529,Weapon_Avatar_LeechGun_Virulent_RAR_44_to_48,hp_hum_densitygun_viral_v01.geo
27530,Weapon_Avatar_LeechGun_Virulent_RAR_49_to_49,hp_hum_densitygun_viral_v01.geo
27531,Weapon_Avatar_LeechGun_Virulent_RAR_50_to_50,hp_hum_densitygun_viral_v01.geo
27532,Weapon_Avatar_MachineGun_Electric_RAR_18_to_22,hp_hum_machinegun_electric.geo
27533,Weapon_Avatar_MachineGun_Electric_RAR_23_to_27,hp_hum_machinegun_electric.geo
27534,Weapon_Avatar_MachineGun_Electric_RAR_28_to_32,hp_hum_machinegun_electric.geo
27535,Weapon_Avatar_MachineGun_Electric_RAR_33_to_37,hp_hum_machinegun_electric.geo
27536,Weapon_Avatar_MachineGun_Electric_RAR_38_to_42,hp_hum_machinegun_electric.geo
27537,Weapon_Avatar_MachineGun_Electric_RAR_43_to_47,hp_hum_machinegun_electric.geo
27538,Weapon_Avatar_MachineGun_Electric_RAR_48_to_49,hp_hum_machinegun_electric.geo
27539,Weapon_Avatar_MachineGun_Electric_RAR_50_to_50,hp_hum_machinegun_electric.geo
27540,Weapon_Avatar_MachineGun_EMP_RAR_05_to_07,hp_hum_machinegun_emp.geo
27541,Weapon_Avatar_MachineGun_EMP_RAR_08_to_12,hp_hum_machinegun_emp.geo
27542,Weapon_Avatar_MachineGun_EMP_RAR_13_to_17,hp_hum_machinegun_emp.geo
27543,Weapon_Avatar_MachineGun_EMP_RAR_18_to_22,hp_hum_machinegun_emp.geo
27544,Weapon_Avatar_MachineGun_EMP_RAR_23_to_27,hp_hum_machinegun_emp.geo
27545,Weapon_Avatar_MachineGun_EMP_RAR_28_to_32,hp_hum_machinegun_emp.geo
27546,Weapon_Avatar_MachineGun_EMP_RAR_33_to_37,hp_hum_machinegun_emp.geo
27547,Weapon_Avatar_MachineGun_EMP_RAR_38_to_42,hp_hum_machinegun_emp.geo
27548,Weapon_Avatar_MachineGun_EMP_RAR_43_to_47,hp_hum_machinegun_emp.geo
27549,Weapon_Avatar_MachineGun_EMP_RAR_48_to_49,hp_hum_machinegun_emp.geo
27550,Weapon_Avatar_MachineGun_EMP_RAR_50_to_50,hp_hum_machinegun_emp.geo
27551,Weapon_Avatar_MachineGun_Laser_RAR_05_to_07,hp_hum_machinegun_laser_v01.geo
27552,Weapon_Avatar_MachineGun_Laser_RAR_08_to_12,hp_hum_machinegun_laser_v01.geo
27553,Weapon_Avatar_MachineGun_Laser_RAR_13_to_17,hp_hum_machinegun_laser_v01.geo
27554,Weapon_Avatar_MachineGun_Laser_RAR_18_to_22,hp_hum_machinegun_laser_v01.geo
27555,Weapon_Avatar_MachineGun_Laser_RAR_23_to_27,hp_hum_machinegun_laser_v01.geo
27556,Weapon_Avatar_MachineGun_Laser_RAR_28_to_32,hp_hum_machinegun_laser_v01.geo
27557,Weapon_Avatar_MachineGun_Laser_RAR_33_to_37,hp_hum_machinegun_laser_v01.geo
27558,Weapon_Avatar_MachineGun_Laser_RAR_38_to_42,hp_hum_machinegun_laser_v01.geo
27559,Weapon_Avatar_MachineGun_Laser_RAR_43_to_47,hp_hum_machinegun_laser_v01.geo
27560,Weapon_Avatar_MachineGun_Laser_RAR_48_to_49,hp_hum_machinegun_laser_v01.geo
27561,Weapon_Avatar_MachineGun_Laser_RAR_50_to_50,hp_hum_machinegun_laser_v01.geo
27562,Weapon_Avatar_MachineGun_Physical_RAR_05_to_07,hp_hum_machinegun_physical.geo
27563,Weapon_Avatar_MachineGun_Physical_RAR_08_to_12,hp_hum_machinegun_physical.geo
27564,Weapon_Avatar_MachineGun_Physical_RAR_13_to_17,hp_hum_machinegun_physical.geo
27565,Weapon_Avatar_MachineGun_Physical_RAR_18_to_22,hp_hum_machinegun_physical.geo
27566,Weapon_Avatar_MachineGun_Physical_RAR_23_to_27,hp_hum_machinegun_physical.geo
27567,Weapon_Avatar_MachineGun_Physical_RAR_28_to_32,hp_hum_machinegun_physical.geo
27568,Weapon_Avatar_MachineGun_Physical_RAR_33_to_37,hp_hum_machinegun_physical.geo
27569,Weapon_Avatar_MachineGun_Physical_RAR_38_to_42,hp_hum_machinegun_physical.geo
27570,Weapon_Avatar_MachineGun_Physical_RAR_43_to_47,hp_hum_machinegun_physical.geo
27571,Weapon_Avatar_MachineGun_Physical_RAR_48_to_49,hp_hum_machinegun_physical.geo
27572,Weapon_Avatar_MachineGun_Physical_RAR_50_to_50,hp_hum_machinegun_physical.geo
27573,Weapon_Avatar_NetGun_Electric_RAR_15_to_15,hp_hum_netgun_electric_v01.geo
27574,Weapon_Avatar_NetGun_Electric_RAR_16_to_20,hp_hum_netgun_electric_v01.geo
27575,Weapon_Avatar_NetGun_Electric_RAR_21_to_25,hp_hum_netgun_electric_v01.geo
27576,Weapon_Avatar_NetGun_Electric_RAR_26_to_30,hp_hum_netgun_electric_v01.geo
27577,Weapon_Avatar_NetGun_Electric_RAR_31_to_35,hp_hum_netgun_electric_v01.geo
27578,Weapon_Avatar_NetGun_Electric_RAR_36_to_40,hp_hum_netgun_electric_v01.geo
27579,Weapon_Avatar_NetGun_Electric_RAR_41_to_45,hp_hum_netgun_electric_v01.geo
27580,Weapon_Avatar_NetGun_Electric_RAR_46_to_49,hp_hum_netgun_electric_v01.geo
27581,Weapon_Avatar_NetGun_Electric_RAR_50_to_50,hp_hum_netgun_electric_v01.geo
27582,Weapon_Avatar_NetGun_Fire_RAR_21_to_25,hp_hum_netgun_fire.geo
27583,Weapon_Avatar_NetGun_Fire_RAR_26_to_30,hp_hum_netgun_fire.geo
27584,Weapon_Avatar_NetGun_Fire_RAR_31_to_35,hp_hum_netgun_fire.geo
27585,Weapon_Avatar_NetGun_Fire_RAR_36_to_40,hp_hum_netgun_fire.geo
27586,Weapon_Avatar_NetGun_Fire_RAR_41_to_45,hp_hum_netgun_fire.geo
27587,Weapon_Avatar_NetGun_Fire_RAR_46_to_49,hp_hum_netgun_fire.geo
27588,Weapon_Avatar_NetGun_Fire_RAR_50_to_50,hp_hum_netgun_fire.geo
27589,Weapon_Avatar_NetGun_Ice_RAR_21_to_25,hp_hum_netgun_ice_v01.geo
27590,Weapon_Avatar_NetGun_Ice_RAR_26_to_30,hp_hum_netgun_ice_v01.geo
27591,Weapon_Avatar_NetGun_Ice_RAR_31_to_35,hp_hum_netgun_ice_v01.geo
27592,Weapon_Avatar_NetGun_Ice_RAR_36_to_40,hp_hum_netgun_ice_v01.geo
27593,Weapon_Avatar_NetGun_Ice_RAR_41_to_45,hp_hum_netgun_ice_v01.geo
27594,Weapon_Avatar_NetGun_Ice_RAR_46_to_49,hp_hum_netgun_ice_v01.geo
27595,Weapon_Avatar_NetGun_Ice_RAR_50_to_50,hp_hum_netgun_ice_v01.geo
27596,Weapon_Avatar_Pistol_Electric_RAR_20_to_24,hp_hum_pistol_electric_v01.geo
27597,Weapon_Avatar_Pistol_Electric_RAR_25_to_29,hp_hum_pistol_electric_v01.geo
27598,Weapon_Avatar_Pistol_Electric_RAR_30_to_34,hp_hum_pistol_electric_v01.geo
27599,Weapon_Avatar_Pistol_Electric_RAR_35_to_39,hp_hum_pistol_electric_v01.geo
27600,Weapon_Avatar_Pistol_Electric_RAR_40_to_44,hp_hum_pistol_electric_v01.geo
27601,Weapon_Avatar_Pistol_Electric_RAR_45_to_49,hp_hum_pistol_electric_v01.geo
27602,Weapon_Avatar_Pistol_Electric_RAR_50_to_50,hp_hum_pistol_electric_v01.geo
27603,Weapon_Avatar_Pistol_EMP_RAR_05_to_09,hp_hum_pistol_emp_v01.geo
27604,Weapon_Avatar_Pistol_EMP_RAR_10_to_14,hp_hum_pistol_emp_v01.geo
27605,Weapon_Avatar_Pistol_EMP_RAR_15_to_19,hp_hum_pistol_emp_v01.geo
27606,Weapon_Avatar_Pistol_EMP_RAR_20_to_24,hp_hum_pistol_emp_v01.geo
27607,Weapon_Avatar_Pistol_EMP_RAR_25_to_29,hp_hum_pistol_emp_v01.geo
27608,Weapon_Avatar_Pistol_EMP_RAR_30_to_34,hp_hum_pistol_emp_v01.geo
27609,Weapon_Avatar_Pistol_EMP_RAR_35_to_39,hp_hum_pistol_emp_v01.geo
27610,Weapon_Avatar_Pistol_EMP_RAR_40_to_44,hp_hum_pistol_emp_v01.geo
27611,Weapon_Avatar_Pistol_EMP_RAR_45_to_49,hp_hum_pistol_emp_v01.geo
27612,Weapon_Avatar_Pistol_EMP_RAR_50_to_50,hp_hum_pistol_emp_v01.geo
27613,Weapon_Avatar_Pistol_Laser_RAR_05_to_09,hp_hum_pistol_laser.geo
27614,Weapon_Avatar_Pistol_Laser_RAR_10_to_14,hp_hum_pistol_laser.geo
27615,Weapon_Avatar_Pistol_Laser_RAR_15_to_19,hp_hum_pistol_laser.geo
27616,Weapon_Avatar_Pistol_Laser_RAR_20_to_24,hp_hum_pistol_laser.geo
27617,Weapon_Avatar_Pistol_Laser_RAR_25_to_29,hp_hum_pistol_laser.geo
27618,Weapon_Avatar_Pistol_Laser_RAR_30_to_34,hp_hum_pistol_laser.geo
27619,Weapon_Avatar_Pistol_Laser_RAR_35_to_39,hp_hum_pistol_laser.geo
27620,Weapon_Avatar_Pistol_Laser_RAR_40_to_44,hp_hum_pistol_laser.geo
27621,Weapon_Avatar_Pistol_Laser_RAR_45_to_49,hp_hum_pistol_laser.geo
27622,Weapon_Avatar_Pistol_Laser_RAR_50_to_50,hp_hum_pistol_laser.geo
27623,Weapon_Avatar_Pistol_Physical_RAR_01_to_04,hp_hum_pistol_physical_v01.geo
27624,Weapon_Avatar_Pistol_Physical_RAR_05_to_09,hp_hum_pistol_physical_v01.geo
27625,Weapon_Avatar_Pistol_Physical_RAR_10_to_14,hp_hum_pistol_physical_v01.geo
27626,Weapon_Avatar_Pistol_Physical_RAR_15_to_19,hp_hum_pistol_physical_v01.geo
27627,Weapon_Avatar_Pistol_Physical_RAR_20_to_24,hp_hum_pistol_physical_v01.geo
27628,Weapon_Avatar_Pistol_Physical_RAR_25_to_29,hp_hum_pistol_physical_v01.geo
27629,Weapon_Avatar_Pistol_Physical_RAR_30_to_34,hp_hum_pistol_physical_v01.geo
27630,Weapon_Avatar_Pistol_Physical_RAR_35_to_39,hp_hum_pistol_physical_v01.geo
27631,Weapon_Avatar_Pistol_Physical_RAR_40_to_44,hp_hum_pistol_physical_v01.geo
27632,Weapon_Avatar_Pistol_Physical_RAR_45_to_49,hp_hum_pistol_physical_v01.geo
27633,Weapon_Avatar_Pistol_Physical_RAR_50_to_50,hp_hum_pistol_physical_v01.geo
27634,Weapon_Avatar_Pistol_Sonic_RAR_15_to_19,hp_hum_pistol_physical_v01.geo
27635,Weapon_Avatar_Pistol_Sonic_RAR_20_to_24,hp_hum_pistol_physical_v01.geo
27636,Weapon_Avatar_Pistol_Sonic_RAR_25_to_29,hp_hum_pistol_physical_v01.geo
27637,Weapon_Avatar_Pistol_Sonic_RAR_30_to_34,hp_hum_pistol_physical_v01.geo
27638,Weapon_Avatar_Pistol_Sonic_RAR_35_to_39,hp_hum_pistol_physical_v01.geo
27639,Weapon_Avatar_Pistol_Sonic_RAR_40_to_44,hp_hum_pistol_physical_v01.geo
27640,Weapon_Avatar_Pistol_Sonic_RAR_45_to_49,hp_hum_pistol_physical_v01.geo
27641,Weapon_Avatar_Pistol_Sonic_RAR_50_to_50,hp_hum_pistol_physical_v01.geo
27642,Weapon_Avatar_PolarityGun_Electric_RAR_15_to_17,hp_hum_polaritygun_electric_v01.geo
27643,Weapon_Avatar_PolarityGun_Electric_RAR_18_to_22,hp_hum_polaritygun_electric_v01.geo
27644,Weapon_Avatar_PolarityGun_Electric_RAR_23_to_27,hp_hum_polaritygun_electric_v01.geo
27645,Weapon_Avatar_PolarityGun_Electric_RAR_28_to_32,hp_hum_polaritygun_electric_v01.geo
27646,Weapon_Avatar_PolarityGun_Electric_RAR_33_to_37,hp_hum_polaritygun_electric_v01.geo
27647,Weapon_Avatar_PolarityGun_Electric_RAR_38_to_42,hp_hum_polaritygun_electric_v01.geo
27648,Weapon_Avatar_PolarityGun_Electric_RAR_43_to_47,hp_hum_polaritygun_electric_v01.geo
27649,Weapon_Avatar_PolarityGun_Electric_RAR_48_to_49,hp_hum_polaritygun_electric_v01.geo
27650,Weapon_Avatar_PolarityGun_Electric_RAR_50_to_50,hp_hum_polaritygun_electric_v01.geo
27651,Weapon_Avatar_PolarityGun_Fire_RAR_23_to_27,hp_hum_polaritygun_fire.geo
27652,Weapon_Avatar_PolarityGun_Fire_RAR_28_to_32,hp_hum_polaritygun_fire.geo
27653,Weapon_Avatar_PolarityGun_Fire_RAR_33_to_37,hp_hum_polaritygun_fire.geo
27654,Weapon_Avatar_PolarityGun_Fire_RAR_38_to_42,hp_hum_polaritygun_fire.geo
27655,Weapon_Avatar_PolarityGun_Fire_RAR_43_to_47,hp_hum_polaritygun_fire.geo
27656,Weapon_Avatar_PolarityGun_Fire_RAR_48_to_49,hp_hum_polaritygun_fire.geo
27657,Weapon_Avatar_PolarityGun_Fire_RAR_50_to_50,hp_hum_polaritygun_fire.geo
27658,Weapon_Avatar_PolarityGun_Ice_RAR_23_to_27,hp_hum_propellant_gun_ice.geo
27659,Weapon_Avatar_PolarityGun_Ice_RAR_28_to_32,hp_hum_propellant_gun_ice.geo
27660,Weapon_Avatar_PolarityGun_Ice_RAR_33_to_37,hp_hum_propellant_gun_ice.geo
27661,Weapon_Avatar_PolarityGun_Ice_RAR_38_to_42,hp_hum_propellant_gun_ice.geo
27662,Weapon_Avatar_PolarityGun_Ice_RAR_43_to_47,hp_hum_propellant_gun_ice.geo
27663,Weapon_Avatar_PolarityGun_Ice_RAR_48_to_49,hp_hum_propellant_gun_ice.geo
27664,Weapon_Avatar_PolarityGun_Ice_RAR_50_to_50,hp_hum_propellant_gun_ice.geo
27665,Weapon_Avatar_PropellantGun_EMP_RAR_30_to_31,hp_hum_propellant_gun_emp.geo
27666,Weapon_Avatar_PropellantGun_EMP_RAR_32_to_36,hp_hum_propellant_gun_emp.geo
27667,Weapon_Avatar_PropellantGun_EMP_RAR_37_to_41,hp_hum_propellant_gun_emp.geo
27668,Weapon_Avatar_PropellantGun_EMP_RAR_42_to_46,hp_hum_propellant_gun_emp.geo
27669,Weapon_Avatar_PropellantGun_EMP_RAR_47_to_49,hp_hum_propellant_gun_emp.geo
27670,Weapon_Avatar_PropellantGun_EMP_RAR_50_to_50,hp_hum_propellant_gun_emp.geo
27671,Weapon_Avatar_PropellantGun_Fire_RAR_30_to_31,hp_hum_propellant_gun_fire.geo
27672,Weapon_Avatar_PropellantGun_Fire_RAR_32_to_36,hp_hum_propellant_gun_fire.geo
27673,Weapon_Avatar_PropellantGun_Fire_RAR_37_to_41,hp_hum_propellant_gun_fire.geo
27674,Weapon_Avatar_PropellantGun_Fire_RAR_42_to_46,hp_hum_propellant_gun_fire.geo
27675,Weapon_Avatar_PropellantGun_Fire_RAR_47_to_49,hp_hum_propellant_gun_fire.geo
27676,Weapon_Avatar_PropellantGun_Fire_RAR_50_to_50,hp_hum_propellant_gun_fire.geo
27677,Weapon_Avatar_PropellantGun_Ice_RAR_30_to_31,hp_hum_propellant_gun_ice.geo
27678,Weapon_Avatar_PropellantGun_Ice_RAR_32_to_36,hp_hum_propellant_gun_ice.geo
27679,Weapon_Avatar_PropellantGun_Ice_RAR_37_to_41,hp_hum_propellant_gun_ice.geo
27680,Weapon_Avatar_PropellantGun_Ice_RAR_42_to_46,hp_hum_propellant_gun_ice.geo
27681,Weapon_Avatar_PropellantGun_Ice_RAR_47_to_49,hp_hum_propellant_gun_ice.geo
27682,Weapon_Avatar_PropellantGun_Ice_RAR_50_to_50,hp_hum_propellant_gun_ice.geo
27683,Weapon_Avatar_PropellantGun_Sonic_RAR_30_to_31,hp_hum_propellant_gun_sonic.geo
27684,Weapon_Avatar_PropellantGun_Sonic_RAR_32_to_36,hp_hum_propellant_gun_sonic.geo
27685,Weapon_Avatar_PropellantGun_Sonic_RAR_37_to_41,hp_hum_propellant_gun_sonic.geo
27686,Weapon_Avatar_PropellantGun_Sonic_RAR_42_to_46,hp_hum_propellant_gun_sonic.geo
27687,Weapon_Avatar_PropellantGun_Sonic_RAR_47_to_49,hp_hum_propellant_gun_sonic.geo
27688,Weapon_Avatar_PropellantGun_Sonic_RAR_50_to_50,hp_hum_propellant_gun_sonic.geo
27689,Weapon_Avatar_PropellantGun_Virulent_RAR_30_to_31,hp_hum_propellant_gun_viral.geo
27690,Weapon_Avatar_PropellantGun_Virulent_RAR_32_to_36,hp_hum_propellant_gun_viral.geo
27691,Weapon_Avatar_PropellantGun_Virulent_RAR_37_to_41,hp_hum_propellant_gun_viral.geo
27692,Weapon_Avatar_PropellantGun_Virulent_RAR_42_to_46,hp_hum_propellant_gun_viral.geo
27693,Weapon_Avatar_PropellantGun_Virulent_RAR_47_to_49,hp_hum_propellant_gun_viral.geo
27694,Weapon_Avatar_PropellantGun_Virulent_RAR_50_to_50,hp_hum_propellant_gun_viral.geo
27695,Weapon_Avatar_Rifle_Electric_RAR_16_to_20,hp_hum_rifle_electric.geo
27696,Weapon_Avatar_Rifle_Electric_RAR_21_to_25,hp_hum_rifle_electric.geo
27697,Weapon_Avatar_Rifle_Electric_RAR_26_to_30,hp_hum_rifle_electric.geo
27698,Weapon_Avatar_Rifle_Electric_RAR_31_to_35,hp_hum_rifle_electric.geo
27699,Weapon_Avatar_Rifle_Electric_RAR_36_to_40,hp_hum_rifle_electric.geo
27700,Weapon_Avatar_Rifle_Electric_RAR_41_to_45,hp_hum_rifle_electric.geo
27701,Weapon_Avatar_Rifle_Electric_RAR_46_to_49,hp_hum_rifle_electric.geo
27702,Weapon_Avatar_Rifle_Electric_RAR_50_to_50,hp_hum_rifle_electric.geo
27703,Weapon_Avatar_Rifle_EMP_RAR_06_to_10,hp_hum_rifle_emp_v01.geo
27704,Weapon_Avatar_Rifle_EMP_RAR_11_to_15,hp_hum_rifle_emp_v01.geo
27705,Weapon_Avatar_Rifle_EMP_RAR_16_to_20,hp_hum_rifle_emp_v01.geo
27706,Weapon_Avatar_Rifle_EMP_RAR_21_to_25,hp_hum_rifle_emp_v01.geo
27707,Weapon_Avatar_Rifle_EMP_RAR_26_to_30,hp_hum_rifle_emp_v01.geo
27708,Weapon_Avatar_Rifle_EMP_RAR_31_to_35,hp_hum_rifle_emp_v01.geo
27709,Weapon_Avatar_Rifle_EMP_RAR_36_to_40,hp_hum_rifle_emp_v01.geo
27710,Weapon_Avatar_Rifle_EMP_RAR_41_to_45,hp_hum_rifle_emp_v01.geo
27711,Weapon_Avatar_Rifle_EMP_RAR_46_to_49,hp_hum_rifle_emp_v01.geo
27712,Weapon_Avatar_Rifle_EMP_RAR_50_to_50,hp_hum_rifle_emp_v01.geo
27713,Weapon_Avatar_Rifle_Laser_RAR_06_to_10,hp_hum_rifle_laser_v01.geo
27714,Weapon_Avatar_Rifle_Laser_RAR_11_to_15,hp_hum_rifle_laser_v01.geo
27715,Weapon_Avatar_Rifle_Laser_RAR_16_to_20,hp_hum_rifle_laser_v01.geo
27716,Weapon_Avatar_Rifle_Laser_RAR_21_to_25,hp_hum_rifle_laser_v01.geo
27717,Weapon_Avatar_Rifle_Laser_RAR_26_to_30,hp_hum_rifle_laser_v01.geo
27718,Weapon_Avatar_Rifle_Laser_RAR_31_to_35,hp_hum_rifle_laser_v01.geo
27719,Weapon_Avatar_Rifle_Laser_RAR_36_to_40,hp_hum_rifle_laser_v01.geo
27720,Weapon_Avatar_Rifle_Laser_RAR_41_to_45,hp_hum_rifle_laser_v01.geo
27721,Weapon_Avatar_Rifle_Laser_RAR_46_to_49,hp_hum_rifle_laser_v01.geo
27722,Weapon_Avatar_Rifle_Laser_RAR_50_to_50,hp_hum_rifle_laser_v01.geo
27723,Weapon_Avatar_Rifle_Physical_RAR_01_to_05,hp_hum_rifle_physical_v01.geo
27724,Weapon_Avatar_Rifle_Physical_RAR_06_to_10,hp_hum_rifle_physical_v01.geo
27725,Weapon_Avatar_Rifle_Physical_RAR_11_to_15,hp_hum_rifle_physical_v01.geo
27726,Weapon_Avatar_Rifle_Physical_RAR_16_to_20,hp_hum_rifle_physical_v01.geo
27727,Weapon_Avatar_Rifle_Physical_RAR_21_to_25,hp_hum_rifle_physical_v01.geo
27728,Weapon_Avatar_Rifle_Physical_RAR_26_to_30,hp_hum_rifle_physical_v01.geo
27729,Weapon_Avatar_Rifle_Physical_RAR_31_to_35,hp_hum_rifle_physical_v01.geo
27730,Weapon_Avatar_Rifle_Physical_RAR_36_to_40,hp_hum_rifle_physical_v01.geo
27731,Weapon_Avatar_Rifle_Physical_RAR_41_to_45,hp_hum_rifle_physical_v01.geo
27732,Weapon_Avatar_Rifle_Physical_RAR_46_to_49,hp_hum_rifle_physical_v01.geo
27733,Weapon_Avatar_Rifle_Physical_RAR_50_to_50,hp_hum_rifle_physical_v01.geo
27734,Weapon_Avatar_Rifle_Sonic_RAR_11_to_15,hp_hum_rifle_sonic_v01.geo
27735,Weapon_Avatar_Rifle_Sonic_RAR_16_to_20,hp_hum_rifle_sonic_v01.geo
27736,Weapon_Avatar_Rifle_Sonic_RAR_21_to_25,hp_hum_rifle_sonic_v01.geo
27737,Weapon_Avatar_Rifle_Sonic_RAR_26_to_30,hp_hum_rifle_sonic_v01.geo
27738,Weapon_Avatar_Rifle_Sonic_RAR_31_to_35,hp_hum_rifle_sonic_v01.geo
27739,Weapon_Avatar_Rifle_Sonic_RAR_36_to_40,hp_hum_rifle_sonic_v01.geo
27740,Weapon_Avatar_Rifle_Sonic_RAR_41_to_45,hp_hum_rifle_sonic_v01.geo
27741,Weapon_Avatar_Rifle_Sonic_RAR_46_to_49,hp_hum_rifle_sonic_v01.geo
27742,Weapon_Avatar_Rifle_Sonic_RAR_50_to_50,hp_hum_rifle_sonic_v01.geo
27743,Weapon_Avatar_RocketLauncher_Electric_RAR_19_to_23,hp_hum_rocketlauncher_electric.geo
27744,Weapon_Avatar_RocketLauncher_Electric_RAR_24_to_28,hp_hum_rocketlauncher_electric.geo
27745,Weapon_Avatar_RocketLauncher_Electric_RAR_29_to_33,hp_hum_rocketlauncher_electric.geo
27746,Weapon_Avatar_RocketLauncher_Electric_RAR_34_to_38,hp_hum_rocketlauncher_electric.geo
27747,Weapon_Avatar_RocketLauncher_Electric_RAR_39_to_43,hp_hum_rocketlauncher_electric.geo
27748,Weapon_Avatar_RocketLauncher_Electric_RAR_44_to_48,hp_hum_rocketlauncher_electric.geo
27749,Weapon_Avatar_RocketLauncher_Electric_RAR_49_to_49,hp_hum_rocketlauncher_electric.geo
27750,Weapon_Avatar_RocketLauncher_Electric_RAR_50_to_50,hp_hum_rocketlauncher_electric.geo
27751,Weapon_Avatar_RocketLauncher_EMP_RAR_15_to_18,hp_hum_rocketlauncher_emp.geo
27752,Weapon_Avatar_RocketLauncher_EMP_RAR_19_to_23,hp_hum_rocketlauncher_emp.geo
27753,Weapon_Avatar_RocketLauncher_EMP_RAR_24_to_28,hp_hum_rocketlauncher_emp.geo
27754,Weapon_Avatar_RocketLauncher_EMP_RAR_29_to_33,hp_hum_rocketlauncher_emp.geo
27755,Weapon_Avatar_RocketLauncher_EMP_RAR_34_to_38,hp_hum_rocketlauncher_emp.geo
27756,Weapon_Avatar_RocketLauncher_EMP_RAR_39_to_43,hp_hum_rocketlauncher_emp.geo
27757,Weapon_Avatar_RocketLauncher_EMP_RAR_44_to_48,hp_hum_rocketlauncher_emp.geo
27758,Weapon_Avatar_RocketLauncher_EMP_RAR_49_to_49,hp_hum_rocketlauncher_emp.geo
27759,Weapon_Avatar_RocketLauncher_EMP_RAR_50_to_50,hp_hum_rocketlauncher_emp.geo
27760,Weapon_Avatar_RocketLauncher_Laser_RAR_15_to_18,hp_hum_rocketlauncher_laser.geo
27761,Weapon_Avatar_RocketLauncher_Laser_RAR_19_to_23,hp_hum_rocketlauncher_laser.geo
27762,Weapon_Avatar_RocketLauncher_Laser_RAR_24_to_28,hp_hum_rocketlauncher_laser.geo
27763,Weapon_Avatar_RocketLauncher_Laser_RAR_29_to_33,hp_hum_rocketlauncher_laser.geo
27764,Weapon_Avatar_RocketLauncher_Laser_RAR_34_to_38,hp_hum_rocketlauncher_laser.geo
27765,Weapon_Avatar_RocketLauncher_Laser_RAR_39_to_43,hp_hum_rocketlauncher_laser.geo
27766,Weapon_Avatar_RocketLauncher_Laser_RAR_44_to_48,hp_hum_rocketlauncher_laser.geo
27767,Weapon_Avatar_RocketLauncher_Laser_RAR_49_to_49,hp_hum_rocketlauncher_laser.geo
27768,Weapon_Avatar_RocketLauncher_Laser_RAR_50_to_50,hp_hum_rocketlauncher_laser.geo
27769,Weapon_Avatar_RocketLauncher_Physical_RAR_15_to_18,hp_hum_rocketlauncher_physical_v01.geo
27770,Weapon_Avatar_RocketLauncher_Physical_RAR_19_to_23,hp_hum_rocketlauncher_physical_v01.geo
27771,Weapon_Avatar_RocketLauncher_Physical_RAR_24_to_28,hp_hum_rocketlauncher_physical_v01.geo
27772,Weapon_Avatar_RocketLauncher_Physical_RAR_29_to_33,hp_hum_rocketlauncher_physical_v01.geo
27773,Weapon_Avatar_RocketLauncher_Physical_RAR_34_to_38,hp_hum_rocketlauncher_physical_v01.geo
27774,Weapon_Avatar_RocketLauncher_Physical_RAR_39_to_43,hp_hum_rocketlauncher_physical_v01.geo
27775,Weapon_Avatar_RocketLauncher_Physical_RAR_44_to_48,hp_hum_rocketlauncher_physical_v01.geo
27776,Weapon_Avatar_RocketLauncher_Physical_RAR_49_to_49,hp_hum_rocketlauncher_physical_v01.geo
27777,Weapon_Avatar_RocketLauncher_Physical_RAR_50_to_50,hp_hum_rocketlauncher_physical_v01.geo
27778,Weapon_Avatar_RocketLauncher_Sonic_RAR_15_to_18,hp_hum_rocketlauncher_sonic.geo
27779,Weapon_Avatar_RocketLauncher_Sonic_RAR_19_to_23,hp_hum_rocketlauncher_sonic.geo
27780,Weapon_Avatar_RocketLauncher_Sonic_RAR_24_to_28,hp_hum_rocketlauncher_sonic.geo
27781,Weapon_Avatar_RocketLauncher_Sonic_RAR_29_to_33,hp_hum_rocketlauncher_sonic.geo
27782,Weapon_Avatar_RocketLauncher_Sonic_RAR_34_to_38,hp_hum_rocketlauncher_sonic.geo
27783,Weapon_Avatar_RocketLauncher_Sonic_RAR_39_to_43,hp_hum_rocketlauncher_sonic.geo
27784,Weapon_Avatar_RocketLauncher_Sonic_RAR_44_to_48,hp_hum_rocketlauncher_sonic.geo
27785,Weapon_Avatar_RocketLauncher_Sonic_RAR_49_to_49,hp_hum_rocketlauncher_sonic.geo
27786,Weapon_Avatar_RocketLauncher_Sonic_RAR_50_to_50,hp_hum_rocketlauncher_sonic.geo
27787,Weapon_Avatar_Shotgun_v1_EMP_RAR_07_to_11,hp_hum_shotgun_emp_v01.geo
27788,Weapon_Avatar_Shotgun_v1_EMP_RAR_12_to_16,hp_hum_shotgun_emp_v01.geo
27789,Weapon_Avatar_Shotgun_v1_EMP_RAR_17_to_21,hp_hum_shotgun_emp_v01.geo
27790,Weapon_Avatar_Shotgun_v1_EMP_RAR_22_to_26,hp_hum_shotgun_emp_v01.geo
27791,Weapon_Avatar_Shotgun_v1_EMP_RAR_27_to_31,hp_hum_shotgun_emp_v01.geo
27792,Weapon_Avatar_Shotgun_v1_EMP_RAR_32_to_36,hp_hum_shotgun_emp_v01.geo
27793,Weapon_Avatar_Shotgun_v1_EMP_RAR_37_to_41,hp_hum_shotgun_emp_v01.geo
27794,Weapon_Avatar_Shotgun_v1_EMP_RAR_42_to_46,hp_hum_shotgun_emp_v01.geo
27795,Weapon_Avatar_Shotgun_v1_EMP_RAR_47_to_49,hp_hum_shotgun_emp_v01.geo
27796,Weapon_Avatar_Shotgun_v1_EMP_RAR_50_to_50,hp_hum_shotgun_emp_v01.geo
27797,Weapon_Avatar_Shotgun_v1_Fire_RAR_22_to_26,hp_hum_shotgun_fire.geo
27798,Weapon_Avatar_Shotgun_v1_Fire_RAR_27_to_31,hp_hum_shotgun_fire.geo
27799,Weapon_Avatar_Shotgun_v1_Fire_RAR_32_to_36,hp_hum_shotgun_fire.geo
27800,Weapon_Avatar_Shotgun_v1_Fire_RAR_37_to_41,hp_hum_shotgun_fire.geo
27801,Weapon_Avatar_Shotgun_v1_Fire_RAR_42_to_46,hp_hum_shotgun_fire.geo
27802,Weapon_Avatar_Shotgun_v1_Fire_RAR_47_to_49,hp_hum_shotgun_fire.geo
27803,Weapon_Avatar_Shotgun_v1_Fire_RAR_50_to_50,hp_hum_shotgun_fire.geo
27804,Weapon_Avatar_Shotgun_v1_Ice_RAR_22_to_26,hp_hum_shotgun_ice.geo
27805,Weapon_Avatar_Shotgun_v1_Ice_RAR_27_to_31,hp_hum_shotgun_ice.geo
27806,Weapon_Avatar_Shotgun_v1_Ice_RAR_32_to_36,hp_hum_shotgun_ice.geo
27807,Weapon_Avatar_Shotgun_v1_Ice_RAR_37_to_41,hp_hum_shotgun_ice.geo
27808,Weapon_Avatar_Shotgun_v1_Ice_RAR_42_to_46,hp_hum_shotgun_ice.geo
27809,Weapon_Avatar_Shotgun_v1_Ice_RAR_47_to_49,hp_hum_shotgun_ice.geo
27810,Weapon_Avatar_Shotgun_v1_Ice_RAR_50_to_50,hp_hum_shotgun_ice.geo
27811,Weapon_Avatar_Shotgun_v1_Laser_RAR_07_to_11,hp_hum_shotgun_laser_v01.geo
27812,Weapon_Avatar_Shotgun_v1_Laser_RAR_12_to_16,hp_hum_shotgun_laser_v01.geo
27813,Weapon_Avatar_Shotgun_v1_Laser_RAR_17_to_21,hp_hum_shotgun_laser_v01.geo
27814,Weapon_Avatar_Shotgun_v1_Laser_RAR_22_to_26,hp_hum_shotgun_laser_v01.geo
27815,Weapon_Avatar_Shotgun_v1_Laser_RAR_27_to_31,hp_hum_shotgun_laser_v01.geo
27816,Weapon_Avatar_Shotgun_v1_Laser_RAR_32_to_36,hp_hum_shotgun_laser_v01.geo
27817,Weapon_Avatar_Shotgun_v1_Laser_RAR_37_to_41,hp_hum_shotgun_laser_v01.geo
27818,Weapon_Avatar_Shotgun_v1_Laser_RAR_42_to_46,hp_hum_shotgun_laser_v01.geo
27819,Weapon_Avatar_Shotgun_v1_Laser_RAR_47_to_49,hp_hum_shotgun_laser_v01.geo
27820,Weapon_Avatar_Shotgun_v1_Laser_RAR_50_to_50,hp_hum_shotgun_laser_v01.geo
27821,Weapon_Avatar_Shotgun_v1_Physical_RAR_01_to_01,hp_hum_shotgun_physical_v01.geo
27822,Weapon_Avatar_Shotgun_v1_Physical_RAR_02_to_06,hp_hum_shotgun_physical_v01.geo
27823,Weapon_Avatar_Shotgun_v1_Physical_RAR_07_to_11,hp_hum_shotgun_physical_v01.geo
27824,Weapon_Avatar_Shotgun_v1_Physical_RAR_12_to_16,hp_hum_shotgun_physical_v01.geo
27825,Weapon_Avatar_Shotgun_v1_Physical_RAR_17_to_21,hp_hum_shotgun_physical_v01.geo
27826,Weapon_Avatar_Shotgun_v1_Physical_RAR_22_to_26,hp_hum_shotgun_physical_v01.geo
27827,Weapon_Avatar_Shotgun_v1_Physical_RAR_27_to_31,hp_hum_shotgun_physical_v01.geo
27828,Weapon_Avatar_Shotgun_v1_Physical_RAR_32_to_36,hp_hum_shotgun_physical_v01.geo
27829,Weapon_Avatar_Shotgun_v1_Physical_RAR_37_to_41,hp_hum_shotgun_physical_v01.geo
27830,Weapon_Avatar_Shotgun_v1_Physical_RAR_42_to_46,hp_hum_shotgun_physical_v01.geo
27831,Weapon_Avatar_Shotgun_v1_Physical_RAR_47_to_49,hp_hum_shotgun_physical_v01.geo
27832,Weapon_Avatar_Shotgun_v1_Physical_RAR_50_to_50,hp_hum_shotgun_physical_v01.geo
27833,Weapon_Avatar_Shotgun_v1_Sonic_RAR_12_to_16,hp_hum_shotgun_sonic.geo
27834,Weapon_Avatar_Shotgun_v1_Sonic_RAR_17_to_21,hp_hum_shotgun_sonic.geo
27835,Weapon_Avatar_Shotgun_v1_Sonic_RAR_22_to_26,hp_hum_shotgun_sonic.geo
27836,Weapon_Avatar_Shotgun_v1_Sonic_RAR_27_to_31,hp_hum_shotgun_sonic.geo
27837,Weapon_Avatar_Shotgun_v1_Sonic_RAR_32_to_36,hp_hum_shotgun_sonic.geo
27838,Weapon_Avatar_Shotgun_v1_Sonic_RAR_37_to_41,hp_hum_shotgun_sonic.geo
27839,Weapon_Avatar_Shotgun_v1_Sonic_RAR_42_to_46,hp_hum_shotgun_sonic.geo
27840,Weapon_Avatar_Shotgun_v1_Sonic_RAR_47_to_49,hp_hum_shotgun_sonic.geo
27841,Weapon_Avatar_Shotgun_v1_Sonic_RAR_50_to_50,hp_hum_shotgun_sonic.geo
27842,Weapon_Avatar_Staff_Electric_RAR_30_to_34,hp_hum_staff_electric_v01.geo
27843,Weapon_Avatar_Staff_Electric_RAR_35_to_39,hp_hum_staff_electric_v01.geo
27844,Weapon_Avatar_Staff_Electric_RAR_40_to_44,hp_hum_staff_electric_v01.geo
27845,Weapon_Avatar_Staff_Electric_RAR_45_to_49,hp_hum_staff_electric_v01.geo
27846,Weapon_Avatar_Staff_Electric_RAR_50_to_50,hp_hum_staff_electric_v01.geo
27847,Weapon_Avatar_Staff_EMP_RAR_30_to_34,hp_hum_staff_emp_v01.geo
27848,Weapon_Avatar_Staff_EMP_RAR_35_to_39,hp_hum_staff_emp_v01.geo
27849,Weapon_Avatar_Staff_EMP_RAR_40_to_44,hp_hum_staff_emp_v01.geo
27850,Weapon_Avatar_Staff_EMP_RAR_45_to_49,hp_hum_staff_emp_v01.geo
27851,Weapon_Avatar_Staff_EMP_RAR_50_to_50,hp_hum_staff_emp_v01.geo
27852,Weapon_Avatar_Staff_Fire_RAR_30_to_34,hp_hum_staff_fire_v01.geo
27853,Weapon_Avatar_Staff_Fire_RAR_35_to_39,hp_hum_staff_fire_v01.geo
27854,Weapon_Avatar_Staff_Fire_RAR_40_to_44,hp_hum_staff_fire_v01.geo
27855,Weapon_Avatar_Staff_Fire_RAR_45_to_49,hp_hum_staff_fire_v01.geo
27856,Weapon_Avatar_Staff_Fire_RAR_50_to_50,hp_hum_staff_fire_v01.geo
27857,Weapon_Avatar_Staff_Ice_RAR_30_to_34,hp_hum_staff_ice_v01.geo
27858,Weapon_Avatar_Staff_Ice_RAR_35_to_39,hp_hum_staff_ice_v01.geo
27859,Weapon_Avatar_Staff_Ice_RAR_40_to_44,hp_hum_staff_ice_v01.geo
27860,Weapon_Avatar_Staff_Ice_RAR_45_to_49,hp_hum_staff_ice_v01.geo
27861,Weapon_Avatar_Staff_Ice_RAR_50_to_50,hp_hum_staff_ice_v01.geo
27862,Weapon_Avatar_Staff_Physical_RAR_30_to_34,hp_hum_staff_physical_v01.geo
27863,Weapon_Avatar_Staff_Physical_RAR_35_to_39,hp_hum_staff_physical_v01.geo
27864,Weapon_Avatar_Staff_Physical_RAR_40_to_44,hp_hum_staff_physical_v01.geo
27865,Weapon_Avatar_Staff_Physical_RAR_45_to_49,hp_hum_staff_physical_v01.geo
27866,Weapon_Avatar_Staff_Physical_RAR_50_to_50,hp_hum_staff_physical_v01.geo
27867,Weapon_Avatar_Staff_Virulent_RAR_30_to_34,hp_hum_staff_viral_v01.geo
27868,Weapon_Avatar_Staff_Virulent_RAR_35_to_39,hp_hum_staff_viral_v01.geo
27869,Weapon_Avatar_Staff_Virulent_RAR_40_to_44,hp_hum_staff_viral_v01.geo
27870,Weapon_Avatar_Staff_Virulent_RAR_45_to_49,hp_hum_staff_viral_v01.geo
27871,Weapon_Avatar_Staff_Virulent_RAR_50_to_50,hp_hum_staff_viral_v01.geo
27872,Weapon_Avatar_Torqueshell_Rifle_Electric_RAR_30_to_32,hp_hum_sniperrifle_electric.geo
27873,Weapon_Avatar_Torqueshell_Rifle_Electric_RAR_33_to_37,hp_hum_sniperrifle_electric.geo
27874,Weapon_Avatar_Torqueshell_Rifle_Electric_RAR_38_to_42,hp_hum_sniperrifle_electric.geo
27875,Weapon_Avatar_Torqueshell_Rifle_Electric_RAR_43_to_47,hp_hum_sniperrifle_electric.geo
27876,Weapon_Avatar_Torqueshell_Rifle_Electric_RAR_48_to_49,hp_hum_sniperrifle_electric.geo
27877,Weapon_Avatar_Torqueshell_Rifle_Electric_RAR_50_to_50,hp_hum_sniperrifle_electric.geo
27878,Weapon_Avatar_Torqueshell_Rifle_EMP_RAR_30_to_32,hp_hum_sniperrifle_emp.geo
27879,Weapon_Avatar_Torqueshell_Rifle_EMP_RAR_33_to_37,hp_hum_sniperrifle_emp.geo
27880,Weapon_Avatar_Torqueshell_Rifle_EMP_RAR_38_to_42,hp_hum_sniperrifle_emp.geo
27881,Weapon_Avatar_Torqueshell_Rifle_EMP_RAR_43_to_47,hp_hum_sniperrifle_emp.geo
27882,Weapon_Avatar_Torqueshell_Rifle_EMP_RAR_48_to_49,hp_hum_sniperrifle_emp.geo
27883,Weapon_Avatar_Torqueshell_Rifle_EMP_RAR_50_to_50,hp_hum_sniperrifle_emp.geo
27884,Weapon_Avatar_Torqueshell_Rifle_Laser_RAR_30_to_32,hp_hum_sniperrifle_laser.geo
27885,Weapon_Avatar_Torqueshell_Rifle_Laser_RAR_33_to_37,hp_hum_sniperrifle_laser.geo
27886,Weapon_Avatar_Torqueshell_Rifle_Laser_RAR_38_to_42,hp_hum_sniperrifle_laser.geo
27887,Weapon_Avatar_Torqueshell_Rifle_Laser_RAR_43_to_47,hp_hum_sniperrifle_laser.geo
27888,Weapon_Avatar_Torqueshell_Rifle_Laser_RAR_48_to_49,hp_hum_sniperrifle_laser.geo
27889,Weapon_Avatar_Torqueshell_Rifle_Laser_RAR_50_to_50,hp_hum_sniperrifle_laser.geo
27890,Weapon_Avatar_Torqueshell_Rifle_Physical_RAR_30_to_32,hp_hum_sniperrifle_physcial.geo
27891,Weapon_Avatar_Torqueshell_Rifle_Physical_RAR_33_to_37,hp_hum_sniperrifle_physcial.geo
27892,Weapon_Avatar_Torqueshell_Rifle_Physical_RAR_38_to_42,hp_hum_sniperrifle_physcial.geo
27893,Weapon_Avatar_Torqueshell_Rifle_Physical_RAR_43_to_47,hp_hum_sniperrifle_physcial.geo
27894,Weapon_Avatar_Torqueshell_Rifle_Physical_RAR_48_to_49,hp_hum_sniperrifle_physcial.geo
27895,Weapon_Avatar_Torqueshell_Rifle_Physical_RAR_50_to_50,hp_hum_sniperrifle_physcial.geo
27896,Weapon_Avatar_Torqueshell_Rifle_Sonic_RAR_30_to_32,hp_hum_sniperrifle_sonic.geo
27897,Weapon_Avatar_Torqueshell_Rifle_Sonic_RAR_33_to_37,hp_hum_sniperrifle_sonic.geo
27898,Weapon_Avatar_Torqueshell_Rifle_Sonic_RAR_38_to_42,hp_hum_sniperrifle_sonic.geo
27899,Weapon_Avatar_Torqueshell_Rifle_Sonic_RAR_43_to_47,hp_hum_sniperrifle_sonic.geo
27900,Weapon_Avatar_Torqueshell_Rifle_Sonic_RAR_48_to_49,hp_hum_sniperrifle_sonic.geo
27901,Weapon_Avatar_Torqueshell_Rifle_Sonic_RAR_50_to_50,hp_hum_sniperrifle_sonic.geo
27902,Weapon_Avatar_Blade_Electric_ELT_30_to_30,hp_hum_sword_electric_v01.geo
27903,Weapon_Avatar_Blade_Electric_ELT_31_to_35,hp_hum_sword_electric_v01.geo
27904,Weapon_Avatar_Blade_Electric_ELT_36_to_40,hp_hum_sword_electric_v01.geo
27905,Weapon_Avatar_Blade_Electric_ELT_41_to_45,hp_hum_sword_electric_v01.geo
27906,Weapon_Avatar_Blade_Electric_ELT_46_to_49,hp_hum_sword_electric_v01.geo
27907,Weapon_Avatar_Blade_Electric_ELT_50_to_50,hp_hum_sword_electric_v01.geo
27908,Weapon_Avatar_Blade_Fire_ELT_30_to_30,hp_hum_sword_fire_v01.geo
27909,Weapon_Avatar_Blade_Fire_ELT_31_to_35,hp_hum_sword_fire_v01.geo
27910,Weapon_Avatar_Blade_Fire_ELT_36_to_40,hp_hum_sword_fire_v01.geo
27911,Weapon_Avatar_Blade_Fire_ELT_41_to_45,hp_hum_sword_fire_v01.geo
27912,Weapon_Avatar_Blade_Fire_ELT_46_to_49,hp_hum_sword_fire_v01.geo
27913,Weapon_Avatar_Blade_Fire_ELT_50_to_50,hp_hum_sword_fire_v01.geo
27914,Weapon_Avatar_Blade_Ice_ELT_30_to_30,hp_hum_sword_ice_v01.geo
27915,Weapon_Avatar_Blade_Ice_ELT_31_to_35,hp_hum_sword_ice_v01.geo
27916,Weapon_Avatar_Blade_Ice_ELT_36_to_40,hp_hum_sword_ice_v01.geo
27917,Weapon_Avatar_Blade_Ice_ELT_41_to_45,hp_hum_sword_ice_v01.geo
27918,Weapon_Avatar_Blade_Ice_ELT_46_to_49,hp_hum_sword_ice_v01.geo
27919,Weapon_Avatar_Blade_Ice_ELT_50_to_50,hp_hum_sword_ice_v01.geo
27920,Weapon_Avatar_Blade_Laser_ELT_30_to_30,hp_hum_sword_laser_v01.geo
27921,Weapon_Avatar_Blade_Laser_ELT_31_to_35,hp_hum_sword_laser_v01.geo
27922,Weapon_Avatar_Blade_Laser_ELT_36_to_40,hp_hum_sword_laser_v01.geo
27923,Weapon_Avatar_Blade_Laser_ELT_41_to_45,hp_hum_sword_laser_v01.geo
27924,Weapon_Avatar_Blade_Laser_ELT_46_to_49,hp_hum_sword_laser_v01.geo
27925,Weapon_Avatar_Blade_Laser_ELT_50_to_50,hp_hum_sword_laser_v01.geo
27926,Weapon_Avatar_Blade_Physical_ELT_30_to_30,hp_hum_sword_v01.geo
27927,Weapon_Avatar_Blade_Physical_ELT_31_to_35,hp_hum_sword_v01.geo
27928,Weapon_Avatar_Blade_Physical_ELT_36_to_40,hp_hum_sword_v01.geo
27929,Weapon_Avatar_Blade_Physical_ELT_41_to_45,hp_hum_sword_v01.geo
27930,Weapon_Avatar_Blade_Physical_ELT_46_to_49,hp_hum_sword_v01.geo
27931,Weapon_Avatar_Blade_Physical_ELT_50_to_50,hp_hum_sword_v01.geo
27932,Weapon_Avatar_GrenadeLauncher_EMP_ELT_15_to_19,hp_hum_grenadelauncher_emp_v01.geo
27933,Weapon_Avatar_GrenadeLauncher_EMP_ELT_20_to_24,hp_hum_grenadelauncher_emp_v01.geo
27934,Weapon_Avatar_GrenadeLauncher_EMP_ELT_25_to_29,hp_hum_grenadelauncher_emp_v01.geo
27935,Weapon_Avatar_GrenadeLauncher_EMP_ELT_30_to_34,hp_hum_grenadelauncher_emp_v01.geo
27936,Weapon_Avatar_GrenadeLauncher_EMP_ELT_35_to_39,hp_hum_grenadelauncher_emp_v01.geo
27937,Weapon_Avatar_GrenadeLauncher_EMP_ELT_40_to_44,hp_hum_grenadelauncher_emp_v01.geo
27938,Weapon_Avatar_GrenadeLauncher_EMP_ELT_45_to_49,hp_hum_grenadelauncher_emp_v01.geo
27939,Weapon_Avatar_GrenadeLauncher_EMP_ELT_50_to_50,hp_hum_grenadelauncher_emp_v01.geo
27940,Weapon_Avatar_GrenadeLauncher_Fire_ELT_20_to_24,hp_hum_grenadelauncher_fire.geo
27941,Weapon_Avatar_GrenadeLauncher_Fire_ELT_25_to_29,hp_hum_grenadelauncher_fire.geo
27942,Weapon_Avatar_GrenadeLauncher_Fire_ELT_30_to_34,hp_hum_grenadelauncher_fire.geo
27943,Weapon_Avatar_GrenadeLauncher_Fire_ELT_35_to_39,hp_hum_grenadelauncher_fire.geo
27944,Weapon_Avatar_GrenadeLauncher_Fire_ELT_40_to_44,hp_hum_grenadelauncher_fire.geo
27945,Weapon_Avatar_GrenadeLauncher_Fire_ELT_45_to_49,hp_hum_grenadelauncher_fire.geo
27946,Weapon_Avatar_GrenadeLauncher_Fire_ELT_50_to_50,hp_hum_grenadelauncher_fire.geo
27947,Weapon_Avatar_GrenadeLauncher_Ice_ELT_20_to_24,hp_hum_grenadelauncher_ice.geo
27948,Weapon_Avatar_GrenadeLauncher_Ice_ELT_25_to_29,hp_hum_grenadelauncher_ice.geo
27949,Weapon_Avatar_GrenadeLauncher_Ice_ELT_30_to_34,hp_hum_grenadelauncher_ice.geo
27950,Weapon_Avatar_GrenadeLauncher_Ice_ELT_35_to_39,hp_hum_grenadelauncher_ice.geo
27951,Weapon_Avatar_GrenadeLauncher_Ice_ELT_40_to_44,hp_hum_grenadelauncher_ice.geo
27952,Weapon_Avatar_GrenadeLauncher_Ice_ELT_45_to_49,hp_hum_grenadelauncher_ice.geo
27953,Weapon_Avatar_GrenadeLauncher_Ice_ELT_50_to_50,hp_hum_grenadelauncher_ice.geo
27954,Weapon_Avatar_GrenadeLauncher_Physical_ELT_15_to_19,hp_hum_grenadelauncher_physical_v01.geo
27955,Weapon_Avatar_GrenadeLauncher_Physical_ELT_20_to_24,hp_hum_grenadelauncher_physical_v01.geo
27956,Weapon_Avatar_GrenadeLauncher_Physical_ELT_25_to_29,hp_hum_grenadelauncher_physical_v01.geo
27957,Weapon_Avatar_GrenadeLauncher_Physical_ELT_30_to_34,hp_hum_grenadelauncher_physical_v01.geo
27958,Weapon_Avatar_GrenadeLauncher_Physical_ELT_35_to_39,hp_hum_grenadelauncher_physical_v01.geo
27959,Weapon_Avatar_GrenadeLauncher_Physical_ELT_40_to_44,hp_hum_grenadelauncher_physical_v01.geo
27960,Weapon_Avatar_GrenadeLauncher_Physical_ELT_45_to_49,hp_hum_grenadelauncher_physical_v01.geo
27961,Weapon_Avatar_GrenadeLauncher_Physical_ELT_50_to_50,hp_hum_grenadelauncher_physical_v01.geo
27962,Weapon_Avatar_GrenadeLauncher_Sonic_ELT_15_to_19,hp_hum_grenadelauncher_sonic.geo
27963,Weapon_Avatar_GrenadeLauncher_Sonic_ELT_20_to_24,hp_hum_grenadelauncher_sonic.geo
27964,Weapon_Avatar_GrenadeLauncher_Sonic_ELT_25_to_29,hp_hum_grenadelauncher_sonic.geo
27965,Weapon_Avatar_GrenadeLauncher_Sonic_ELT_30_to_34,hp_hum_grenadelauncher_sonic.geo
27966,Weapon_Avatar_GrenadeLauncher_Sonic_ELT_35_to_39,hp_hum_grenadelauncher_sonic.geo
27967,Weapon_Avatar_GrenadeLauncher_Sonic_ELT_40_to_44,hp_hum_grenadelauncher_sonic.geo
27968,Weapon_Avatar_GrenadeLauncher_Sonic_ELT_45_to_49,hp_hum_grenadelauncher_sonic.geo
27969,Weapon_Avatar_GrenadeLauncher_Sonic_ELT_50_to_50,hp_hum_grenadelauncher_sonic.geo
27970,Weapon_Avatar_InjectionGun_Electric_ELT_17_to_21,hp_hum_injectiongun_electric_v01.geo
27971,Weapon_Avatar_InjectionGun_Electric_ELT_22_to_26,hp_hum_injectiongun_electric_v01.geo
27972,Weapon_Avatar_InjectionGun_Electric_ELT_27_to_31,hp_hum_injectiongun_electric_v01.geo
27973,Weapon_Avatar_InjectionGun_Electric_ELT_32_to_36,hp_hum_injectiongun_electric_v01.geo
27974,Weapon_Avatar_InjectionGun_Electric_ELT_37_to_41,hp_hum_injectiongun_electric_v01.geo
27975,Weapon_Avatar_InjectionGun_Electric_ELT_42_to_46,hp_hum_injectiongun_electric_v01.geo
27976,Weapon_Avatar_InjectionGun_Electric_ELT_47_to_49,hp_hum_injectiongun_electric_v01.geo
27977,Weapon_Avatar_InjectionGun_Electric_ELT_50_to_50,hp_hum_injectiongun_electric_v01.geo
27978,Weapon_Avatar_InjectionGun_Fire_ELT_22_to_26,hp_hum_injectiongun_fire_v01.geo
27979,Weapon_Avatar_InjectionGun_Fire_ELT_27_to_31,hp_hum_injectiongun_fire_v01.geo
27980,Weapon_Avatar_InjectionGun_Fire_ELT_32_to_36,hp_hum_injectiongun_fire_v01.geo
27981,Weapon_Avatar_InjectionGun_Fire_ELT_37_to_41,hp_hum_injectiongun_fire_v01.geo
27982,Weapon_Avatar_InjectionGun_Fire_ELT_42_to_46,hp_hum_injectiongun_fire_v01.geo
27983,Weapon_Avatar_InjectionGun_Fire_ELT_47_to_49,hp_hum_injectiongun_fire_v01.geo
27984,Weapon_Avatar_InjectionGun_Fire_ELT_50_to_50,hp_hum_injectiongun_fire_v01.geo
27985,Weapon_Avatar_InjectionGun_Ice_ELT_22_to_26,hp_hum_injectiongun_ice_v01.geo
27986,Weapon_Avatar_InjectionGun_Ice_ELT_27_to_31,hp_hum_injectiongun_ice_v01.geo
27987,Weapon_Avatar_InjectionGun_Ice_ELT_32_to_36,hp_hum_injectiongun_ice_v01.geo
27988,Weapon_Avatar_InjectionGun_Ice_ELT_37_to_41,hp_hum_injectiongun_ice_v01.geo
27989,Weapon_Avatar_InjectionGun_Ice_ELT_42_to_46,hp_hum_injectiongun_ice_v01.geo
27990,Weapon_Avatar_InjectionGun_Ice_ELT_47_to_49,hp_hum_injectiongun_ice_v01.geo
27991,Weapon_Avatar_InjectionGun_Ice_ELT_50_to_50,hp_hum_injectiongun_ice_v01.geo
27992,Weapon_Avatar_InjectionGun_Virulent_ELT_15_to_16,hp_hum_injectiongun_viral.geo
27993,Weapon_Avatar_InjectionGun_Virulent_ELT_17_to_21,hp_hum_injectiongun_viral.geo
27994,Weapon_Avatar_InjectionGun_Virulent_ELT_22_to_26,hp_hum_injectiongun_viral.geo
27995,Weapon_Avatar_InjectionGun_Virulent_ELT_27_to_31,hp_hum_injectiongun_viral.geo
27996,Weapon_Avatar_InjectionGun_Virulent_ELT_32_to_36,hp_hum_injectiongun_viral.geo
27997,Weapon_Avatar_InjectionGun_Virulent_ELT_37_to_41,hp_hum_injectiongun_viral.geo
27998,Weapon_Avatar_InjectionGun_Virulent_ELT_42_to_46,hp_hum_injectiongun_viral.geo
27999,Weapon_Avatar_InjectionGun_Virulent_ELT_47_to_49,hp_hum_injectiongun_viral.geo
28000,Weapon_Avatar_InjectionGun_Virulent_ELT_50_to_50,hp_hum_injectiongun_viral.geo
28001,Weapon_Avatar_LeechGun_Fire_ELT_24_to_28,hp_hum_densitygun_fire.geo
28002,Weapon_Avatar_LeechGun_Fire_ELT_29_to_33,hp_hum_densitygun_fire.geo
28003,Weapon_Avatar_LeechGun_Fire_ELT_34_to_38,hp_hum_densitygun_fire.geo
28004,Weapon_Avatar_LeechGun_Fire_ELT_39_to_43,hp_hum_densitygun_fire.geo
28005,Weapon_Avatar_LeechGun_Fire_ELT_44_to_48,hp_hum_densitygun_fire.geo
28006,Weapon_Avatar_LeechGun_Fire_ELT_49_to_49,hp_hum_densitygun_fire.geo
28007,Weapon_Avatar_LeechGun_Fire_ELT_50_to_50,hp_hum_densitygun_fire.geo
28008,Weapon_Avatar_LeechGun_Ice_ELT_24_to_28,hp_hum_densitygun_ice.geo
28009,Weapon_Avatar_LeechGun_Ice_ELT_29_to_33,hp_hum_densitygun_ice.geo
28010,Weapon_Avatar_LeechGun_Ice_ELT_34_to_38,hp_hum_densitygun_ice.geo
28011,Weapon_Avatar_LeechGun_Ice_ELT_39_to_43,hp_hum_densitygun_ice.geo
28012,Weapon_Avatar_LeechGun_Ice_ELT_44_to_48,hp_hum_densitygun_ice.geo
28013,Weapon_Avatar_LeechGun_Ice_ELT_49_to_49,hp_hum_densitygun_ice.geo
28014,Weapon_Avatar_LeechGun_Ice_ELT_50_to_50,hp_hum_densitygun_ice.geo
28015,Weapon_Avatar_LeechGun_Physical_ELT_05_to_08,hp_hum_densitygun_physical_v01.geo
28016,Weapon_Avatar_LeechGun_Physical_ELT_09_to_13,hp_hum_densitygun_physical_v01.geo
28017,Weapon_Avatar_LeechGun_Physical_ELT_14_to_18,hp_hum_densitygun_physical_v01.geo
28018,Weapon_Avatar_LeechGun_Physical_ELT_19_to_23,hp_hum_densitygun_physical_v01.geo
28019,Weapon_Avatar_LeechGun_Physical_ELT_24_to_28,hp_hum_densitygun_physical_v01.geo
28020,Weapon_Avatar_LeechGun_Physical_ELT_29_to_33,hp_hum_densitygun_physical_v01.geo
28021,Weapon_Avatar_LeechGun_Physical_ELT_34_to_38,hp_hum_densitygun_physical_v01.geo
28022,Weapon_Avatar_LeechGun_Physical_ELT_39_to_43,hp_hum_densitygun_physical_v01.geo
28023,Weapon_Avatar_LeechGun_Physical_ELT_44_to_48,hp_hum_densitygun_physical_v01.geo
28024,Weapon_Avatar_LeechGun_Physical_ELT_49_to_49,hp_hum_densitygun_physical_v01.geo
28025,Weapon_Avatar_LeechGun_Physical_ELT_50_to_50,hp_hum_densitygun_physical_v01.geo
28026,Weapon_Avatar_LeechGun_Virulent_ELT_14_to_18,hp_hum_densitygun_viral_v01.geo
28027,Weapon_Avatar_LeechGun_Virulent_ELT_19_to_23,hp_hum_densitygun_viral_v01.geo
28028,Weapon_Avatar_LeechGun_Virulent_ELT_24_to_28,hp_hum_densitygun_viral_v01.geo
28029,Weapon_Avatar_LeechGun_Virulent_ELT_29_to_33,hp_hum_densitygun_viral_v01.geo
28030,Weapon_Avatar_LeechGun_Virulent_ELT_34_to_38,hp_hum_densitygun_viral_v01.geo
28031,Weapon_Avatar_LeechGun_Virulent_ELT_39_to_43,hp_hum_densitygun_viral_v01.geo
28032,Weapon_Avatar_LeechGun_Virulent_ELT_44_to_48,hp_hum_densitygun_viral_v01.geo
28033,Weapon_Avatar_LeechGun_Virulent_ELT_49_to_49,hp_hum_densitygun_viral_v01.geo
28034,Weapon_Avatar_LeechGun_Virulent_ELT_50_to_50,hp_hum_densitygun_viral_v01.geo
28035,Weapon_Avatar_MachineGun_Electric_ELT_18_to_22,hp_hum_machinegun_electric.geo
28036,Weapon_Avatar_MachineGun_Electric_ELT_23_to_27,hp_hum_machinegun_electric.geo
28037,Weapon_Avatar_MachineGun_Electric_ELT_28_to_32,hp_hum_machinegun_electric.geo
28038,Weapon_Avatar_MachineGun_Electric_ELT_33_to_37,hp_hum_machinegun_electric.geo
28039,Weapon_Avatar_MachineGun_Electric_ELT_38_to_42,hp_hum_machinegun_electric.geo
28040,Weapon_Avatar_MachineGun_Electric_ELT_43_to_47,hp_hum_machinegun_electric.geo
28041,Weapon_Avatar_MachineGun_Electric_ELT_48_to_49,hp_hum_machinegun_electric.geo
28042,Weapon_Avatar_MachineGun_Electric_ELT_50_to_50,hp_hum_machinegun_electric.geo
28043,Weapon_Avatar_MachineGun_EMP_ELT_05_to_07,hp_hum_machinegun_emp.geo
28044,Weapon_Avatar_MachineGun_EMP_ELT_08_to_12,hp_hum_machinegun_emp.geo
28045,Weapon_Avatar_MachineGun_EMP_ELT_13_to_17,hp_hum_machinegun_emp.geo
28046,Weapon_Avatar_MachineGun_EMP_ELT_18_to_22,hp_hum_machinegun_emp.geo
28047,Weapon_Avatar_MachineGun_EMP_ELT_23_to_27,hp_hum_machinegun_emp.geo
28048,Weapon_Avatar_MachineGun_EMP_ELT_28_to_32,hp_hum_machinegun_emp.geo
28049,Weapon_Avatar_MachineGun_EMP_ELT_33_to_37,hp_hum_machinegun_emp.geo
28050,Weapon_Avatar_MachineGun_EMP_ELT_38_to_42,hp_hum_machinegun_emp.geo
28051,Weapon_Avatar_MachineGun_EMP_ELT_43_to_47,hp_hum_machinegun_emp.geo
28052,Weapon_Avatar_MachineGun_EMP_ELT_48_to_49,hp_hum_machinegun_emp.geo
28053,Weapon_Avatar_MachineGun_EMP_ELT_50_to_50,hp_hum_machinegun_emp.geo
28054,Weapon_Avatar_MachineGun_Laser_ELT_05_to_07,hp_hum_machinegun_laser_v01.geo
28055,Weapon_Avatar_MachineGun_Laser_ELT_08_to_12,hp_hum_machinegun_laser_v01.geo
28056,Weapon_Avatar_MachineGun_Laser_ELT_13_to_17,hp_hum_machinegun_laser_v01.geo
28057,Weapon_Avatar_MachineGun_Laser_ELT_18_to_22,hp_hum_machinegun_laser_v01.geo
28058,Weapon_Avatar_MachineGun_Laser_ELT_23_to_27,hp_hum_machinegun_laser_v01.geo
28059,Weapon_Avatar_MachineGun_Laser_ELT_28_to_32,hp_hum_machinegun_laser_v01.geo
28060,Weapon_Avatar_MachineGun_Laser_ELT_33_to_37,hp_hum_machinegun_laser_v01.geo
28061,Weapon_Avatar_MachineGun_Laser_ELT_38_to_42,hp_hum_machinegun_laser_v01.geo
28062,Weapon_Avatar_MachineGun_Laser_ELT_43_to_47,hp_hum_machinegun_laser_v01.geo
28063,Weapon_Avatar_MachineGun_Laser_ELT_48_to_49,hp_hum_machinegun_laser_v01.geo
28064,Weapon_Avatar_MachineGun_Laser_ELT_50_to_50,hp_hum_machinegun_laser_v01.geo
28065,Weapon_Avatar_MachineGun_Physical_ELT_05_to_07,hp_hum_machinegun_physical.geo
28066,Weapon_Avatar_MachineGun_Physical_ELT_08_to_12,hp_hum_machinegun_physical.geo
28067,Weapon_Avatar_MachineGun_Physical_ELT_13_to_17,hp_hum_machinegun_physical.geo
28068,Weapon_Avatar_MachineGun_Physical_ELT_18_to_22,hp_hum_machinegun_physical.geo
28069,Weapon_Avatar_MachineGun_Physical_ELT_23_to_27,hp_hum_machinegun_physical.geo
28070,Weapon_Avatar_MachineGun_Physical_ELT_28_to_32,hp_hum_machinegun_physical.geo
28071,Weapon_Avatar_MachineGun_Physical_ELT_33_to_37,hp_hum_machinegun_physical.geo
28072,Weapon_Avatar_MachineGun_Physical_ELT_38_to_42,hp_hum_machinegun_physical.geo
28073,Weapon_Avatar_MachineGun_Physical_ELT_43_to_47,hp_hum_machinegun_physical.geo
28074,Weapon_Avatar_MachineGun_Physical_ELT_48_to_49,hp_hum_machinegun_physical.geo
28075,Weapon_Avatar_MachineGun_Physical_ELT_50_to_50,hp_hum_machinegun_physical.geo
28076,Weapon_Avatar_NetGun_Electric_ELT_15_to_15,hp_hum_netgun_electric_v01.geo
28077,Weapon_Avatar_NetGun_Electric_ELT_16_to_20,hp_hum_netgun_electric_v01.geo
28078,Weapon_Avatar_NetGun_Electric_ELT_21_to_25,hp_hum_netgun_electric_v01.geo
28079,Weapon_Avatar_NetGun_Electric_ELT_26_to_30,hp_hum_netgun_electric_v01.geo
28080,Weapon_Avatar_NetGun_Electric_ELT_31_to_35,hp_hum_netgun_electric_v01.geo
28081,Weapon_Avatar_NetGun_Electric_ELT_36_to_40,hp_hum_netgun_electric_v01.geo
28082,Weapon_Avatar_NetGun_Electric_ELT_41_to_45,hp_hum_netgun_electric_v01.geo
28083,Weapon_Avatar_NetGun_Electric_ELT_46_to_49,hp_hum_netgun_electric_v01.geo
28084,Weapon_Avatar_NetGun_Electric_ELT_50_to_50,hp_hum_netgun_electric_v01.geo
28085,Weapon_Avatar_NetGun_Fire_ELT_21_to_25,hp_hum_netgun_fire.geo
28086,Weapon_Avatar_NetGun_Fire_ELT_26_to_30,hp_hum_netgun_fire.geo
28087,Weapon_Avatar_NetGun_Fire_ELT_31_to_35,hp_hum_netgun_fire.geo
28088,Weapon_Avatar_NetGun_Fire_ELT_36_to_40,hp_hum_netgun_fire.geo
28089,Weapon_Avatar_NetGun_Fire_ELT_41_to_45,hp_hum_netgun_fire.geo
28090,Weapon_Avatar_NetGun_Fire_ELT_46_to_49,hp_hum_netgun_fire.geo
28091,Weapon_Avatar_NetGun_Fire_ELT_50_to_50,hp_hum_netgun_fire.geo
28092,Weapon_Avatar_NetGun_Ice_ELT_21_to_25,hp_hum_netgun_ice_v01.geo
28093,Weapon_Avatar_NetGun_Ice_ELT_26_to_30,hp_hum_netgun_ice_v01.geo
28094,Weapon_Avatar_NetGun_Ice_ELT_31_to_35,hp_hum_netgun_ice_v01.geo
28095,Weapon_Avatar_NetGun_Ice_ELT_36_to_40,hp_hum_netgun_ice_v01.geo
28096,Weapon_Avatar_NetGun_Ice_ELT_41_to_45,hp_hum_netgun_ice_v01.geo
28097,Weapon_Avatar_NetGun_Ice_ELT_46_to_49,hp_hum_netgun_ice_v01.geo
28098,Weapon_Avatar_NetGun_Ice_ELT_50_to_50,hp_hum_netgun_ice_v01.geo
28099,Weapon_Avatar_Pistol_Electric_ELT_20_to_24,hp_hum_pistol_electric_v01.geo
28100,Weapon_Avatar_Pistol_Electric_ELT_25_to_29,hp_hum_pistol_electric_v01.geo
28101,Weapon_Avatar_Pistol_Electric_ELT_30_to_34,hp_hum_pistol_electric_v01.geo
28102,Weapon_Avatar_Pistol_Electric_ELT_35_to_39,hp_hum_pistol_electric_v01.geo
28103,Weapon_Avatar_Pistol_Electric_ELT_40_to_44,hp_hum_pistol_electric_v01.geo
28104,Weapon_Avatar_Pistol_Electric_ELT_45_to_49,hp_hum_pistol_electric_v01.geo
28105,Weapon_Avatar_Pistol_Electric_ELT_50_to_50,hp_hum_pistol_electric_v01.geo
28106,Weapon_Avatar_Pistol_EMP_ELT_05_to_09,hp_hum_pistol_emp_v01.geo
28107,Weapon_Avatar_Pistol_EMP_ELT_10_to_14,hp_hum_pistol_emp_v01.geo
28108,Weapon_Avatar_Pistol_EMP_ELT_15_to_19,hp_hum_pistol_emp_v01.geo
28109,Weapon_Avatar_Pistol_EMP_ELT_20_to_24,hp_hum_pistol_emp_v01.geo
28110,Weapon_Avatar_Pistol_EMP_ELT_25_to_29,hp_hum_pistol_emp_v01.geo
28111,Weapon_Avatar_Pistol_EMP_ELT_30_to_34,hp_hum_pistol_emp_v01.geo
28112,Weapon_Avatar_Pistol_EMP_ELT_35_to_39,hp_hum_pistol_emp_v01.geo
28113,Weapon_Avatar_Pistol_EMP_ELT_40_to_44,hp_hum_pistol_emp_v01.geo
28114,Weapon_Avatar_Pistol_EMP_ELT_45_to_49,hp_hum_pistol_emp_v01.geo
28115,Weapon_Avatar_Pistol_EMP_ELT_50_to_50,hp_hum_pistol_emp_v01.geo
28116,Weapon_Avatar_Pistol_Laser_ELT_05_to_09,hp_hum_pistol_laser.geo
28117,Weapon_Avatar_Pistol_Laser_ELT_10_to_14,hp_hum_pistol_laser.geo
28118,Weapon_Avatar_Pistol_Laser_ELT_15_to_19,hp_hum_pistol_laser.geo
28119,Weapon_Avatar_Pistol_Laser_ELT_20_to_24,hp_hum_pistol_laser.geo
28120,Weapon_Avatar_Pistol_Laser_ELT_25_to_29,hp_hum_pistol_laser.geo
28121,Weapon_Avatar_Pistol_Laser_ELT_30_to_34,hp_hum_pistol_laser.geo
28122,Weapon_Avatar_Pistol_Laser_ELT_35_to_39,hp_hum_pistol_laser.geo
28123,Weapon_Avatar_Pistol_Laser_ELT_40_to_44,hp_hum_pistol_laser.geo
28124,Weapon_Avatar_Pistol_Laser_ELT_45_to_49,hp_hum_pistol_laser.geo
28125,Weapon_Avatar_Pistol_Laser_ELT_50_to_50,hp_hum_pistol_laser.geo
28126,Weapon_Avatar_Pistol_Physical_ELT_01_to_04,hp_hum_pistol_physical_v01.geo
28127,Weapon_Avatar_Pistol_Physical_ELT_05_to_09,hp_hum_pistol_physical_v01.geo
28128,Weapon_Avatar_Pistol_Physical_ELT_10_to_14,hp_hum_pistol_physical_v01.geo
28129,Weapon_Avatar_Pistol_Physical_ELT_15_to_19,hp_hum_pistol_physical_v01.geo
28130,Weapon_Avatar_Pistol_Physical_ELT_20_to_24,hp_hum_pistol_physical_v01.geo
28131,Weapon_Avatar_Pistol_Physical_ELT_25_to_29,hp_hum_pistol_physical_v01.geo
28132,Weapon_Avatar_Pistol_Physical_ELT_30_to_34,hp_hum_pistol_physical_v01.geo
28133,Weapon_Avatar_Pistol_Physical_ELT_35_to_39,hp_hum_pistol_physical_v01.geo
28134,Weapon_Avatar_Pistol_Physical_ELT_40_to_44,hp_hum_pistol_physical_v01.geo
28135,Weapon_Avatar_Pistol_Physical_ELT_45_to_49,hp_hum_pistol_physical_v01.geo
28136,Weapon_Avatar_Pistol_Physical_ELT_50_to_50,hp_hum_pistol_physical_v01.geo
28137,Weapon_Avatar_Pistol_Sonic_ELT_15_to_19,hp_hum_pistol_physical_v01.geo
28138,Weapon_Avatar_Pistol_Sonic_ELT_20_to_24,hp_hum_pistol_physical_v01.geo
28139,Weapon_Avatar_Pistol_Sonic_ELT_25_to_29,hp_hum_pistol_physical_v01.geo
28140,Weapon_Avatar_Pistol_Sonic_ELT_30_to_34,hp_hum_pistol_physical_v01.geo
28141,Weapon_Avatar_Pistol_Sonic_ELT_35_to_39,hp_hum_pistol_physical_v01.geo
28142,Weapon_Avatar_Pistol_Sonic_ELT_40_to_44,hp_hum_pistol_physical_v01.geo
28143,Weapon_Avatar_Pistol_Sonic_ELT_45_to_49,hp_hum_pistol_physical_v01.geo
28144,Weapon_Avatar_Pistol_Sonic_ELT_50_to_50,hp_hum_pistol_physical_v01.geo
28145,Weapon_Avatar_PolarityGun_Electric_ELT_15_to_17,hp_hum_polaritygun_electric_v01.geo
28146,Weapon_Avatar_PolarityGun_Electric_ELT_18_to_22,hp_hum_polaritygun_electric_v01.geo
28147,Weapon_Avatar_PolarityGun_Electric_ELT_23_to_27,hp_hum_polaritygun_electric_v01.geo
28148,Weapon_Avatar_PolarityGun_Electric_ELT_28_to_32,hp_hum_polaritygun_electric_v01.geo
28149,Weapon_Avatar_PolarityGun_Electric_ELT_33_to_37,hp_hum_polaritygun_electric_v01.geo
28150,Weapon_Avatar_PolarityGun_Electric_ELT_38_to_42,hp_hum_polaritygun_electric_v01.geo
28151,Weapon_Avatar_PolarityGun_Electric_ELT_43_to_47,hp_hum_polaritygun_electric_v01.geo
28152,Weapon_Avatar_PolarityGun_Electric_ELT_48_to_49,hp_hum_polaritygun_electric_v01.geo
28153,Weapon_Avatar_PolarityGun_Electric_ELT_50_to_50,hp_hum_polaritygun_electric_v01.geo
28154,Weapon_Avatar_PolarityGun_Fire_ELT_23_to_27,hp_hum_polaritygun_fire.geo
28155,Weapon_Avatar_PolarityGun_Fire_ELT_28_to_32,hp_hum_polaritygun_fire.geo
28156,Weapon_Avatar_PolarityGun_Fire_ELT_33_to_37,hp_hum_polaritygun_fire.geo
28157,Weapon_Avatar_PolarityGun_Fire_ELT_38_to_42,hp_hum_polaritygun_fire.geo
28158,Weapon_Avatar_PolarityGun_Fire_ELT_43_to_47,hp_hum_polaritygun_fire.geo
28159,Weapon_Avatar_PolarityGun_Fire_ELT_48_to_49,hp_hum_polaritygun_fire.geo
28160,Weapon_Avatar_PolarityGun_Fire_ELT_50_to_50,hp_hum_polaritygun_fire.geo
28161,Weapon_Avatar_PolarityGun_Ice_ELT_23_to_27,hp_hum_propellant_gun_ice.geo
28162,Weapon_Avatar_PolarityGun_Ice_ELT_28_to_32,hp_hum_propellant_gun_ice.geo
28163,Weapon_Avatar_PolarityGun_Ice_ELT_33_to_37,hp_hum_propellant_gun_ice.geo
28164,Weapon_Avatar_PolarityGun_Ice_ELT_38_to_42,hp_hum_propellant_gun_ice.geo
28165,Weapon_Avatar_PolarityGun_Ice_ELT_43_to_47,hp_hum_propellant_gun_ice.geo
28166,Weapon_Avatar_PolarityGun_Ice_ELT_48_to_49,hp_hum_propellant_gun_ice.geo
28167,Weapon_Avatar_PolarityGun_Ice_ELT_50_to_50,hp_hum_propellant_gun_ice.geo
28168,Weapon_Avatar_PropellantGun_EMP_ELT_30_to_31,hp_hum_propellant_gun_emp.geo
28169,Weapon_Avatar_PropellantGun_EMP_ELT_32_to_36,hp_hum_propellant_gun_emp.geo
28170,Weapon_Avatar_PropellantGun_EMP_ELT_37_to_41,hp_hum_propellant_gun_emp.geo
28171,Weapon_Avatar_PropellantGun_EMP_ELT_42_to_46,hp_hum_propellant_gun_emp.geo
28172,Weapon_Avatar_PropellantGun_EMP_ELT_47_to_49,hp_hum_propellant_gun_emp.geo
28173,Weapon_Avatar_PropellantGun_EMP_ELT_50_to_50,hp_hum_propellant_gun_emp.geo
28174,Weapon_Avatar_PropellantGun_Fire_ELT_30_to_31,hp_hum_propellant_gun_fire.geo
28175,Weapon_Avatar_PropellantGun_Fire_ELT_32_to_36,hp_hum_propellant_gun_fire.geo
28176,Weapon_Avatar_PropellantGun_Fire_ELT_37_to_41,hp_hum_propellant_gun_fire.geo
28177,Weapon_Avatar_PropellantGun_Fire_ELT_42_to_46,hp_hum_propellant_gun_fire.geo
28178,Weapon_Avatar_PropellantGun_Fire_ELT_47_to_49,hp_hum_propellant_gun_fire.geo
28179,Weapon_Avatar_PropellantGun_Fire_ELT_50_to_50,hp_hum_propellant_gun_fire.geo
28180,Weapon_Avatar_PropellantGun_Ice_ELT_30_to_31,hp_hum_propellant_gun_ice.geo
28181,Weapon_Avatar_PropellantGun_Ice_ELT_32_to_36,hp_hum_propellant_gun_ice.geo
28182,Weapon_Avatar_PropellantGun_Ice_ELT_37_to_41,hp_hum_propellant_gun_ice.geo
28183,Weapon_Avatar_PropellantGun_Ice_ELT_42_to_46,hp_hum_propellant_gun_ice.geo
28184,Weapon_Avatar_PropellantGun_Ice_ELT_47_to_49,hp_hum_propellant_gun_ice.geo
28185,Weapon_Avatar_PropellantGun_Ice_ELT_50_to_50,hp_hum_propellant_gun_ice.geo
28186,Weapon_Avatar_PropellantGun_Sonic_ELT_30_to_31,hp_hum_propellant_gun_sonic.geo
28187,Weapon_Avatar_PropellantGun_Sonic_ELT_32_to_36,hp_hum_propellant_gun_sonic.geo
28188,Weapon_Avatar_PropellantGun_Sonic_ELT_37_to_41,hp_hum_propellant_gun_sonic.geo
28189,Weapon_Avatar_PropellantGun_Sonic_ELT_42_to_46,hp_hum_propellant_gun_sonic.geo
28190,Weapon_Avatar_PropellantGun_Sonic_ELT_47_to_49,hp_hum_propellant_gun_sonic.geo
28191,Weapon_Avatar_PropellantGun_Sonic_ELT_50_to_50,hp_hum_propellant_gun_sonic.geo
28192,Weapon_Avatar_PropellantGun_Virulent_ELT_30_to_31,hp_hum_propellant_gun_viral.geo
28193,Weapon_Avatar_PropellantGun_Virulent_ELT_32_to_36,hp_hum_propellant_gun_viral.geo
28194,Weapon_Avatar_PropellantGun_Virulent_ELT_37_to_41,hp_hum_propellant_gun_viral.geo
28195,Weapon_Avatar_PropellantGun_Virulent_ELT_42_to_46,hp_hum_propellant_gun_viral.geo
28196,Weapon_Avatar_PropellantGun_Virulent_ELT_47_to_49,hp_hum_propellant_gun_viral.geo
28197,Weapon_Avatar_PropellantGun_Virulent_ELT_50_to_50,hp_hum_propellant_gun_viral.geo
28198,Weapon_Avatar_Rifle_Electric_ELT_16_to_20,hp_hum_rifle_electric.geo
28199,Weapon_Avatar_Rifle_Electric_ELT_21_to_25,hp_hum_rifle_electric.geo
28200,Weapon_Avatar_Rifle_Electric_ELT_26_to_30,hp_hum_rifle_electric.geo
28201,Weapon_Avatar_Rifle_Electric_ELT_31_to_35,hp_hum_rifle_electric.geo
28202,Weapon_Avatar_Rifle_Electric_ELT_36_to_40,hp_hum_rifle_electric.geo
28203,Weapon_Avatar_Rifle_Electric_ELT_41_to_45,hp_hum_rifle_electric.geo
28204,Weapon_Avatar_Rifle_Electric_ELT_46_to_49,hp_hum_rifle_electric.geo
28205,Weapon_Avatar_Rifle_Electric_ELT_50_to_50,hp_hum_rifle_electric.geo
28206,Weapon_Avatar_Rifle_EMP_ELT_06_to_10,hp_hum_rifle_emp_v01.geo
28207,Weapon_Avatar_Rifle_EMP_ELT_11_to_15,hp_hum_rifle_emp_v01.geo
28208,Weapon_Avatar_Rifle_EMP_ELT_16_to_20,hp_hum_rifle_emp_v01.geo
28209,Weapon_Avatar_Rifle_EMP_ELT_21_to_25,hp_hum_rifle_emp_v01.geo
28210,Weapon_Avatar_Rifle_EMP_ELT_26_to_30,hp_hum_rifle_emp_v01.geo
28211,Weapon_Avatar_Rifle_EMP_ELT_31_to_35,hp_hum_rifle_emp_v01.geo
28212,Weapon_Avatar_Rifle_EMP_ELT_36_to_40,hp_hum_rifle_emp_v01.geo
28213,Weapon_Avatar_Rifle_EMP_ELT_41_to_45,hp_hum_rifle_emp_v01.geo
28214,Weapon_Avatar_Rifle_EMP_ELT_46_to_49,hp_hum_rifle_emp_v01.geo
28215,Weapon_Avatar_Rifle_EMP_ELT_50_to_50,hp_hum_rifle_emp_v01.geo
28216,Weapon_Avatar_Rifle_Laser_ELT_06_to_10,hp_hum_rifle_laser_v01.geo
28217,Weapon_Avatar_Rifle_Laser_ELT_11_to_15,hp_hum_rifle_laser_v01.geo
28218,Weapon_Avatar_Rifle_Laser_ELT_16_to_20,hp_hum_rifle_laser_v01.geo
28219,Weapon_Avatar_Rifle_Laser_ELT_21_to_25,hp_hum_rifle_laser_v01.geo
28220,Weapon_Avatar_Rifle_Laser_ELT_26_to_30,hp_hum_rifle_laser_v01.geo
28221,Weapon_Avatar_Rifle_Laser_ELT_31_to_35,hp_hum_rifle_laser_v01.geo
28222,Weapon_Avatar_Rifle_Laser_ELT_36_to_40,hp_hum_rifle_laser_v01.geo
28223,Weapon_Avatar_Rifle_Laser_ELT_41_to_45,hp_hum_rifle_laser_v01.geo
28224,Weapon_Avatar_Rifle_Laser_ELT_46_to_49,hp_hum_rifle_laser_v01.geo
28225,Weapon_Avatar_Rifle_Laser_ELT_50_to_50,hp_hum_rifle_laser_v01.geo
28226,Weapon_Avatar_Rifle_Physical_ELT_01_to_05,hp_hum_rifle_physical_v01.geo
28227,Weapon_Avatar_Rifle_Physical_ELT_06_to_10,hp_hum_rifle_physical_v01.geo
28228,Weapon_Avatar_Rifle_Physical_ELT_11_to_15,hp_hum_rifle_physical_v01.geo
28229,Weapon_Avatar_Rifle_Physical_ELT_16_to_20,hp_hum_rifle_physical_v01.geo
28230,Weapon_Avatar_Rifle_Physical_ELT_21_to_25,hp_hum_rifle_physical_v01.geo
28231,Weapon_Avatar_Rifle_Physical_ELT_26_to_30,hp_hum_rifle_physical_v01.geo
28232,Weapon_Avatar_Rifle_Physical_ELT_31_to_35,hp_hum_rifle_physical_v01.geo
28233,Weapon_Avatar_Rifle_Physical_ELT_36_to_40,hp_hum_rifle_physical_v01.geo
28234,Weapon_Avatar_Rifle_Physical_ELT_41_to_45,hp_hum_rifle_physical_v01.geo
28235,Weapon_Avatar_Rifle_Physical_ELT_46_to_49,hp_hum_rifle_physical_v01.geo
28236,Weapon_Avatar_Rifle_Physical_ELT_50_to_50,hp_hum_rifle_physical_v01.geo
28237,Weapon_Avatar_Rifle_Sonic_ELT_11_to_15,hp_hum_rifle_sonic_v01.geo
28238,Weapon_Avatar_Rifle_Sonic_ELT_16_to_20,hp_hum_rifle_sonic_v01.geo
28239,Weapon_Avatar_Rifle_Sonic_ELT_21_to_25,hp_hum_rifle_sonic_v01.geo
28240,Weapon_Avatar_Rifle_Sonic_ELT_26_to_30,hp_hum_rifle_sonic_v01.geo
28241,Weapon_Avatar_Rifle_Sonic_ELT_31_to_35,hp_hum_rifle_sonic_v01.geo
28242,Weapon_Avatar_Rifle_Sonic_ELT_36_to_40,hp_hum_rifle_sonic_v01.geo
28243,Weapon_Avatar_Rifle_Sonic_ELT_41_to_45,hp_hum_rifle_sonic_v01.geo
28244,Weapon_Avatar_Rifle_Sonic_ELT_46_to_49,hp_hum_rifle_sonic_v01.geo
28245,Weapon_Avatar_Rifle_Sonic_ELT_50_to_50,hp_hum_rifle_sonic_v01.geo
28246,Weapon_Avatar_RocketLauncher_Electric_ELT_19_to_23,hp_hum_rocketlauncher_electric.geo
28247,Weapon_Avatar_RocketLauncher_Electric_ELT_24_to_28,hp_hum_rocketlauncher_electric.geo
28248,Weapon_Avatar_RocketLauncher_Electric_ELT_29_to_33,hp_hum_rocketlauncher_electric.geo
28249,Weapon_Avatar_RocketLauncher_Electric_ELT_34_to_38,hp_hum_rocketlauncher_electric.geo
28250,Weapon_Avatar_RocketLauncher_Electric_ELT_39_to_43,hp_hum_rocketlauncher_electric.geo
28251,Weapon_Avatar_RocketLauncher_Electric_ELT_44_to_48,hp_hum_rocketlauncher_electric.geo
28252,Weapon_Avatar_RocketLauncher_Electric_ELT_49_to_49,hp_hum_rocketlauncher_electric.geo
28253,Weapon_Avatar_RocketLauncher_Electric_ELT_50_to_50,hp_hum_rocketlauncher_electric.geo
28254,Weapon_Avatar_RocketLauncher_EMP_ELT_15_to_18,hp_hum_rocketlauncher_emp.geo
28255,Weapon_Avatar_RocketLauncher_EMP_ELT_19_to_23,hp_hum_rocketlauncher_emp.geo
28256,Weapon_Avatar_RocketLauncher_EMP_ELT_24_to_28,hp_hum_rocketlauncher_emp.geo
28257,Weapon_Avatar_RocketLauncher_EMP_ELT_29_to_33,hp_hum_rocketlauncher_emp.geo
28258,Weapon_Avatar_RocketLauncher_EMP_ELT_34_to_38,hp_hum_rocketlauncher_emp.geo
28259,Weapon_Avatar_RocketLauncher_EMP_ELT_39_to_43,hp_hum_rocketlauncher_emp.geo
28260,Weapon_Avatar_RocketLauncher_EMP_ELT_44_to_48,hp_hum_rocketlauncher_emp.geo
28261,Weapon_Avatar_RocketLauncher_EMP_ELT_49_to_49,hp_hum_rocketlauncher_emp.geo
28262,Weapon_Avatar_RocketLauncher_EMP_ELT_50_to_50,hp_hum_rocketlauncher_emp.geo
28263,Weapon_Avatar_RocketLauncher_Laser_ELT_15_to_18,hp_hum_rocketlauncher_laser.geo
28264,Weapon_Avatar_RocketLauncher_Laser_ELT_19_to_23,hp_hum_rocketlauncher_laser.geo
28265,Weapon_Avatar_RocketLauncher_Laser_ELT_24_to_28,hp_hum_rocketlauncher_laser.geo
28266,Weapon_Avatar_RocketLauncher_Laser_ELT_29_to_33,hp_hum_rocketlauncher_laser.geo
28267,Weapon_Avatar_RocketLauncher_Laser_ELT_34_to_38,hp_hum_rocketlauncher_laser.geo
28268,Weapon_Avatar_RocketLauncher_Laser_ELT_39_to_43,hp_hum_rocketlauncher_laser.geo
28269,Weapon_Avatar_RocketLauncher_Laser_ELT_44_to_48,hp_hum_rocketlauncher_laser.geo
28270,Weapon_Avatar_RocketLauncher_Laser_ELT_49_to_49,hp_hum_rocketlauncher_laser.geo
28271,Weapon_Avatar_RocketLauncher_Laser_ELT_50_to_50,hp_hum_rocketlauncher_laser.geo
28272,Weapon_Avatar_RocketLauncher_Physical_ELT_15_to_18,hp_hum_rocketlauncher_physical_v01.geo
28273,Weapon_Avatar_RocketLauncher_Physical_ELT_19_to_23,hp_hum_rocketlauncher_physical_v01.geo
28274,Weapon_Avatar_RocketLauncher_Physical_ELT_24_to_28,hp_hum_rocketlauncher_physical_v01.geo
28275,Weapon_Avatar_RocketLauncher_Physical_ELT_29_to_33,hp_hum_rocketlauncher_physical_v01.geo
28276,Weapon_Avatar_RocketLauncher_Physical_ELT_34_to_38,hp_hum_rocketlauncher_physical_v01.geo
28277,Weapon_Avatar_RocketLauncher_Physical_ELT_39_to_43,hp_hum_rocketlauncher_physical_v01.geo
28278,Weapon_Avatar_RocketLauncher_Physical_ELT_44_to_48,hp_hum_rocketlauncher_physical_v01.geo
28279,Weapon_Avatar_RocketLauncher_Physical_ELT_49_to_49,hp_hum_rocketlauncher_physical_v01.geo
28280,Weapon_Avatar_RocketLauncher_Physical_ELT_50_to_50,hp_hum_rocketlauncher_physical_v01.geo
28281,Weapon_Avatar_RocketLauncher_Sonic_ELT_15_to_18,hp_hum_rocketlauncher_sonic.geo
28282,Weapon_Avatar_RocketLauncher_Sonic_ELT_19_to_23,hp_hum_rocketlauncher_sonic.geo
28283,Weapon_Avatar_RocketLauncher_Sonic_ELT_24_to_28,hp_hum_rocketlauncher_sonic.geo
28284,Weapon_Avatar_RocketLauncher_Sonic_ELT_29_to_33,hp_hum_rocketlauncher_sonic.geo
28285,Weapon_Avatar_RocketLauncher_Sonic_ELT_34_to_38,hp_hum_rocketlauncher_sonic.geo
28286,Weapon_Avatar_RocketLauncher_Sonic_ELT_39_to_43,hp_hum_rocketlauncher_sonic.geo
28287,Weapon_Avatar_RocketLauncher_Sonic_ELT_44_to_48,hp_hum_rocketlauncher_sonic.geo
28288,Weapon_Avatar_RocketLauncher_Sonic_ELT_49_to_49,hp_hum_rocketlauncher_sonic.geo
28289,Weapon_Avatar_RocketLauncher_Sonic_ELT_50_to_50,hp_hum_rocketlauncher_sonic.geo
28290,Weapon_Avatar_Shotgun_v1_EMP_ELT_07_to_11,hp_hum_shotgun_emp_v01.geo
28291,Weapon_Avatar_Shotgun_v1_EMP_ELT_12_to_16,hp_hum_shotgun_emp_v01.geo
28292,Weapon_Avatar_Shotgun_v1_EMP_ELT_17_to_21,hp_hum_shotgun_emp_v01.geo
28293,Weapon_Avatar_Shotgun_v1_EMP_ELT_22_to_26,hp_hum_shotgun_emp_v01.geo
28294,Weapon_Avatar_Shotgun_v1_EMP_ELT_27_to_31,hp_hum_shotgun_emp_v01.geo
28295,Weapon_Avatar_Shotgun_v1_EMP_ELT_32_to_36,hp_hum_shotgun_emp_v01.geo
28296,Weapon_Avatar_Shotgun_v1_EMP_ELT_37_to_41,hp_hum_shotgun_emp_v01.geo
28297,Weapon_Avatar_Shotgun_v1_EMP_ELT_42_to_46,hp_hum_shotgun_emp_v01.geo
28298,Weapon_Avatar_Shotgun_v1_EMP_ELT_47_to_49,hp_hum_shotgun_emp_v01.geo
28299,Weapon_Avatar_Shotgun_v1_EMP_ELT_50_to_50,hp_hum_shotgun_emp_v01.geo
28300,Weapon_Avatar_Shotgun_v1_Fire_ELT_22_to_26,hp_hum_shotgun_fire.geo
28301,Weapon_Avatar_Shotgun_v1_Fire_ELT_27_to_31,hp_hum_shotgun_fire.geo
28302,Weapon_Avatar_Shotgun_v1_Fire_ELT_32_to_36,hp_hum_shotgun_fire.geo
28303,Weapon_Avatar_Shotgun_v1_Fire_ELT_37_to_41,hp_hum_shotgun_fire.geo
28304,Weapon_Avatar_Shotgun_v1_Fire_ELT_42_to_46,hp_hum_shotgun_fire.geo
28305,Weapon_Avatar_Shotgun_v1_Fire_ELT_47_to_49,hp_hum_shotgun_fire.geo
28306,Weapon_Avatar_Shotgun_v1_Fire_ELT_50_to_50,hp_hum_shotgun_fire.geo
28307,Weapon_Avatar_Shotgun_v1_Ice_ELT_22_to_26,hp_hum_shotgun_ice.geo
28308,Weapon_Avatar_Shotgun_v1_Ice_ELT_27_to_31,hp_hum_shotgun_ice.geo
28309,Weapon_Avatar_Shotgun_v1_Ice_ELT_32_to_36,hp_hum_shotgun_ice.geo
28310,Weapon_Avatar_Shotgun_v1_Ice_ELT_37_to_41,hp_hum_shotgun_ice.geo
28311,Weapon_Avatar_Shotgun_v1_Ice_ELT_42_to_46,hp_hum_shotgun_ice.geo
28312,Weapon_Avatar_Shotgun_v1_Ice_ELT_47_to_49,hp_hum_shotgun_ice.geo
28313,Weapon_Avatar_Shotgun_v1_Ice_ELT_50_to_50,hp_hum_shotgun_ice.geo
28314,Weapon_Avatar_Shotgun_v1_Laser_ELT_07_to_11,hp_hum_shotgun_laser_v01.geo
28315,Weapon_Avatar_Shotgun_v1_Laser_ELT_12_to_16,hp_hum_shotgun_laser_v01.geo
28316,Weapon_Avatar_Shotgun_v1_Laser_ELT_17_to_21,hp_hum_shotgun_laser_v01.geo
28317,Weapon_Avatar_Shotgun_v1_Laser_ELT_22_to_26,hp_hum_shotgun_laser_v01.geo
28318,Weapon_Avatar_Shotgun_v1_Laser_ELT_27_to_31,hp_hum_shotgun_laser_v01.geo
28319,Weapon_Avatar_Shotgun_v1_Laser_ELT_32_to_36,hp_hum_shotgun_laser_v01.geo
28320,Weapon_Avatar_Shotgun_v1_Laser_ELT_37_to_41,hp_hum_shotgun_laser_v01.geo
28321,Weapon_Avatar_Shotgun_v1_Laser_ELT_42_to_46,hp_hum_shotgun_laser_v01.geo
28322,Weapon_Avatar_Shotgun_v1_Laser_ELT_47_to_49,hp_hum_shotgun_laser_v01.geo
28323,Weapon_Avatar_Shotgun_v1_Laser_ELT_50_to_50,hp_hum_shotgun_laser_v01.geo
28324,Weapon_Avatar_Shotgun_v1_Physical_ELT_01_to_01,hp_hum_shotgun_physical_v01.geo
28325,Weapon_Avatar_Shotgun_v1_Physical_ELT_02_to_06,hp_hum_shotgun_physical_v01.geo
28326,Weapon_Avatar_Shotgun_v1_Physical_ELT_07_to_11,hp_hum_shotgun_physical_v01.geo
28327,Weapon_Avatar_Shotgun_v1_Physical_ELT_12_to_16,hp_hum_shotgun_physical_v01.geo
28328,Weapon_Avatar_Shotgun_v1_Physical_ELT_17_to_21,hp_hum_shotgun_physical_v01.geo
28329,Weapon_Avatar_Shotgun_v1_Physical_ELT_22_to_26,hp_hum_shotgun_physical_v01.geo
28330,Weapon_Avatar_Shotgun_v1_Physical_ELT_27_to_31,hp_hum_shotgun_physical_v01.geo
28331,Weapon_Avatar_Shotgun_v1_Physical_ELT_32_to_36,hp_hum_shotgun_physical_v01.geo
28332,Weapon_Avatar_Shotgun_v1_Physical_ELT_37_to_41,hp_hum_shotgun_physical_v01.geo
28333,Weapon_Avatar_Shotgun_v1_Physical_ELT_42_to_46,hp_hum_shotgun_physical_v01.geo
28334,Weapon_Avatar_Shotgun_v1_Physical_ELT_47_to_49,hp_hum_shotgun_physical_v01.geo
28335,Weapon_Avatar_Shotgun_v1_Physical_ELT_50_to_50,hp_hum_shotgun_physical_v01.geo
28336,Weapon_Avatar_Shotgun_v1_Sonic_ELT_12_to_16,hp_hum_shotgun_sonic.geo
28337,Weapon_Avatar_Shotgun_v1_Sonic_ELT_17_to_21,hp_hum_shotgun_sonic.geo
28338,Weapon_Avatar_Shotgun_v1_Sonic_ELT_22_to_26,hp_hum_shotgun_sonic.geo
28339,Weapon_Avatar_Shotgun_v1_Sonic_ELT_27_to_31,hp_hum_shotgun_sonic.geo
28340,Weapon_Avatar_Shotgun_v1_Sonic_ELT_32_to_36,hp_hum_shotgun_sonic.geo
28341,Weapon_Avatar_Shotgun_v1_Sonic_ELT_37_to_41,hp_hum_shotgun_sonic.geo
28342,Weapon_Avatar_Shotgun_v1_Sonic_ELT_42_to_46,hp_hum_shotgun_sonic.geo
28343,Weapon_Avatar_Shotgun_v1_Sonic_ELT_47_to_49,hp_hum_shotgun_sonic.geo
28344,Weapon_Avatar_Shotgun_v1_Sonic_ELT_50_to_50,hp_hum_shotgun_sonic.geo
28345,Weapon_Avatar_Staff_Electric_ELT_30_to_34,hp_hum_staff_electric_v01.geo
28346,Weapon_Avatar_Staff_Electric_ELT_35_to_39,hp_hum_staff_electric_v01.geo
28347,Weapon_Avatar_Staff_Electric_ELT_40_to_44,hp_hum_staff_electric_v01.geo
28348,Weapon_Avatar_Staff_Electric_ELT_45_to_49,hp_hum_staff_electric_v01.geo
28349,Weapon_Avatar_Staff_Electric_ELT_50_to_50,hp_hum_staff_electric_v01.geo
28350,Weapon_Avatar_Staff_EMP_ELT_30_to_34,hp_hum_staff_emp_v01.geo
28351,Weapon_Avatar_Staff_EMP_ELT_35_to_39,hp_hum_staff_emp_v01.geo
28352,Weapon_Avatar_Staff_EMP_ELT_40_to_44,hp_hum_staff_emp_v01.geo
28353,Weapon_Avatar_Staff_EMP_ELT_45_to_49,hp_hum_staff_emp_v01.geo
28354,Weapon_Avatar_Staff_EMP_ELT_50_to_50,hp_hum_staff_emp_v01.geo
28355,Weapon_Avatar_Staff_Fire_ELT_30_to_34,hp_hum_staff_fire_v01.geo
28356,Weapon_Avatar_Staff_Fire_ELT_35_to_39,hp_hum_staff_fire_v01.geo
28357,Weapon_Avatar_Staff_Fire_ELT_40_to_44,hp_hum_staff_fire_v01.geo
28358,Weapon_Avatar_Staff_Fire_ELT_45_to_49,hp_hum_staff_fire_v01.geo
28359,Weapon_Avatar_Staff_Fire_ELT_50_to_50,hp_hum_staff_fire_v01.geo
28360,Weapon_Avatar_Staff_Ice_ELT_30_to_34,hp_hum_staff_ice_v01.geo
28361,Weapon_Avatar_Staff_Ice_ELT_35_to_39,hp_hum_staff_ice_v01.geo
28362,Weapon_Avatar_Staff_Ice_ELT_40_to_44,hp_hum_staff_ice_v01.geo
28363,Weapon_Avatar_Staff_Ice_ELT_45_to_49,hp_hum_staff_ice_v01.geo
28364,Weapon_Avatar_Staff_Ice_ELT_50_to_50,hp_hum_staff_ice_v01.geo
28365,Weapon_Avatar_Staff_Physical_ELT_30_to_34,hp_hum_staff_physical_v01.geo
28366,Weapon_Avatar_Staff_Physical_ELT_35_to_39,hp_hum_staff_physical_v01.geo
28367,Weapon_Avatar_Staff_Physical_ELT_40_to_44,hp_hum_staff_physical_v01.geo
28368,Weapon_Avatar_Staff_Physical_ELT_45_to_49,hp_hum_staff_physical_v01.geo
28369,Weapon_Avatar_Staff_Physical_ELT_50_to_50,hp_hum_staff_physical_v01.geo
28370,Weapon_Avatar_Staff_Virulent_ELT_30_to_34,hp_hum_staff_viral_v01.geo
28371,Weapon_Avatar_Staff_Virulent_ELT_35_to_39,hp_hum_staff_viral_v01.geo
28372,Weapon_Avatar_Staff_Virulent_ELT_40_to_44,hp_hum_staff_viral_v01.geo
28373,Weapon_Avatar_Staff_Virulent_ELT_45_to_49,hp_hum_staff_viral_v01.geo
28374,Weapon_Avatar_Staff_Virulent_ELT_50_to_50,hp_hum_staff_viral_v01.geo
28375,Weapon_Avatar_Torqueshell_Rifle_Electric_ELT_30_to_32,hp_hum_sniperrifle_electric.geo
28376,Weapon_Avatar_Torqueshell_Rifle_Electric_ELT_33_to_37,hp_hum_sniperrifle_electric.geo
28377,Weapon_Avatar_Torqueshell_Rifle_Electric_ELT_38_to_42,hp_hum_sniperrifle_electric.geo
28378,Weapon_Avatar_Torqueshell_Rifle_Electric_ELT_43_to_47,hp_hum_sniperrifle_electric.geo
28379,Weapon_Avatar_Torqueshell_Rifle_Electric_ELT_48_to_49,hp_hum_sniperrifle_electric.geo
28380,Weapon_Avatar_Torqueshell_Rifle_Electric_ELT_50_to_50,hp_hum_sniperrifle_electric.geo
28381,Weapon_Avatar_Torqueshell_Rifle_EMP_ELT_30_to_32,hp_hum_sniperrifle_emp.geo
28382,Weapon_Avatar_Torqueshell_Rifle_EMP_ELT_33_to_37,hp_hum_sniperrifle_emp.geo
28383,Weapon_Avatar_Torqueshell_Rifle_EMP_ELT_38_to_42,hp_hum_sniperrifle_emp.geo
28384,Weapon_Avatar_Torqueshell_Rifle_EMP_ELT_43_to_47,hp_hum_sniperrifle_emp.geo
28385,Weapon_Avatar_Torqueshell_Rifle_EMP_ELT_48_to_49,hp_hum_sniperrifle_emp.geo
28386,Weapon_Avatar_Torqueshell_Rifle_EMP_ELT_50_to_50,hp_hum_sniperrifle_emp.geo
28387,Weapon_Avatar_Torqueshell_Rifle_Laser_ELT_30_to_32,hp_hum_sniperrifle_laser.geo
28388,Weapon_Avatar_Torqueshell_Rifle_Laser_ELT_33_to_37,hp_hum_sniperrifle_laser.geo
28389,Weapon_Avatar_Torqueshell_Rifle_Laser_ELT_38_to_42,hp_hum_sniperrifle_laser.geo
28390,Weapon_Avatar_Torqueshell_Rifle_Laser_ELT_43_to_47,hp_hum_sniperrifle_laser.geo
28391,Weapon_Avatar_Torqueshell_Rifle_Laser_ELT_48_to_49,hp_hum_sniperrifle_laser.geo
28392,Weapon_Avatar_Torqueshell_Rifle_Laser_ELT_50_to_50,hp_hum_sniperrifle_laser.geo
28393,Weapon_Avatar_Torqueshell_Rifle_Physical_ELT_30_to_32,hp_hum_sniperrifle_physcial.geo
28394,Weapon_Avatar_Torqueshell_Rifle_Physical_ELT_33_to_37,hp_hum_sniperrifle_physcial.geo
28395,Weapon_Avatar_Torqueshell_Rifle_Physical_ELT_38_to_42,hp_hum_sniperrifle_physcial.geo
28396,Weapon_Avatar_Torqueshell_Rifle_Physical_ELT_43_to_47,hp_hum_sniperrifle_physcial.geo
28397,Weapon_Avatar_Torqueshell_Rifle_Physical_ELT_48_to_49,hp_hum_sniperrifle_physcial.geo
28398,Weapon_Avatar_Torqueshell_Rifle_Physical_ELT_50_to_50,hp_hum_sniperrifle_physcial.geo
28399,Weapon_Avatar_Torqueshell_Rifle_Sonic_ELT_30_to_32,hp_hum_sniperrifle_sonic.geo
28400,Weapon_Avatar_Torqueshell_Rifle_Sonic_ELT_33_to_37,hp_hum_sniperrifle_sonic.geo
28401,Weapon_Avatar_Torqueshell_Rifle_Sonic_ELT_38_to_42,hp_hum_sniperrifle_sonic.geo
28402,Weapon_Avatar_Torqueshell_Rifle_Sonic_ELT_43_to_47,hp_hum_sniperrifle_sonic.geo
28403,Weapon_Avatar_Torqueshell_Rifle_Sonic_ELT_48_to_49,hp_hum_sniperrifle_sonic.geo
28404,Weapon_Avatar_Torqueshell_Rifle_Sonic_ELT_50_to_50,hp_hum_sniperrifle_sonic.geo
28405,TerraMyconRisePetrifiedFungi01V05,terra_mycon_rise_petrified_fungi01_v05.geo
28406,ArchMutalisWall01V06,arch_mutalis_wall_01_v06.geo
28407,ArchMutalisWall01V07,arch_mutalis_wall_01_v07.geo
28410,FloraMyconAvisn02V01,flora_mycon_avisn02_v01.geo
28411,FloraMyconAvisn03V01,flora_mycon_avisn03_v01.geo
28413,ArchMutalisLight01V02,arch_mutalis_light_01_v02.geo
28414,ArchMutalisLight01V01,arch_mutalis_light_01_v01.geo
28415,Redshirt_Forean_Elder_Traitor_Boss,creature_forean_shaman_v01.geo
28419,ElohGenObjSanctusGrottoPuzzleElementNeph,arch_eloh_logos_neph_puzzle.geo
28420,ElohGenObjSanctusGrottoPuzzleElementFunction,arch_eloh_logos_function_puzzle.geo
28421,ElohGenObjSanctusGrottoPuzzleElementThrough,arch_eloh_logos_through_puzzle.geo
28422,ElohGenObjSanctusGrottoPuzzleElementControl,arch_eloh_logos_control_puzzle.geo
28423,ElohGenObjSanctusGrottoPuzzleElementNot,arch_eloh_logos_not_puzzle.geo
28424,ElohGenObjSanctusGrottoPuzzleElementChoice,arch_eloh_logos_choice_puzzle.geo
28428,VfxAmbientFlySwarm4x4v02,vfx_ambient_fly_swarm_4x4_v02.geo
28429,VfxAmbientFlySwarm4x4v03,vfx_ambient_fly_swarm_4x4_v03.geo
28430,VfxAmbientRoaches4x4Groundv01,vfx_ambient_fly_roach_4x4_ground_v01.geo
28431,VfxAmbientRoaches4x4Groundv02,vfx_ambient_fly_roach_4x4_ground_v02.geo
28432,VfxAmbientRoaches4x4Groundv03,vfx_ambient_fly_roach_4x4_ground_v03.geo
28433,UsableThreeStateBaneIndustrialCircuitBeam128MV01,arch_bane_industrial_circuit_beam_128m_v01.geo
28434,UsableInertDestBaneIndustrialChunnelMachine05V01,arch_bane_industrial_chunnel_machine_05_v01.geo
28441,MisPalisadesItemLightberderorders,item_crate_hum_v01.geo
28442,MisPalisadesItemWarnetheadhelinor,item_bio_heads_warnet_v01.geo
28443,MisPalisadesItemWarnetheadhcaverns,item_bio_heads_warnet_v01.geo
28444,MisPalisadesItemMiasmaessence,item_bio_goo_gen_v01.geo
28445,MisPalisadesItemMiasmaMeat,item_bio_goo_gen_v01.geo
28447,PropHumBoxingRing,prop_hum_boxing_ring_v01.geo
28448,ArchForeanBridgeCeremonialV02,arch_forean_bridge_ceremonial_v02.geo
28449,VfxMyconSporeFog16x16,vfx_env_mycon_spores_16m_v01.geo
28450,ArchForeanElohColossusV02,arch_forean_eloh_colossus_v02.geo
28453,FloraMyconFan01V02,flora_mycon_fan01_v02.geo
28454,FloraMyconFanClumps01V01,flora_mycon_fan_clumps01_V01.geo
28455,FloraMyconFanClumps01V02,flora_mycon_fan_clumps01_V02.geo
28456,FloraMyconFanClumps01V03,flora_mycon_fan_clumps01_V03.geo
28474,UsableTwoStateHumPersonalWormholeV01,hp_hum_consumable_wormhole.geo
28475,MisPalisadesItemScarecrow,item_canister_hum_v01.geo
28476,MisPalisadesItemUnunbiumrods,item_crate_hum_v01.geo
28509,VfxMyconSporeFog32x32,vfx_env_mycon_spores_32m_v01.geo
28510,ArchHumCorridorStairwellV01,arch_hum_corridor_stairwell_v02.geo
28512,TerraMyconRisePetrifiedFungi02V02,terra_mycon_rise_petrified_fungi02_v02.geo
28513,TerraMyconRisePetrifiedFungi02V03,terra_mycon_rise_petrified_fungi02_v03.geo
28514,TerraMyconRisePetrifiedFungi02V01,terra_mycon_rise_petrified_fungi02_v01.geo
28515,TerraMyconRisePetrifiedFungi03V01,terra_mycon_rise_petrified_fungi03_v01.geo
28516,TerraMyconRisePetrifiedFungi03V02,terra_mycon_rise_petrified_fungi03_v02.geo
28517,TerraMyconRisePetrifiedFungi03V03,terra_mycon_rise_petrified_fungi03_v03.geo
28520,UsableTreasureDispEventHolidayTree,prop_event_holiday_tree_v01.geo
28524,TerraMyconRisePetrifiedFungi01V06,terra_mycon_rise_petrified_fungi01_v06.geo
28525,PropElohObeliskV06,prop_eloh_obelisk_v06.geo
28526,PropElohObeliskV07,prop_eloh_obelisk_v07.geo
28527,PropElohObeliskV08,prop_eloh_obelisk_v08.geo
28528,PropElohObeliskV09,prop_eloh_obelisk_v09.geo
28529,PropElohWallLightV02,prop_eloh_wall_light_v02.geo
28530,FloraMyconKumin01V02,flora_mycon_kumin01_v02.geo
28531,FloraMyconKumin01V03,flora_mycon_kumin01_v03.geo
28532,FloraMyconKumin01V04,flora_mycon_kumin01_v04.geo
28533,FloraMyconKuminClumps01V01,flora_mycon_kumin_clumps01_v01.geo
28534,FloraMyconKuminClumps01V02,flora_mycon_kumin_clumps01_v02.geo
28538,MisJunkyardItemCircuitboard,item_datablock_hum.geo
28539,ArchHumCorrRoomOfficeV03,arch_hum_corr_room_office_v08.geo
28540,ArchHumGenObjFluorescenttLightV01Flicker,prop_hum_fluorescent_light_v01_off.geo
28541,ArchHumGenObjFluorescenttLightV02Flicker,prop_hum_fluorescent_light_v01_off.geo
28542,UsableTwoStateHumBulletLightV01,prop_hum_bullet_light_v01.geo
28543,UsableTwoStateHumBulletLightV01Strobe,prop_hum_bullet_light_v01.geo
28545,UsableTwoStateHumBulletLightV01WhitetoRed,prop_hum_bullet_light_v01.geo
28546,UsableInertDestHumBulletLightV01,prop_hum_bullet_light_v01.geo
28547,UsableInertDestHumBulletLightV01Sparks,prop_hum_bullet_light_v01.geo
28548,UsableInertDestHumBulletLightV01Smoke,prop_hum_bullet_light_v01.geo
28549,FloraMyconKuminClumps01V03,flora_mycon_kumin_clumps01_v03.geo
28556,TerraAriekiCavernAbyssMissileSiloV01,terra_arieki_cavern_abyss_missilesilo_v01.geo
28557,FloraMyconDuncan01V01,flora_mycon_duncan01_v01.geo
28580,UsableMisPlateauRemoteSensorTerminal,prop_hum_phone_v03.geo
28581,ArchHumCorrRoomOfficeV04,arch_hum_corr_room_office_v09.geo
28582,FloraMyconLightSporepodV01,flora_mycon_light_sporepod_v01.geo
28584,FloraMyconGuntweed01V02,flora_mycon_guntweed01_v02.geo
28585,FloraMyconGuntweed01V01,flora_mycon_guntweed01_v01.geo
28586,Ability_Trap,vfx_ability_trap_geo.geo
28587,FloraMyconAvisnSmall01V01,flora_mycon_avisn_small01_v01.geo
28588,FloraMyconAvisnSmall01V02,flora_mycon_avisn_small01_v02.geo
28589,NPC_Bane_Miniboss_Overseer_Skeev,creature_thrax_overseer_skeev_v01.geo
28590,TerraMyconRiseRockGlacier01V01,terra_mycon_rise_rock_glacier01_v01.geo
28591,TerraMyconRiseRockGlacier01V02,terra_mycon_rise_rock_glacier01_v02.geo
28592,FloraMyconLightInsectDrippersV01,vfx_env_mycon_light_insect_drippers_16x16.geo
28593,FloraForeasGenTreeSlantV01,flora_foreas_gen_tree03_slant_v01.geo
28594,FloraForeasGenTreeSlantV02,flora_foreas_gen_tree03_slant_v02.geo
28595,FloraForeasGenTreeSlantV03,flora_foreas_gen_tree03_slant_v03.geo
28620,UsableTwoStateHumAirstrike,vfx_usable_twostate_airstrike_v01.geo
28621,ArchHumCorrRoomOfficeV05,arch_hum_corr_room_office_v10.geo
28623,FloraForeasGenTreestump03V01,flora_foreas_gen_treestump03_v01.geo
28624,FloraForeasGenTreestump03V02,flora_foreas_gen_treestump03_v02.geo
28629,FloraForeasGenTreestump03V03,flora_foreas_gen_treestump03_v03.geo
28630,FloraForeasGenTreestump03V04,flora_foreas_gen_treestump03_v04.geo
28631,MisMarshesItemWardenJunk,item_machinepart_bane_v01.geo
28632,MisMarshesItemLightbenderJunk,item_canister_bane_v01.geo
28633,MisMarshesItemMoxDischargeContainment,item_crate_hum_v01.geo
28634,MisMarshesGunControlGun,item_crate_hum_v01.geo
28635,MisMarshesBanePowerCore,item_canister_bane_v01.geo
28636,MisMarshesCommunicationsSpike,item_bag_hum_v01.geo
28637,FloraForeasGenTreelog03V01,flora_foreas_gen_treelog03_v01.geo
28638,FloraForeasGenTreelog03V02,flora_foreas_gen_treelog03_v02.geo
28639,FloraForeasGenTreelog03V03,flora_foreas_gen_treelog03_v03.geo
28640,MisMarshesLittleHelpHereSupplies,prop_hum_crate_medical01_V02.geo
28641,MisMarshesAFSDropshipBlackBox,item_crate_hum_v01.geo
28642,MisMarshesBaneScematics,item_datablade_bane.geo
28643,MisMarshesMawFlower,flora_foreas_swamp_maw_flower01_v01.geo
28644,MisMarshesGeneratorBomb,prop_hum_bomb_v01.geo
28645,MisMarshesBaneVirus,item_datablade_bane.geo
28646,FloraForeasGenTreestump03BunchV01,flora_foreas_gen_treestump03_bunch_v01.geo
28647,FloraForeasGenTreestump03V05,flora_foreas_gen_treestump03_v05.geo
28648,Arch_human_outpost_planter01V01,arch_hum_outpost_planter01_v01.geo
28656,Sys_Default_LootProxy,loot_corpse_object_v01.geo
28661,FloraForeasGenTreestump03BunchV02,flora_foreas_gen_treestump03_bunch_v02.geo
28670,LootableProxy_Mech,vfx_crit_emp_resolve_junk_v01.geo
28672,ArchBaneExteriorBuildingV01,arch_bane_exterior_building_v01.geo
28673,ArchBaneExteriorBuildingV02,arch_bane_exterior_building_v02.geo
28674,ArchBaneExteriorBuildingV03,arch_bane_exterior_building_v03.geo
28675,ArchBaneExteriorBuildingV04,arch_bane_exterior_building_v04.geo
28676,ArchBaneExteriorBuildingV05,arch_bane_exterior_building_v05.geo
28677,ArchBaneExteriorBuildingV06,arch_bane_exterior_building_v06.geo
28678,ArchBaneExteriorBuildingV07,arch_bane_exterior_building_v07.geo
28679,ArchBaneExteriorBuildingV08,arch_bane_exterior_building_v08.geo
28680,ArchBaneExteriorBuildingV09,arch_bane_exterior_building_v09.geo
28687,Ability_Bane_Juggernaught_Blackhole,vfx_creature_bane_juggernaut_ability_blackhole_v01.geo
28696,NPC_Corman_Hermit_Male,npc_hum_m_corman_hermit_v01.geo
28697,Redshirt_Human_Female_Child,npc_hum_f_young_afs_v01.geo
28698,Redshirt_Human_Male_Child,npc_hum_m_young_afs_v01.geo
28699,DELETEME_BROKEN,hp_hum_field_repair.geo
28700,Tool_Avatar_Field_Repair_Conical_UNC_05_to_09_DELETE,hp_hum_field_repair.geo
28701,Tool_Avatar_Field_Repair_Conical_UNC_10_to_14_DELETE,hp_hum_field_repair.geo
28702,Tool_Avatar_Field_Repair_Conical_UNC_15_to_19_DELETE,hp_hum_field_repair.geo
28703,Tool_Avatar_Field_Repair_Conical_UNC_20_to_24_DELETE,hp_hum_field_repair.geo
28704,Tool_Avatar_Field_Repair_Conical_UNC_25_to_29_DELETE,hp_hum_field_repair.geo
28705,Tool_Avatar_Field_Repair_Conical_UNC_30_to_34_DELETE,hp_hum_field_repair.geo
28706,Tool_Avatar_Field_Repair_Conical_UNC_35_to_39_DELETE,hp_hum_field_repair.geo
28707,Tool_Avatar_Field_Repair_Conical_UNC_40_to_44_DELETE,hp_hum_field_repair.geo
28708,Tool_Avatar_Field_Repair_Conical_UNC_45_to_49_DELETE,hp_hum_field_repair.geo
28709,Tool_Avatar_Field_Repair_Conical_UNC_50_to_50_DELETE,hp_hum_field_repair.geo
28710,Tool_Avatar_Field_Repair_Direct_UNC_05_to_09,hp_hum_field_repair.geo
28711,Tool_Avatar_Field_Repair_Direct_UNC_10_to_14,hp_hum_field_repair.geo
28712,Tool_Avatar_Field_Repair_Direct_UNC_15_to_19,hp_hum_field_repair.geo
28713,Tool_Avatar_Field_Repair_Direct_UNC_20_to_24,hp_hum_field_repair.geo
28714,Tool_Avatar_Field_Repair_Direct_UNC_25_to_29,hp_hum_field_repair.geo
28715,Tool_Avatar_Field_Repair_Direct_UNC_30_to_34,hp_hum_field_repair.geo
28716,Tool_Avatar_Field_Repair_Direct_UNC_35_to_39,hp_hum_field_repair.geo
28717,Tool_Avatar_Field_Repair_Direct_UNC_40_to_44,hp_hum_field_repair.geo
28718,Tool_Avatar_Field_Repair_Direct_UNC_45_to_49,hp_hum_field_repair.geo
28719,Tool_Avatar_Field_Repair_Direct_UNC_50_to_50,hp_hum_field_repair.geo
28720,Tool_Avatar_Field_Repair_Area_UNC_05_to_09,hp_hum_field_repair.geo
28721,Tool_Avatar_Field_Repair_Area_UNC_10_to_14,hp_hum_field_repair.geo
28722,Tool_Avatar_Field_Repair_Area_UNC_15_to_19,hp_hum_field_repair.geo
28723,Tool_Avatar_Field_Repair_Area_UNC_20_to_24,hp_hum_field_repair.geo
28724,Tool_Avatar_Field_Repair_Area_UNC_25_to_29,hp_hum_field_repair.geo
28725,Tool_Avatar_Field_Repair_Area_UNC_30_to_34,hp_hum_field_repair.geo
28726,Tool_Avatar_Field_Repair_Area_UNC_35_to_39,hp_hum_field_repair.geo
28727,Tool_Avatar_Field_Repair_Area_UNC_40_to_44,hp_hum_field_repair.geo
28728,Tool_Avatar_Field_Repair_Area_UNC_45_to_49,hp_hum_field_repair.geo
28729,Tool_Avatar_Field_Repair_Area_UNC_50_to_50,hp_hum_field_repair.geo
28730,Tool_Avatar_Healing_Disc_Conical_UNC_05_to_09_DELETE,hp_hum_tool_healing_disc_v01.geo
28731,Tool_Avatar_Healing_Disc_Conical_UNC_10_to_14_DELETE,hp_hum_tool_healing_disc_v01.geo
28732,Tool_Avatar_Healing_Disc_Conical_UNC_15_to_19_DELETE,hp_hum_tool_healing_disc_v01.geo
28733,Tool_Avatar_Healing_Disc_Conical_UNC_20_to_24_DELETE,hp_hum_tool_healing_disc_v01.geo
28734,Tool_Avatar_Healing_Disc_Conical_UNC_25_to_29_DELETE,hp_hum_tool_healing_disc_v01.geo
28735,Tool_Avatar_Healing_Disc_Conical_UNC_30_to_34_DELETE,hp_hum_tool_healing_disc_v01.geo
28736,Tool_Avatar_Healing_Disc_Conical_UNC_35_to_39_DELETE,hp_hum_tool_healing_disc_v01.geo
28737,Tool_Avatar_Healing_Disc_Conical_UNC_40_to_44_DELETE,hp_hum_tool_healing_disc_v01.geo
28738,Tool_Avatar_Healing_Disc_Conical_UNC_45_to_49_DELETE,hp_hum_tool_healing_disc_v01.geo
28739,Tool_Avatar_Healing_Disc_Conical_UNC_50_to_50_DELETE,hp_hum_tool_healing_disc_v01.geo
28740,Tool_Avatar_Healing_Disc_Direct_UNC_05_to_09,hp_hum_tool_healing_disc_v01.geo
28741,Tool_Avatar_Healing_Disc_Direct_UNC_10_to_14,hp_hum_tool_healing_disc_v01.geo
28742,Tool_Avatar_Healing_Disc_Direct_UNC_15_to_19,hp_hum_tool_healing_disc_v01.geo
28743,Tool_Avatar_Healing_Disc_Direct_UNC_20_to_24,hp_hum_tool_healing_disc_v01.geo
28744,Tool_Avatar_Healing_Disc_Direct_UNC_25_to_29,hp_hum_tool_healing_disc_v01.geo
28745,Tool_Avatar_Healing_Disc_Direct_UNC_30_to_34,hp_hum_tool_healing_disc_v01.geo
28746,Tool_Avatar_Healing_Disc_Direct_UNC_35_to_39,hp_hum_tool_healing_disc_v01.geo
28747,Tool_Avatar_Healing_Disc_Direct_UNC_40_to_44,hp_hum_tool_healing_disc_v01.geo
28748,Tool_Avatar_Healing_Disc_Direct_UNC_45_to_49,hp_hum_tool_healing_disc_v01.geo
28749,Tool_Avatar_Healing_Disc_Direct_UNC_50_to_50,hp_hum_tool_healing_disc_v01.geo
28750,Tool_Avatar_Healing_Disc_Area_UNC_05_to_09,hp_hum_tool_healing_disc_v01.geo
28751,Tool_Avatar_Healing_Disc_Area_UNC_10_to_14,hp_hum_tool_healing_disc_v01.geo
28752,Tool_Avatar_Healing_Disc_Area_UNC_15_to_19,hp_hum_tool_healing_disc_v01.geo
28753,Tool_Avatar_Healing_Disc_Area_UNC_20_to_24,hp_hum_tool_healing_disc_v01.geo
28754,Tool_Avatar_Healing_Disc_Area_UNC_25_to_29,hp_hum_tool_healing_disc_v01.geo
28755,Tool_Avatar_Healing_Disc_Area_UNC_30_to_34,hp_hum_tool_healing_disc_v01.geo
28756,Tool_Avatar_Healing_Disc_Area_UNC_35_to_39,hp_hum_tool_healing_disc_v01.geo
28757,Tool_Avatar_Healing_Disc_Area_UNC_40_to_44,hp_hum_tool_healing_disc_v01.geo
28758,Tool_Avatar_Healing_Disc_Area_UNC_45_to_49,hp_hum_tool_healing_disc_v01.geo
28759,Tool_Avatar_Healing_Disc_Area_UNC_50_to_50,hp_hum_tool_healing_disc_v01.geo
28760,Tool_Avatar_Field_Repair_Conical_RAR_05_to_09_DELETE,hp_hum_field_repair.geo
28761,Tool_Avatar_Field_Repair_Conical_RAR_10_to_14_DELETE,hp_hum_field_repair.geo
28762,Tool_Avatar_Field_Repair_Conical_RAR_15_to_19_DELETE,hp_hum_field_repair.geo
28763,Tool_Avatar_Field_Repair_Conical_RAR_20_to_24_DELETE,hp_hum_field_repair.geo
28764,Tool_Avatar_Field_Repair_Conical_RAR_25_to_29_DELETE,hp_hum_field_repair.geo
28765,Tool_Avatar_Field_Repair_Conical_RAR_30_to_34_DELETE,hp_hum_field_repair.geo
28766,Tool_Avatar_Field_Repair_Conical_RAR_35_to_39_DELETE,hp_hum_field_repair.geo
28767,Tool_Avatar_Field_Repair_Conical_RAR_40_to_44_DELETE,hp_hum_field_repair.geo
28768,Tool_Avatar_Field_Repair_Conical_RAR_45_to_49_DELETE,hp_hum_field_repair.geo
28769,Tool_Avatar_Field_Repair_Conical_RAR_50_to_50_DELETE,hp_hum_field_repair.geo
28770,Tool_Avatar_Field_Repair_Direct_RAR_05_to_09,hp_hum_field_repair.geo
28771,Tool_Avatar_Field_Repair_Direct_RAR_10_to_14,hp_hum_field_repair.geo
28772,Tool_Avatar_Field_Repair_Direct_RAR_15_to_19,hp_hum_field_repair.geo
28773,Tool_Avatar_Field_Repair_Direct_RAR_20_to_24,hp_hum_field_repair.geo
28774,Tool_Avatar_Field_Repair_Direct_RAR_25_to_29,hp_hum_field_repair.geo
28775,Tool_Avatar_Field_Repair_Direct_RAR_30_to_34,hp_hum_field_repair.geo
28776,Tool_Avatar_Field_Repair_Direct_RAR_35_to_39,hp_hum_field_repair.geo
28777,Tool_Avatar_Field_Repair_Direct_RAR_40_to_44,hp_hum_field_repair.geo
28778,Tool_Avatar_Field_Repair_Direct_RAR_45_to_49,hp_hum_field_repair.geo
28779,Tool_Avatar_Field_Repair_Direct_RAR_50_to_50,hp_hum_field_repair.geo
28780,Tool_Avatar_Field_Repair_Area_RAR_05_to_09,hp_hum_field_repair.geo
28781,Tool_Avatar_Field_Repair_Area_RAR_10_to_14,hp_hum_field_repair.geo
28782,Tool_Avatar_Field_Repair_Area_RAR_15_to_19,hp_hum_field_repair.geo
28783,Tool_Avatar_Field_Repair_Area_RAR_20_to_24,hp_hum_field_repair.geo
28784,Tool_Avatar_Field_Repair_Area_RAR_25_to_29,hp_hum_field_repair.geo
28785,Tool_Avatar_Field_Repair_Area_RAR_30_to_34,hp_hum_field_repair.geo
28786,Tool_Avatar_Field_Repair_Area_RAR_35_to_39,hp_hum_field_repair.geo
28787,Tool_Avatar_Field_Repair_Area_RAR_40_to_44,hp_hum_field_repair.geo
28788,Tool_Avatar_Field_Repair_Area_RAR_45_to_49,hp_hum_field_repair.geo
28789,Tool_Avatar_Field_Repair_Area_RAR_50_to_50,hp_hum_field_repair.geo
28790,Tool_Avatar_Healing_Disc_Conical_RAR_05_to_09_DELETE,hp_hum_tool_healing_disc_v01.geo
28791,Tool_Avatar_Healing_Disc_Conical_RAR_10_to_14_DELETE,hp_hum_tool_healing_disc_v01.geo
28792,Tool_Avatar_Healing_Disc_Conical_RAR_15_to_19_DELETE,hp_hum_tool_healing_disc_v01.geo
28793,Tool_Avatar_Healing_Disc_Conical_RAR_20_to_24_DELETE,hp_hum_tool_healing_disc_v01.geo
28794,Tool_Avatar_Healing_Disc_Conical_RAR_25_to_29_DELETE,hp_hum_tool_healing_disc_v01.geo
28795,Tool_Avatar_Healing_Disc_Conical_RAR_30_to_34_DELETE,hp_hum_tool_healing_disc_v01.geo
28796,Tool_Avatar_Healing_Disc_Conical_RAR_35_to_39_DELETE,hp_hum_tool_healing_disc_v01.geo
28797,Tool_Avatar_Healing_Disc_Conical_RAR_40_to_44_DELETE,hp_hum_tool_healing_disc_v01.geo
28798,Tool_Avatar_Healing_Disc_Conical_RAR_45_to_49_DELETE,hp_hum_tool_healing_disc_v01.geo
28799,Tool_Avatar_Healing_Disc_Conical_RAR_50_to_50_DELETE,hp_hum_tool_healing_disc_v01.geo
28800,Tool_Avatar_Healing_Disc_Direct_RAR_05_to_09,hp_hum_tool_healing_disc_v01.geo
28801,Tool_Avatar_Healing_Disc_Direct_RAR_10_to_14,hp_hum_tool_healing_disc_v01.geo
28802,Tool_Avatar_Healing_Disc_Direct_RAR_15_to_19,hp_hum_tool_healing_disc_v01.geo
28803,Tool_Avatar_Healing_Disc_Direct_RAR_20_to_24,hp_hum_tool_healing_disc_v01.geo
28804,Tool_Avatar_Healing_Disc_Direct_RAR_25_to_29,hp_hum_tool_healing_disc_v01.geo
28805,Tool_Avatar_Healing_Disc_Direct_RAR_30_to_34,hp_hum_tool_healing_disc_v01.geo
28806,Tool_Avatar_Healing_Disc_Direct_RAR_35_to_39,hp_hum_tool_healing_disc_v01.geo
28807,Tool_Avatar_Healing_Disc_Direct_RAR_40_to_44,hp_hum_tool_healing_disc_v01.geo
28808,Tool_Avatar_Healing_Disc_Direct_RAR_45_to_49,hp_hum_tool_healing_disc_v01.geo
28809,Tool_Avatar_Healing_Disc_Direct_RAR_50_to_50,hp_hum_tool_healing_disc_v01.geo
28810,Tool_Avatar_Healing_Disc_Area_RAR_05_to_09,hp_hum_tool_healing_disc_v01.geo
28811,Tool_Avatar_Healing_Disc_Area_RAR_10_to_14,hp_hum_tool_healing_disc_v01.geo
28812,Tool_Avatar_Healing_Disc_Area_RAR_15_to_19,hp_hum_tool_healing_disc_v01.geo
28813,Tool_Avatar_Healing_Disc_Area_RAR_20_to_24,hp_hum_tool_healing_disc_v01.geo
28814,Tool_Avatar_Healing_Disc_Area_RAR_25_to_29,hp_hum_tool_healing_disc_v01.geo
28815,Tool_Avatar_Healing_Disc_Area_RAR_30_to_34,hp_hum_tool_healing_disc_v01.geo
28816,Tool_Avatar_Healing_Disc_Area_RAR_35_to_39,hp_hum_tool_healing_disc_v01.geo
28817,Tool_Avatar_Healing_Disc_Area_RAR_40_to_44,hp_hum_tool_healing_disc_v01.geo
28818,Tool_Avatar_Healing_Disc_Area_RAR_45_to_49,hp_hum_tool_healing_disc_v01.geo
28819,Tool_Avatar_Healing_Disc_Area_RAR_50_to_50,hp_hum_tool_healing_disc_v01.geo
28820,Tool_Avatar_Field_Repair_Conical_ELT_05_to_09_DELETE,hp_hum_field_repair.geo
28821,Tool_Avatar_Field_Repair_Conical_ELT_10_to_14_DELETE,hp_hum_field_repair.geo
28822,Tool_Avatar_Field_Repair_Conical_ELT_15_to_19_DELETE,hp_hum_field_repair.geo
28823,Tool_Avatar_Field_Repair_Conical_ELT_20_to_24_DELETE,hp_hum_field_repair.geo
28824,Tool_Avatar_Field_Repair_Conical_ELT_25_to_29_DELETE,hp_hum_field_repair.geo
28825,Tool_Avatar_Field_Repair_Conical_ELT_30_to_34_DELETE,hp_hum_field_repair.geo
28826,Tool_Avatar_Field_Repair_Conical_ELT_35_to_39_DELETE,hp_hum_field_repair.geo
28827,Tool_Avatar_Field_Repair_Conical_ELT_40_to_44_DELETE,hp_hum_field_repair.geo
28828,Tool_Avatar_Field_Repair_Conical_ELT_45_to_49_DELETE,hp_hum_field_repair.geo
28829,Tool_Avatar_Field_Repair_Conical_ELT_50_to_50_DELETE,hp_hum_field_repair.geo
28830,Tool_Avatar_Field_Repair_Direct_ELT_05_to_09,hp_hum_field_repair.geo
28831,Tool_Avatar_Field_Repair_Direct_ELT_10_to_14,hp_hum_field_repair.geo
28832,Tool_Avatar_Field_Repair_Direct_ELT_15_to_19,hp_hum_field_repair.geo
28833,Tool_Avatar_Field_Repair_Direct_ELT_20_to_24,hp_hum_field_repair.geo
28834,Tool_Avatar_Field_Repair_Direct_ELT_25_to_29,hp_hum_field_repair.geo
28835,Tool_Avatar_Field_Repair_Direct_ELT_30_to_34,hp_hum_field_repair.geo
28836,Tool_Avatar_Field_Repair_Direct_ELT_35_to_39,hp_hum_field_repair.geo
28837,Tool_Avatar_Field_Repair_Direct_ELT_40_to_44,hp_hum_field_repair.geo
28838,Tool_Avatar_Field_Repair_Direct_ELT_45_to_49,hp_hum_field_repair.geo
28839,Tool_Avatar_Field_Repair_Direct_ELT_50_to_50,hp_hum_field_repair.geo
28840,Tool_Avatar_Field_Repair_Area_ELT_05_to_09,hp_hum_field_repair.geo
28841,Tool_Avatar_Field_Repair_Area_ELT_10_to_14,hp_hum_field_repair.geo
28842,Tool_Avatar_Field_Repair_Area_ELT_15_to_19,hp_hum_field_repair.geo
28843,Tool_Avatar_Field_Repair_Area_ELT_20_to_24,hp_hum_field_repair.geo
28844,Tool_Avatar_Field_Repair_Area_ELT_25_to_29,hp_hum_field_repair.geo
28845,Tool_Avatar_Field_Repair_Area_ELT_30_to_34,hp_hum_field_repair.geo
28846,Tool_Avatar_Field_Repair_Area_ELT_35_to_39,hp_hum_field_repair.geo
28847,Tool_Avatar_Field_Repair_Area_ELT_40_to_44,hp_hum_field_repair.geo
28848,Tool_Avatar_Field_Repair_Area_ELT_45_to_49,hp_hum_field_repair.geo
28849,Tool_Avatar_Field_Repair_Area_ELT_50_to_50,hp_hum_field_repair.geo
28850,Tool_Avatar_Healing_Disc_Conical_ELT_05_to_09_DELETE,hp_hum_tool_healing_disc_v01.geo
28851,Tool_Avatar_Healing_Disc_Conical_ELT_10_to_14_DELETE,hp_hum_tool_healing_disc_v01.geo
28852,Tool_Avatar_Healing_Disc_Conical_ELT_15_to_19_DELETE,hp_hum_tool_healing_disc_v01.geo
28853,Tool_Avatar_Healing_Disc_Conical_ELT_20_to_24_DELETE,hp_hum_tool_healing_disc_v01.geo
28854,Tool_Avatar_Healing_Disc_Conical_ELT_25_to_29_DELETE,hp_hum_tool_healing_disc_v01.geo
28855,Tool_Avatar_Healing_Disc_Conical_ELT_30_to_34_DELETE,hp_hum_tool_healing_disc_v01.geo
28856,Tool_Avatar_Healing_Disc_Conical_ELT_35_to_39_DELETE,hp_hum_tool_healing_disc_v01.geo
28857,Tool_Avatar_Healing_Disc_Conical_ELT_40_to_44_DELETE,hp_hum_tool_healing_disc_v01.geo
28858,Tool_Avatar_Healing_Disc_Conical_ELT_45_to_49_DELETE,hp_hum_tool_healing_disc_v01.geo
28859,Tool_Avatar_Healing_Disc_Conical_ELT_50_to_50_DELETE,hp_hum_tool_healing_disc_v01.geo
28860,Tool_Avatar_Healing_Disc_Direct_ELT_05_to_09,hp_hum_tool_healing_disc_v01.geo
28861,Tool_Avatar_Healing_Disc_Direct_ELT_10_to_14,hp_hum_tool_healing_disc_v01.geo
28862,Tool_Avatar_Healing_Disc_Direct_ELT_15_to_19,hp_hum_tool_healing_disc_v01.geo
28863,Tool_Avatar_Healing_Disc_Direct_ELT_20_to_24,hp_hum_tool_healing_disc_v01.geo
28864,Tool_Avatar_Healing_Disc_Direct_ELT_25_to_29,hp_hum_tool_healing_disc_v01.geo
28865,Tool_Avatar_Healing_Disc_Direct_ELT_30_to_34,hp_hum_tool_healing_disc_v01.geo
28866,Tool_Avatar_Healing_Disc_Direct_ELT_35_to_39,hp_hum_tool_healing_disc_v01.geo
28867,Tool_Avatar_Healing_Disc_Direct_ELT_40_to_44,hp_hum_tool_healing_disc_v01.geo
28868,Tool_Avatar_Healing_Disc_Direct_ELT_45_to_49,hp_hum_tool_healing_disc_v01.geo
28869,Tool_Avatar_Healing_Disc_Direct_ELT_50_to_50,hp_hum_tool_healing_disc_v01.geo
28870,Tool_Avatar_Healing_Disc_Area_ELT_05_to_09,hp_hum_tool_healing_disc_v01.geo
28871,Tool_Avatar_Healing_Disc_Area_ELT_10_to_14,hp_hum_tool_healing_disc_v01.geo
28872,Tool_Avatar_Healing_Disc_Area_ELT_15_to_19,hp_hum_tool_healing_disc_v01.geo
28873,Tool_Avatar_Healing_Disc_Area_ELT_20_to_24,hp_hum_tool_healing_disc_v01.geo
28874,Tool_Avatar_Healing_Disc_Area_ELT_25_to_29,hp_hum_tool_healing_disc_v01.geo
28875,Tool_Avatar_Healing_Disc_Area_ELT_30_to_34,hp_hum_tool_healing_disc_v01.geo
28876,Tool_Avatar_Healing_Disc_Area_ELT_35_to_39,hp_hum_tool_healing_disc_v01.geo
28877,Tool_Avatar_Healing_Disc_Area_ELT_40_to_44,hp_hum_tool_healing_disc_v01.geo
28878,Tool_Avatar_Healing_Disc_Area_ELT_45_to_49,hp_hum_tool_healing_disc_v01.geo
28879,Tool_Avatar_Healing_Disc_Area_ELT_50_to_50,hp_hum_tool_healing_disc_v01.geo
28880,TerraAriekiAttaCavernLightPillarV05,terra_arieki_atta_cavern_light_pillar_v05.geo
28881,TerraAriekiAttaCavernLightPillarV06,terra_arieki_atta_cavern_light_pillar_v06.geo
28882,TerraAriekiAttaCavernLightPillarV07,terra_arieki_atta_cavern_light_pillar_v07.geo
28883,TerraAriekiAttaCavernLightPillarV08,terra_arieki_atta_cavern_light_pillar_v08.geo
28884,TerraAriekiAttaCavernLightPillarV09,terra_arieki_atta_cavern_light_pillar_v09.geo
28885,TerraAriekiCavernAttaRockV01,terra_arieki_cavern_atta_rock_v01.geo
28886,TerraAriekiCavernAttaRockV02,terra_arieki_cavern_atta_rock_v02.geo
28887,ArchAriekiAttaQueensShard01V01,arch_arieki_atta_queens_shard01_v01.geo
28889,TerraForeasCavernRoomHalfTurnLv01,terra_foreas_cavern_room_half_turn_l_v01.geo
28890,TerraForeasCavernRoomHalfTurnRv01,terra_foreas_cavern_room_half_turn_r_v01.geo
28891,TerraForeasCavernRoomHalfv01,terra_foreas_cavern_room_half_v01.geo
28892,TerraForeasCavernRoomHalfv02,terra_foreas_cavern_room_half_v02.geo
28893,TerraForeasCavernRoomHalfv03,terra_foreas_cavern_room_half_v03.geo
28895,ArchHumFortShopArmorV02,arch_hum_fort_shop_armor_v02.geo
28996,ArchHumCorridorStraight0124mV03,arch_hum_corridor_straight_01_24m_v05.geo
29000,TerraAriekiAttaCavernLightBunchGreenV01,terra_arieki_atta_cavern_light_bunch_green_v01.geo
29001,TerraAriekiAttaCavernLightBunchGreenV02,terra_arieki_atta_cavern_light_bunch_green_v02.geo
29002,TerraAriekiAttaCavernLightBunchGreenV03,terra_arieki_atta_cavern_light_bunch_green_v03.geo
29003,TerraAriekiAttaCavernLightCurvedGreenV01,terra_arieki_atta_cavern_light_curved_green_v01.geo
29004,TerraAriekiAttaCavernLightCurvedGreenV02,terra_arieki_atta_cavern_light_curved_green_v02.geo
29007,TerraAriekiAttaCavernLightPillarGreenV02,terra_arieki_atta_cavern_light_pillar_green_v02.geo
29008,TerraAriekiAttaCavernLightPillarGreenV03,terra_arieki_atta_cavern_light_pillar_green_v03.geo
29009,TerraAriekiAttaCavernLightPillarGreenV04,terra_arieki_atta_cavern_light_pillar_green_v04.geo
29010,TerraAriekiAttaCavernLightPillarGreenV07,terra_arieki_atta_cavern_light_pillar_green_v07.geo
29011,TerraAriekiAttaCavernLightPillarGreenV09,terra_arieki_atta_cavern_light_pillar_green_v09.geo
29012,TerraAriekiAttaCavernLightGreenV01,terra_arieki_atta_cavern_light_green_v01.geo
29013,TerraAriekiAttaCavernLightGreenV02,terra_arieki_atta_cavern_light_green_v02.geo
29014,TerraAriekiAttaCavernLightGreenV03,terra_arieki_atta_cavern_light_green_v03.geo
29015,TerraAriekiAttaCavernLightGreenV04,terra_arieki_atta_cavern_light_green_v04.geo
29016,TerraAriekiAttaCavernLightGreenV05,terra_arieki_atta_cavern_light_green_v05.geo
29017,TerraAriekiAttaCavernLightBrunchYellowV01,terra_arieki_atta_cavern_light_bunch_yellow_v01.geo
29018,TerraAriekiAttaCavernLightBrunchYellowV02,terra_arieki_atta_cavern_light_bunch_yellow_v02.geo
29019,TerraAriekiAttaCavernLightBrunchYellowV03,terra_arieki_atta_cavern_light_bunch_yellow_v03.geo
29020,TerraAriekiAttaCavernLightCurvedYellowV01,terra_arieki_atta_cavern_light_curved_yellow_v01.geo
29021,TerraAriekiAttaCavernLightCurvedYellowV02,terra_arieki_atta_cavern_light_curved_yellow_v02.geo
29022,TerraAriekiAttaCavernLightCurvedYellowV03,terra_arieki_atta_cavern_light_curved_yellow_v03.geo
29023,TerraAriekiAttaCavernLightPillarYellowV01,terra_arieki_atta_cavern_light_pillar_yellow_v01.geo
29024,TerraAriekiAttaCavernLightPillarYellowV02,terra_arieki_atta_cavern_light_pillar_yellow_v02.geo
29025,TerraAriekiAttaCavernLightPillarYellowV03,terra_arieki_atta_cavern_light_pillar_yellow_v03.geo
29026,TerraAriekiAttaCavernLightPillarYellowV07,terra_arieki_atta_cavern_light_pillar_yellow_v07.geo
29027,TerraAriekiAttaCavernLightPillarYellowV09,terra_arieki_atta_cavern_light_pillar_yellow_v09.geo
29028,TerraAriekiAttaCavernLightYellowV01,terra_arieki_atta_cavern_light_yellow_v01.geo
29029,TerraAriekiAttaCavernLightYellowV02,terra_arieki_atta_cavern_light_yellow_v02.geo
29030,TerraAriekiAttaCavernLightYellowV04,terra_arieki_atta_cavern_light_yellow_v04.geo
29031,TerraAriekiAttaCavernLightYellowV05,terra_arieki_atta_cavern_light_yellow_v05.geo
29032,TerraAriekiAttaCavernLightYellowV09,terra_arieki_atta_cavern_light_yellow_v09.geo
29033,UsableTwoStateExplosionExtraLarge,vfx_usable_twostate_explosion_xl.geo
29034,TerraAriekiAttaCavernLightPillarYellowV04,terra_arieki_atta_cavern_light_pillar_yellow_v04.geo
29035,TerraAriekiAttaCavernLightYellowV03,terra_arieki_atta_cavern_light_yellow_v03.geo
29038,WaterForeasPond64mInfected,water_foreas_pond_64m_infected.geo
29039,TerraAriekiAttaCavernLightCurvedGreenV03,terra_arieki_atta_cavern_light_curved_green_v03.geo
29040,TerraAriekiAttaCavernLightPillarGreenV01,terra_arieki_atta_cavern_light_pillar_green_v01.geo
29041,TerraAriekiAttaCavernLightGreenV09,terra_arieki_atta_cavern_light_green_v09.geo
29042,UsableFiveStateBaneDoorAccessLevel,prop_bane_door_security_access_v01.geo
29043,TerraAriekiCavernAbyssRoofTampeii,terra_arieki_cavern_abyss_roof_tampeii.geo
29044,UsableFiveStateBaneDoorSecurityLock,prop_bane_door_security_lock_v01.geo
29045,UsableTwoStateBaneDoorDestroyableIndicator,prop_bane_door_destroyable_indicator_v01.geo
29046,UsableTwoStateBaneDoorKeypassScanner,prop_bane_door_keypass_scanner_v01.geo
29047,PropBrannLightOutdoor01V01,prop_brann_light_outdoor01_v01.geo
29048,PropBrannLightOutdoor01V02,prop_brann_light_outdoor01_v02.geo
29049,PropBrannLightOutdoor01V03,prop_brann_light_outdoor01_v03.geo
29050,PropBrannLightCabler01V01,prop_brann_light_cable01_v01.geo
29051,PropBrannLightcabler01V02,prop_brann_light_cable01_v02.geo
29052,Bane_Kael_V3_CP_Boss,creature_thrax_kael_v03.geo
29054,PropHumPAUCrated,prop_pau_grendel_crated_v01.geo
29055,UsableTwoStateBaneDoorSwitchIndicator,prop_bane_door_switch_indicator_v01.geo
29056,Bane_Thrax_Grenadier_V2_CP_Boss,creature_thrax_officer_v02.geo
29057,UsableTreasureDispFluxiteCrate,prop_bane_crate_fluxite_v01.geo
29058,Bane_Linker_V3_CP_Boss,creature_bane_linker_v03.geo
29059,Bane_Thrax_Soldier_Pistol_V2_CP_Boss,creature_thrax_lieutenant_v02.geo
29063,TerraAriekiCavernAbyssRockCurtainBroken01V03,terra_arieki_cavern_abyss_rock_curtain_broken01_v03.geo
29065,PropBrannTrash01V01,prop_brann_trash01_v01.geo
29066,PropBrannTrash02V02,prop_brann_trash01_v02.geo
29067,PropBrannTrash01V03,prop_brann_trash01_v03.geo
29068,PropBrannTrash01V02,prop_brann_trash01_v02.geo
29069,PropBrannTrash01V04,prop_brann_trash01_v04.geo
29070,PropBrannTrash01V05,prop_brann_trash_v05.geo
29071,ArchBaneIndustrialChunnelRoomArenaV02,arch_bane_industrial_chunnel_room_arena_v02.geo
29072,PropBrannLightOutdoorDestroyed01V01,prop_brann_light_outdoor_destroyed01_v01.geo
29073,PropBrannLightOutdoorDestroyed01V02,prop_brann_light_outdoor_destroyed01_v02.geo
29074,PropBrannLightOutdoorDestroyed01V03,prop_brann_light_outdoor_destroyed01_v03.geo
29075,PropBrannCoverHighV01,prop_brann_cover_high_v01.geo
29076,PropBrannCoverLowV01,prop_brann_cover_low_v01.geo
29077,PropBrannCoverLow90V01,prop_brann_cover_low_90_v01.geo
29078,PropBrannLightCable01V03,prop_brann_light_cable01_v03.geo
29079,PropBrannLightOutdoorDestroyed01V04,prop_brann_light_outdoor_destroyed01_v04.geo
29080,PropBrannLightOutdoorDestroyed01V05,prop_brann_light_outdoor_destroyed01_v05.geo
29081,PropBrannLightOutdoorDestroyed01V06,prop_brann_light_outdoor_destroyed01_v06.geo
29082,TerraAriekiCavernsAbyssRockCurtainRubble01V03,terra_arieki_cavern_abyss_rock_curtain_rubble01_v03.geo
29083,PropBrannLightV01V01,prop_brann_light_v03_v01.geo
29085,VfxHumanDropzoneFlareGreen,vfx_human_flare_dropzone_green.geo
29087,ArchHumRuniHosplitalV01,arch_hum_runi_hospital_v01.geo
29088,TerraAriekiCavernAbyssRockCurtainRubble01V02,terra_arieki_cavern_abyss_rock_curtain_rubble01_v02.geo
29089,Creature_Atta_Grub_Standard,creature_arieki_atta_grub_v01.geo
29090,ArchHumRuniHospitalV01Destroyed,arch_hum_runi_hospital_v01_destroyed.geo
29091,UsableThreeStateBaneWaterConverterMixerV01,arch_bane_water_converter_mixer_v01.geo
29093,TerraAriekiCavernAbyssRockCurtainBroken01V02,terra_arieki_cavern_abyss_rock_curtain_broken01_v02.geo
29096,UsableFiveStateBrannDoorAccessLevel,prop_brann_door_security_access_v01.geo
29098,UsableTwoStateBrannDoorDestroyableIndicator,prop_brann_door_destroyable_indicator_v01.geo
29100,UsableTwoStateBrannDoorKeypassScanner,prop_brann_door_keypass_scanner_v01.geo
29101,UsableTwoStaterBrannDoorSwitchIndicator,prop_brann_door_switch_indicator_v01.geo
29103,CP_Token_Assault,ammo_gas_v01.geo
29104,CP_Token_Defense,ammo_gas_v01.geo
29105,UsableInertDestBaneTeslaCoilFluxiteCloudV01,vfx_teslacoil_fluxitecloud_v01.geo
29107,UsableFiveStateBrannDoorSecurityLock,prop_brann_door_security_lock_v01.geo
29108,ArchBrannPrisonwallEntrance0140mDestroyed,arch_brann_prisonwall_entrance_01_40m_destroyed.geo
29109,UsableTwoStateMissileOmegalab,arch_hum_missile_omegalab_v01.geo
29114,TerraAriekiCavernAbyssRockCurtainRubble01V01,terra_arieki_cavern_abyss_rock_curtain_rubble01_v01.geo
29115,UsableTwoStateHumRuniHospital,arch_hum_runi_hospital_v01.geo
29124,ArchBaneLandingpadDropshipV01,arch_bane_landingpad_dropship_v01.geo
29125,ArchBaneIndustrialChunnelCatwalkRamp8mV02,arch_bane_industrial_chunnel_catwalk_ramp_8m_v02.geo
29126,ArchBaneIndustrialChunnelCatwalkPlatform8mV01,arch_bane_industrial_chunnel_catwalk_platform_8m_v01.geo
29134,ArchBaneSleepPodGroupDybukkarV01,arch_bane_sleep_pod_group_v03.geo
29136,ArchBaneWaterConverterTowerV01,arch_bane_water_converter_tower_v01.geo
29137,ArchBaneWaterConverterTowerDestroyedV01,arch_bane_water_converter_tower_destroyed_v01.geo
29138,WaterForeasPond32mInfected,water_foreas_pond_32m_infected.geo
29139,WaterForeasPool48m64mInfectedV01,water_foreas_pool_48m_64m_infected_v01.geo
29140,ArchBaneWaterConverterTowerDestroyedV02,arch_bane_water_converter_tower_destroyed_v02.geo
29141,ArchBaneWaterConverterTowerDestroyedV03,arch_bane_water_converter_tower_destroyed_v03.geo
29142,ArchBaneWaterConverterTowerDestroyedV04,arch_bane_water_converter_tower_destroyed_v04.geo
29145,UsableTwoStateHumTeleporterRedBoxingMapONLY,arch_hum_teleporter_red.geo
29146,UsableFiveStateBaneWaterConverterEngineV01,arch_bane_water_converter_engine_v01.geo
29147,ArchBaneWaterConverterEngineDestroyed,arch_bane_water_converter_engine_destroyed_v01.geo
29148,UsableThreeStateBaneWaterConverterTowerV01,arch_bane_water_converter_tower_v01.geo
29149,ArchHumBaseGatesystemPlatform8Mx16M,arch_hum_fort_catwlk_platform_8x16m_v01.geo
29150,ArchHumBaseGatesystemPlatform12Mx24M,arch_hum_fort_catwlk_platform_12x24m_v01.geo
29151,ArchHumCorrRoomFloorV02,arch_hum_corr_room_floor_v05.geo
29152,ArchHumCorrRoomFloorV03,arch_hum_corr_room_floor_v06.geo
29153,ArchHumCorrRoomBulkheadGroupV01,arch_hum_corr_room_bulkhead_group_v01.geo
29154,ArchHumCorrRoomBulkheadGroupV02,arch_hum_corr_room_bulkhead_group_v02.geo
29155,ArchHumBaseHolosignFortIntrepidDestroyed,prop_hum_sign_holo_v148_destroyed.geo
29156,ArchHumBaseHolosignFortIntrepid,prop_hum_sign_holo_v148.geo
29157,UsableFiveStateWardenbotDoorAccessLevel,prop_wardenbot_door_security_access_v01.geo
29164,UsableFiveStateWardenbotDoorSecurityLock,prop_wardenbot_door_security_access_lock_v01.geo
29165,ArchHumOutpostFenceStraight32V01,arch_hum_outpost_fence_straight_32_v04.geo
29166,ArchHumBoxingFenceEnclosureV01,arch_hum_boxing_fence_enclosure_v01.geo
29167,ArchHumCorrRoomPrisonBlockV03,arch_hum_corr_room_prison_block_v06.geo
29172,PropHumWeaponScannerBaseProbeV02,prop_hum_weapon_scanner_probe_v02.geo
29176,UsableTwoStateWardenbotDoorKeypassScanner,prop_wardenbot_door_security_access_keypass_scanner_v01.geo
29177,UsableTwoStateWardenbotDoorSwitchIndicator,prop_wardenbot_door_security_access_switch_indicator_v01.geo
29178,ArchHumFortCatwalkPlatform12x12mV02,arch_hum_fort_catwlk_platform_12x12m_v02.geo
29179,ArchHumFortCatwalkPlatform12mV03,arch_hum_fort_catwlk_platform_16m_v03.geo
29180,ArchHumFortCatwalkPlatform16mV04,arch_hum_fort_catwlk_platform_16m_v04.geo
29181,ArchHumFortCatwalkPlatform16x12mV02,arch_hum_fort_catwlk_platform_16x12m_v02.geo
29182,ArchHumFortCatwalkPlatform16x24mV02,arch_hum_fort_catwlk_platform_16x24m_v02.geo
29183,ArchHumFortCatwalkRail16mV02,arch_hum_fort_catwlk_rail_16m_v02.geo
29184,ArchHumFortCatwalkRail32mV02,arch_hum_fort_catwlk_rail_32m_v02.geo
29185,ArchHumFortCatwalkRail4mV02,arch_hum_fort_catwlk_rail_4m_v02.geo
29186,ArchHumFortCatwalkRail8mV02,arch_hum_fort_catwlk_rail_8m_v02.geo
29188,ArchHumFortCatwalkRailPostV02,arch_hum_fort_catwlk_rail_post_v02.geo
29189,ArchHumFortCatwalkRamp2mDoubleV03,arch_hum_fort_catwlk_ramp_2m_double_v03.geo
29190,ArchHumFortCatwalkRamp2mV03,arch_hum_fort_catwlk_ramp_2m_v03.geo
29191,ArchHumFortCatwalkRamp4mDoubleV03,arch_hum_fort_catwlk_ramp_4m_double_v03.geo
29192,ArchHumFortCatwalkRamp4mV03,arch_hum_fort_catwlk_ramp_4m_v03.geo
29193,ArchHumFortCatwalkRampv03,arch_hum_fort_catwlk_ramp_v03.geo
29194,ArchHumFortCatwalkSupportV02,arch_hum_fort_catwlk_support_v02.geo
29195,ArchHumFortCatwalkWalkway16mV02,arch_hum_fort_catwlk_walkway_16m_v02.geo
29196,ArchHumFortCatwalkWalkway16mV04,arch_hum_fort_catwlk_walkway_16m_v04.geo
29197,ArchHumFortCatwalkWalkway32mV02,arch_hum_fort_catwlk_walkway_32m_v02.geo
29198,ArchHumFortCatwalkWalkway32mV04,arch_hum_fort_catwlk_walkway_32m_v04.geo
29199,ArchHumFortCatwalkWalkway64mV02,arch_hum_fort_catwlk_walkway_64m_v02.geo
29200,ArchHumFortCatwalkWalkway64mV04,arch_hum_fort_catwlk_walkway_64m_v04.geo
29201,ArchHumFortCatwalkWalkway8mV02,arch_hum_fort_catwlk_walkway_8m_v02.geo
29202,ArchHumFortCatwalkWalkway8mV04,arch_hum_fort_catwlk_walkway_8m_v04.geo
29203,ArchHumFortCatwalkWallCrossV02,arch_hum_fort_catwlk_wall_cross_v02.geo
29204,ArchHumFortCatwalkWallGate16mV02,arch_hum_fort_catwlk_wall_gate_16m_v02.geo
29205,ArchHumFortCatwalkWallGate24mV02,arch_hum_fort_catwlk_wall_gate_24m_v02.geo
29206,ArchHumFortCatwalkWallHalf16mV02,arch_hum_fort_catwlk_wall_half_16m_v02.geo
29207,ArchHumFortCatwalkWallStraight16mV02,arch_hum_fort_catwlk_wall_straight_16m_v02.geo
29208,ArchHumFortCatwalkWallStraight32mV02,arch_hum_fort_catwlk_wall_straight_32m_v02.geo
29209,ArchHumFortCatwalkWallStraight8mV02,arch_hum_fort_catwlk_wall_straight_8m_v02.geo
29210,ArchHumFortCatwalkWallTeeV02,arch_hum_fort_catwlk_wall_tee_v02.geo
29211,ArchHumBaseHolosignChallengeArena,prop_hum_sign_holo_v149.geo
29212,UsableTwoStateWardenbotDoorDestroyIndicator,prop_wardenbot_door_security_access_destroy_indicator_v01.geo
29219,Ambient_Pet_Lumin_Red,creature_lumin_v01.geo
29220,Ambient_Pet_Lumin_Blue,creature_lumin_v01.geo
29221,Ambient_Pet_Lumin_Green,creature_lumin_v01.geo
29222,Ambient_Pet_Lumin_Purple,creature_lumin_v01.geo
29223,UsableInertDestTerraCaveinV01,terra_foreas_cavern_cavein_door_destroyable_v01.geo
29277,ArchForeanHutLargeNeglectedV01,arch_forean_hut_large_neglected_v01.geo
29278,PropForeanBedV01,prop_forean_bed_v01.geo
29279,PropForeanLeantoV01,prop_forean_leanto_v01.geo
29280,PropForeanLeantoV02,prop_forean_leanto_v02.geo
29281,PropForeanLeantoV03,prop_forean_leanto_v03.geo
29282,UsableThreeStateBaneWaterConverterTowerV02,arch_bane_water_converter_tower_v01.geo
29286,UsableThreeStateBaneWaterConverterTowerV03,arch_bane_water_converter_tower_v01.geo
29287,UsableThreeStateBaneWaterConverterTowerV04,arch_bane_water_converter_tower_v01.geo
29288,ArchForeanHutLargeNeglectedV02,arch_forean_hut_large_neglected_v02.geo
29289,Retread_Male_Fighter,creature_forean_m_retread_v01.geo
29290,Retread_Female_Fighter,creature_forean_f_retread_v01.geo
29291,PropFreanBedV02,prop_forean_bed_v02.geo
29292,PropForeanSickV01,prop_forean_sick_v01.geo
29293,PropForeanSickV02,prop_forean_sick_v02.geo
29297,UsableStatelessNPCForeanWarriorSickSitting,ambient_forean_warrior_sick_sitting_v01.geo
29298,PropForeanBlanketV01,prop_forean_blanket_v01.geo
29299,PropForeanBlanketV02,prop_forean_blanket_v02.geo
29300,PropForeanPlantBedding01V01,prop_forean_plant_bedding01_v01.geo
29302,UsableStatelessNPCForeanInfectedSickLyingSide,ambient_forean_infected_sick_lying_side_v01.geo
29303,ArchForeanDebrisV04,arch_forean_debris_v04.geo
29304,ArchForeanDebrisV05,arch_forean_debris_v05.geo
29305,ArchForeanDebrisV06,arch_forean_debris_v06.geo
29306,ArchForeanDebrisV07,arch_forean_debris_v07.geo
29307,ArchForeanDebrisV08,arch_forean_debris_v08.geo
29308,ArchForeanDebrisV09,arch_forean_debris_v09.geo
29309,UsableStatelessNPCForeanFemaleSickLying,ambient_forean_f_sick_lying_back_v01.geo
29310,PropAriekiAttaEggsDum01V01,prop_arieki_atta_eggs_dum01_v01.geo
29311,ArchHumTentWar01V01,arch_hum_tent_war_01_v01.geo
29312,ArchHumFortCatwlkRampWarTentV01,arch_hum_fort_catwlk_ramp_wartent_v01.geo
29317,PropAttaCelingGrubSpawnDum01V01,prop_atta_celing_grub_spawn_dum01v01.geo
29318,PropAttaCelingGrubSpawn01V01,prop_atta_celing_grub_spawn01v01.geo
29319,PVP_Directional_Arrows_Red,pvp_directional_arrows_red.geo
29320,PVP_Directional_Arrows_Blue,pvp_directional_arrows_blue.geo
29321,UsableFiveStatePVPChooseTeleporterSign,prop_hum_sign_holo_pvp_choose.geo
29322,PropAriekiAttaEggsDestroyed01V01,prop_arieki_atta_eggs_destroy01_v01.geo
29323,PropAriekiAttaEggs01V01,prop_arieki_atta_eggs01_v01.geo
29324,AvatarSwap_Detail_Face_Hi_Light,null_geo.geo
29329,TEST_ClanControlPoint_PvE,arch_eloh_controlpoint_v02_PVE.geo
29330,PropHumCorridorDebrisV05,prop_hum_corridor_debris_v05.geo
29333,ArchHumOutpostFenceStraight4V02,arch_hum_outpost_fence_straight_4_v03.geo
29334,SystemBlockPVS,system_block_pvs.geo
29335,ArchHumGenObjSandbags01V17,prop_hum_sandbags01v17.geo
29336,ArchHumGenObjSandbags01V18,prop_hum_sandbags01v18.geo
29337,UsableTwoStateBaneLandingpadDropshipV01,arch_bane_landingpad_dropship_v01.geo
29338,UsableStatelessHumChallengeBoardV01,prop_hum_challengeboard_v01.geo
29339,UsableForceFieldPVPHumOutpostGateV01,arch_hum_outpost_fence_entrance_pvp_v01_forcefield_v01.geo
29340,UsableForceFieldPVPHumBaseGateV01,arch_hum_fort_wall_entrance_pvp_32m_v01_forcefield_v01.geo
29341,ArchHumBaseHolosignPVPStagingArea,prop_hum_sign_holo_pvp_stagingarea.geo
29342,TEST_ClanForceField,arch_hum_outpost_fence_entrance_pvp_v01_forcefield_v01.geo
29343,PropHumanWatertowerV05,prop_hum_watertower_v05.geo
29346,UsableInertDestHumFloorTile,prop_destroyable_floor_tile.geo
29350,ArchBaneOutpostTrench8mV02,arch_bane_outpost_trench_straight_8m_v02.geo
29351,ArchBaneOutpostTrench16mV02,arch_bane_outpost_trench_straight_16m_v02.geo
29352,ArchBaneOutpostTrench32mV02,arch_bane_outpost_trench_straight_32m_v02.geo
29353,ArchBaneOutpostTrenchTurn120InV02,arch_bane_outpost_trench_turn_120_in_v02.geo
29354,ArchBaneOutpostTrenchTurn120outV02,arch_bane_outpost_trench_turn_120_out_v02.geo
29355,ArchBaneOutpostTrenchTurn90inV02,arch_bane_outpost_trench_turn_90_in_v02.geo
29356,ArchBaneOutpostTrenchTurn90outV02,arch_bane_outpost_trench_turn_90_out_v02.geo
29357,ArchHumOmegaRoomControlV01,arch_hum_omegalab_room_control_v01.geo
29361,UsableForceFieldHumPVPOutpostGateCatwalkV01,arch_hum_outpost_fence_pvp_catwalk_entrance_v02.geo
29362,UsableForceFieldHumPVPOutpostCatwalk28m,arch_hum_outpost_fence_pvp_catwalk_forcefield_28m.geo
29363,UsableForceFieldHumPVPOutpostCatwalk8m,arch_hum_outpost_fence_pvp_catwalk_forcefield_8m.geo
29364,UsableForceFieldHumPVPOutpostCatwalkPost,arch_hum_outpost_fence_pvp_catwalk_forcefield_off.geo
29365,UsableStatelessHumPracticeDummyV01,arch_hum_practice_target_v01.geo
29366,Bane_Seeker,creature_bane_gridbug_v01.geo
29367,Weapon_Avatar_Shotgun_v2_Fire_CMN_23_to_27,hp_hum_shotgun_fire_medium.geo
29368,Weapon_Avatar_Shotgun_v2_Fire_CMN_28_to_32,hp_hum_shotgun_fire_medium.geo
29369,Weapon_Avatar_Shotgun_v2_Fire_CMN_33_to_37,hp_hum_shotgun_fire_medium.geo
29370,Weapon_Avatar_Shotgun_v2_Fire_CMN_38_to_42,hp_hum_shotgun_fire_medium.geo
29371,Weapon_Avatar_Shotgun_v2_Fire_CMN_43_to_47,hp_hum_shotgun_fire_medium.geo
29372,Weapon_Avatar_Shotgun_v2_Fire_CMN_48_to_49,hp_hum_shotgun_fire_medium.geo
29373,Weapon_Avatar_Shotgun_v2_Fire_CMN_50_to_50,hp_hum_shotgun_fire_medium.geo
29374,Weapon_Avatar_Shotgun_v2_Fire_ELT_23_to_27,hp_hum_shotgun_fire_medium.geo
29375,Weapon_Avatar_Shotgun_v2_Fire_ELT_28_to_32,hp_hum_shotgun_fire_medium.geo
29376,Weapon_Avatar_Shotgun_v2_Fire_ELT_33_to_37,hp_hum_shotgun_fire_medium.geo
29377,Weapon_Avatar_Shotgun_v2_Fire_ELT_38_to_42,hp_hum_shotgun_fire_medium.geo
29378,Weapon_Avatar_Shotgun_v2_Fire_ELT_43_to_47,hp_hum_shotgun_fire_medium.geo
29379,Weapon_Avatar_Shotgun_v2_Fire_ELT_48_to_49,hp_hum_shotgun_fire_medium.geo
29380,Weapon_Avatar_Shotgun_v2_Fire_ELT_50_to_50,hp_hum_shotgun_fire_medium.geo
29381,Weapon_Avatar_Shotgun_v2_Fire_RAR_23_to_27,hp_hum_shotgun_fire_medium.geo
29382,Weapon_Avatar_Shotgun_v2_Fire_RAR_28_to_32,hp_hum_shotgun_fire_medium.geo
29383,Weapon_Avatar_Shotgun_v2_Fire_RAR_33_to_37,hp_hum_shotgun_fire_medium.geo
29384,Weapon_Avatar_Shotgun_v2_Fire_RAR_38_to_42,hp_hum_shotgun_fire_medium.geo
29385,Weapon_Avatar_Shotgun_v2_Fire_RAR_43_to_47,hp_hum_shotgun_fire_medium.geo
29386,Weapon_Avatar_Shotgun_v2_Fire_RAR_48_to_49,hp_hum_shotgun_fire_medium.geo
29387,Weapon_Avatar_Shotgun_v2_Fire_RAR_50_to_50,hp_hum_shotgun_fire_medium.geo
29388,Weapon_Avatar_Shotgun_v2_Fire_UNC_23_to_27,hp_hum_shotgun_fire_medium.geo
29389,Weapon_Avatar_Shotgun_v2_Fire_UNC_28_to_32,hp_hum_shotgun_fire_medium.geo
29390,Weapon_Avatar_Shotgun_v2_Fire_UNC_33_to_37,hp_hum_shotgun_fire_medium.geo
29391,Weapon_Avatar_Shotgun_v2_Fire_UNC_38_to_42,hp_hum_shotgun_fire_medium.geo
29392,Weapon_Avatar_Shotgun_v2_Fire_UNC_43_to_47,hp_hum_shotgun_fire_medium.geo
29393,Weapon_Avatar_Shotgun_v2_Fire_UNC_48_to_49,hp_hum_shotgun_fire_medium.geo
29394,Weapon_Avatar_Shotgun_v2_Fire_UNC_50_to_50,hp_hum_shotgun_fire_medium.geo
29395,Weapon_Avatar_Shotgun_v3_Fire_CMN_34_to_38,hp_hum_shotgun_fire_heavy.geo
29396,Weapon_Avatar_Shotgun_v3_Fire_CMN_39_to_43,hp_hum_shotgun_fire_heavy.geo
29397,Weapon_Avatar_Shotgun_v3_Fire_CMN_44_to_48,hp_hum_shotgun_fire_heavy.geo
29398,Weapon_Avatar_Shotgun_v3_Fire_CMN_49_to_49,hp_hum_shotgun_fire_heavy.geo
29399,Weapon_Avatar_Shotgun_v3_Fire_CMN_50_to_50,hp_hum_shotgun_fire_heavy.geo
29400,Weapon_Avatar_Shotgun_v3_Fire_ELT_34_to_38,hp_hum_shotgun_fire_heavy.geo
29401,Weapon_Avatar_Shotgun_v3_Fire_ELT_39_to_43,hp_hum_shotgun_fire_heavy.geo
29402,Weapon_Avatar_Shotgun_v3_Fire_ELT_44_to_48,hp_hum_shotgun_fire_heavy.geo
29403,Weapon_Avatar_Shotgun_v3_Fire_ELT_49_to_49,hp_hum_shotgun_fire_heavy.geo
29404,Weapon_Avatar_Shotgun_v3_Fire_ELT_50_to_50,hp_hum_shotgun_fire_heavy.geo
29405,Weapon_Avatar_Shotgun_v3_Fire_RAR_34_to_38,hp_hum_shotgun_fire_heavy.geo
29406,Weapon_Avatar_Shotgun_v3_Fire_RAR_39_to_43,hp_hum_shotgun_fire_heavy.geo
29407,Weapon_Avatar_Shotgun_v3_Fire_RAR_44_to_48,hp_hum_shotgun_fire_heavy.geo
29408,Weapon_Avatar_Shotgun_v3_Fire_RAR_49_to_49,hp_hum_shotgun_fire_heavy.geo
29409,Weapon_Avatar_Shotgun_v3_Fire_RAR_50_to_50,hp_hum_shotgun_fire_heavy.geo
29410,Weapon_Avatar_Shotgun_v3_Fire_UNC_34_to_38,hp_hum_shotgun_fire_heavy.geo
29411,Weapon_Avatar_Shotgun_v3_Fire_UNC_39_to_43,hp_hum_shotgun_fire_heavy.geo
29412,Weapon_Avatar_Shotgun_v3_Fire_UNC_44_to_48,hp_hum_shotgun_fire_heavy.geo
29413,Weapon_Avatar_Shotgun_v3_Fire_UNC_49_to_49,hp_hum_shotgun_fire_heavy.geo
29414,Weapon_Avatar_Shotgun_v3_Fire_UNC_50_to_50,hp_hum_shotgun_fire_heavy.geo
29415,UsableControlPointHumPVPFlagV01,arch_eloh_controlpoint_v01.geo
29416,UsableTwoStateHumWaypointV02PVPRed,arch_hum_outpost_waypoint.geo
29417,ArchBaneIndustrialChunnelCatwalkPlarformDybukkarV01,arch_bane_industrial_chunnel_catwalk_platform_dybukkar_v01.geo
29418,UsableStatelessNPCtraineesPTV01,ambient_m_soldier_trainee_6group_v01.geo
29419,ArchForeanElohObeliskV04,arch_forean_eloh_obelisk_v04.geo
29420,ArchBaneAirRaidSirenV02,arch_bane_air_raid_siren_v02.geo
29422,UsableStatelessNPCDrillSGTV01,ambient_m_drillseargent_v01.geo
29423,Redshirt_Human_Soldier_Light_Male,npc_redshirt_hum_m_light_v01.geo
29424,Redshirt_Human_Soldier_Light_Female,npc_redshirt_hum_f_light_v01.geo
29425,UsableStatelessNPCMaleFiringRange,ambient_m_firingrange_v01.geo
29426,Test_Bane_Thrax_Soldier_Pistol_Jolene,creature_thrax_soldier_v01.geo
29429,Test_Creature_Thrax_Treelurker_Jolene,creature_treelurker_infected_v01.geo
29430,ArchForeanBridgeCeremonialV03,arch_forean_bridge_ceremonial_v03.geo
29431,DELETEME_AvatarFaceSandorfBoss,avatar_hum_m_face_sandorf_boss.geo
29432,Redshirt_Human_Soldier_Heavy_Female,npc_redshirt_hum_f_heavy_v01.geo
29433,Redshirt_Human_Soldier_Heavy_Male,npc_redshirt_hum_m_heavy_v01.geo
29434,UsableInertDestTerraCaveinV02,terra_foreas_cavern_cavein_door_destroyable_v02.geo
29435,PropHumSoyuzCapsule,prop_hum_soyuz_capsule.geo
29438,UsableTwoState_COCP_TEST_Beaker_Buff_Fire,prop_corman_beakers_v02.geo
29439,UsableTwoState_COCP_TEST_Beaker_Buff_Electric,prop_corman_beakers_v02.geo
29440,UsableTwoState_COCP_TEST_Beaker_Buff_EMP,prop_corman_beakers_v02.geo
29441,UsableTwoState_COCP_TEST_Beaker_Buff_Ice,prop_corman_beakers_v02.geo
29442,UsableTwoState_COCP_TEST_Beaker_Buff_Light,prop_corman_beakers_v02.geo
29443,UsableTwoState_COCP_TEST_Beaker_Buff_Physical,prop_corman_beakers_v02.geo
29444,UsableTwoState_COCP_TEST_Beaker_Buff_Sonic,prop_corman_beakers_v02.geo
29445,UsableTwoState_COCP_TEST_Beaker_Buff_Virulent,prop_corman_beakers_v02.geo
29446,ArchHumBaseTurretProjectileV02,arch_hum_base_turret_projectile_v02.geo
29447,ArchHumBridge16mV02,arch_hum_bridge_16m_v02.geo
29448,ArchHumBridge24mV02,arch_hum_bridge_24m_v02.geo
29449,ArchHumBridge32mV02,arch_hum_bridge_32m_v02.geo
29450,ArchHumBridge64mV02,arch_hum_bridge_64m_v02.geo
29451,ArchHumCorrRoomBulkhead4tCornerInV02,arch_hum_corr_room_bulkhead_4t_corner_in_v02.geo
29452,ArchHumCorrRoomBulkhead4tCornerOutV02,arch_hum_corr_room_bulkhead_4t_corner_out_v02.geo
29453,ArchHumCorrRoomBulkhead4tStraight16mV02,arch_hum_corr_room_bulkhead_4t_straight_16m_v02.geo
29454,ArchHumCorrRoomBulkhead4tStraight32mV02,arch_hum_corr_room_bulkhead_4t_straight_32m_v02.geo
29455,ArchHumCorrRoomBulkhead4tStraight4mV02,arch_hum_corr_room_bulkhead_4t_straight_4m_v02.geo
29456,ArchHumCorrRoomBulkhead4tStraight8mV02,arch_hum_corr_room_bulkhead_4t_straight_8m_v02.geo
29457,ArchHumCorrRoomColumnLargeV02,arch_hum_corr_room_column_large_v02.geo
29458,ArchHumCorrRoomColumnRingV02,arch_hum_corr_room_column_ring_v02.geo
29459,ArchHumCorrRoomColumnSmall4t16mV02,arch_hum_corr_room_column_small_4t_16m_v02.geo
29460,ArchHumCorrRoomColumnSmall4t32mV02,arch_hum_corr_room_column_small_4t_32m_v02.geo
29461,ArchHumCorrRoomColumnSmall4t4mV02,arch_hum_corr_room_column_small_4t_4m_v02.geo
29462,ArchHumCorrRoomColumnSmall4t8mV02,arch_hum_corr_room_column_small_4t_8m_v02.geo
29463,ArchHumCorrRoomColumnSmall4tV02,arch_hum_corr_room_column_small_4t_v02.geo
29464,ArchHumCorrRoomColumnSmall8t16mV02,arch_hum_corr_room_column_small_8t_16m_v02.geo
29465,ArchHumCorrRoomColumnSmall8t32mV02,arch_hum_corr_room_column_small_8t_32m_v02.geo
29466,ArchHumCorrRoomColumnSmall8t4mV02,arch_hum_corr_room_column_small_8t_4m_v02.geo
29467,ArchHumCorrRoomColumnSmall8t8mV02,arch_hum_corr_room_column_small_8t_8m_v02.geo
29468,ArchHumCorrRoomColumnSmall8tV02,arch_hum_corr_room_column_small_8t_v02.geo
29469,ArchHumCorrRoomCornerOut64mV02,arch_hum_corr_room_corner_out_64m_v02.geo
29470,ArchHumCorrRoomFloorV04,arch_hum_corr_room_floor_v04.geo
29471,ArchHumCorrRoomFloorV05,arch_hum_corr_room_floor_v05.geo
29472,ArchHumCorrRoomFloorV06,arch_hum_corr_room_floor_v06.geo
29473,ArchHumCorrRoomOfficeV06,arch_hum_corr_room_office_v06.geo
29474,ArchHumCorrRoomOfficeV07,arch_hum_corr_room_office_v07.geo
29475,ArchHumCorrRoomOfficeV08,arch_hum_corr_room_office_v08.geo
29476,ArchHumCorrRoomOfficeV09,arch_hum_corr_room_office_v09.geo
29477,ArchHumCorrRoomOfficeV10,arch_hum_corr_room_office_v10.geo
29478,ArchHumCorrRoomPlatformEdgeCornerIn16mV03,arch_hum_corr_room_platform_edge_corner_in_16m_v03.geo
29479,ArchHumCorrRoomPlatformEdgeCornerIn16mV04,arch_hum_corr_room_platform_edge_corner_in_16m_v04.geo
29480,ArchHumCorrRoomPlatformEdgeStraight32mV04,arch_hum_corr_room_platform_edge_straight_32m_v04.geo
29481,ArchHumCorrRoomPlatformEdgeStraight8mV03,arch_hum_corr_room_platform_edge_straight_8m_v03.geo
29482,ArchHumCorrRoomPrisonBlockV04,arch_hum_corr_room_prison_block_v04.geo
29483,ArchHumCorrRoomPrisonBlockV05,arch_hum_corr_room_prison_block_v05.geo
29484,ArchHumCorrRoomPrisonBlockV06,arch_hum_corr_room_prison_block_v06.geo
29485,ArchHumCorrRoomPrisonBlockV08,arch_hum_corr_room_prison_block_v08.geo
29486,ArchHumCorrRoomStraight128mV03,arch_hum_corr_room_straight_128m_v03.geo
29487,ArchHumCorrRoomStraight128mV04,arch_hum_corr_room_straight_128m_v04.geo
29488,ArchHumCorrRoomStraight32mV02,arch_hum_corr_room_straight_32m_v02.geo
29489,ArchHumCorrRoomStraight64mV08,arch_hum_corr_room_straight_64m_v08.geo
29490,ArchHumCorrRoomStraight64mV09,arch_hum_corr_room_straight_64m_v09.geo
29491,ArchHumCorrRoomStraight64mV10,arch_hum_corr_room_straight_64m_v10.geo
29492,ArchHumCorrRoomStraight64mV11,arch_hum_corr_room_straight_64m_v11.geo
29493,ArchHumCorrRoomStraight64mV12,arch_hum_corr_room_straight_64m_v12.geo
29494,ArchHumCorrRoomStraight64mV13,arch_hum_corr_room_straight_64m_v13.geo
29495,ArchHumCorrRoomStraighthole64mV02,arch_hum_corr_room_straighthole_64m_v02.geo
29496,ArchHumCorridorButtressV018mV02,arch_hum_corridor_buttress_v01_8m_v02.geo
29497,ArchHumCorridorCross018mV02,arch_hum_corridor_cross_01_8m_v02.geo
29498,ArchHumCorridorDoorV02,arch_hum_corridor_door_v02.geo
29499,ArchHumCorridorDoorjamb018mV02,arch_hum_corridor_doorjamb_01_8m_v02.geo
29500,ArchHumCorridorEndcapV03,arch_hum_corridor_endcap_v03.geo
29501,ArchHumCorridorEndcapV04,arch_hum_corridor_endcap_v04.geo
29502,ArchHumCorridorEntranceV03,arch_hum_corridor_entrance_v03.geo
29503,ArchHumCorridorEntranceV04,arch_hum_corridor_entrance_v04.geo
29504,ArchHumCorridorInstanceV02,arch_hum_corridor_instance_v02.geo
29505,ArchHumCorridorRamp0124mV02,arch_hum_corridor_ramp_01_24m_v02.geo
29506,ArchHumCorridorStairwellV02,arch_hum_corridor_stairwell_v02.geo
29507,ArchHumCorridorStraight0124mV04,arch_hum_corridor_straight_01_24m_v04.geo
29508,ArchHumCorridorStraight0124mV05,arch_hum_corridor_straight_01_24m_v05.geo
29509,ArchHumCorridorStraight0124mV06,arch_hum_corridor_straight_01_24m_v06.geo
29510,ArchHumCorridorStraight018mV02,arch_hum_corridor_straight_01_8m_v02.geo
29511,ArchHumCorridorTee018mV02,arch_hum_corridor_tee_01_8m_v02.geo
29512,ArchHumCorridorTurn018mV02,arch_hum_corridor_turn_01_8m_v02.geo
29513,ArchHumFortCatwlkRail16mV02,arch_hum_fort_catwlk_rail_16m_v02.geo
29514,ArchHumFortCatwlkRail32mV02,arch_hum_fort_catwlk_rail_32m_v02.geo
29515,ArchHumFortCatwlkRail4mV02,arch_hum_fort_catwlk_rail_4m_v02.geo
29516,ArchHumFortCatwlkRail8mV02,arch_hum_fort_catwlk_rail_8m_v02.geo
29517,ArchHumFortCatwlkRailPostV02,arch_hum_fort_catwlk_rail_post_v02.geo
29518,ArchHumFortCrowsnestV02,arch_hum_fort_crowsnest_v02.geo
29519,ArchHumFortCurbCornerV02,arch_hum_fort_curb_corner_v02.geo
29520,ArchHumFortCurbStraightV02,arch_hum_fort_curb_straight_v02.geo
29521,ArchHumFortDebrisV04,arch_hum_fort_debris_v04.geo
29522,ArchHumFortDebrisV05,arch_hum_fort_debris_v05.geo
29523,ArchHumFortDebrisV06,arch_hum_fort_debris_v06.geo
29524,ArchHumFortDoorLargeV02,arch_hum_fort_door_large_v02.geo
29525,ArchHumFortFenceHoloPostV03,arch_hum_fort_fence_holo_post_v03.geo
29526,ArchHumFortFenceHoloStraight12mV03,arch_hum_fort_fence_holo_straight_12m_v03.geo
29527,ArchHumFortFenceHoloStraight16mV03,arch_hum_fort_fence_holo_straight_16m_v03.geo
29528,ArchHumFortFenceHoloStraight4mV03,arch_hum_fort_fence_holo_straight_4m_v03.geo
29529,ArchHumFortFenceHoloStraight8mV03,arch_hum_fort_fence_holo_straight_8m_v03.geo
29530,ArchHumFortFenceHoloStraightV02,arch_hum_fort_fence_holo_straight_v02.geo
29531,ArchHumFortFloor83x72mV02,arch_hum_fort_floor_83x72m_v02.geo
29532,ArchHumFortGarageV02,arch_hum_fort_garage_v02.geo
29533,ArchHumFortHeadqtrsBarricadeV02,arch_hum_fort_headqtrs_barricade_v02.geo
29534,ArchHumFortHeadqtrsV02,arch_hum_fort_headqtrs_v02.geo
29535,ArchHumFortHospitalV02,arch_hum_fort_hospital_v02.geo
29536,ArchHumFortHospitalV02Destroyed,arch_hum_fort_hospital_v02_destroyed.geo
29537,ArchHumFortKennelV02,arch_hum_fort_kennel_v02.geo
29538,ArchHumFortPlatformLandingV02,arch_hum_fort_platform_landing_v02.geo
29539,ArchHumFortPrisonCellV02,arch_hum_fort_prison_cell_v02.geo
29540,ArchHumFortShopArmorV02Destroyed,arch_hum_fort_shop_armor_v02_destroyed.geo
29541,ArchHumFortShopClothingV02,arch_hum_fort_shop_clothing_v02.geo
29542,ArchHumFortShopWeaponV02,arch_hum_fort_shop_weapon_v02.geo
29543,ArchHumFortTavernV02,arch_hum_fort_tavern_v02.geo
29544,ArchHumFortWallCornerIn8mV02,arch_hum_fort_wall_corner_in_8m_v02.geo
29545,ArchHumFortWallCornerOut24mV02,arch_hum_fort_wall_corner_out_24m_v02.geo
29546,ArchHumFortWallCornerOut8mV02,arch_hum_fort_wall_corner_out_8m_v02.geo
29547,ArchHumFortWallEntrance32mV04,arch_hum_fort_wall_entrance_32m_v04.geo
29548,ArchHumFortWallEntrance32mV04Destroyed,arch_hum_fort_wall_entrance_32m_v04_destroyed.geo
29549,ArchHumFortWallEntrance32mV05,arch_hum_fort_wall_entrance_32m_v05.geo
29550,ArchHumFortWallEntrance32mV06,arch_hum_fort_wall_entrance_32m_v06.geo
29551,ArchHumFortWallEntrancePvp32mV01ForcefieldV01,arch_hum_fort_wall_entrance_pvp_32m_v01_forcefield_v01.geo
29552,ArchHumFortWallForeasBaseV02,arch_hum_fort_wall_foreas_base_v02.geo
29553,ArchHumFortWallStairwellV02,arch_hum_fort_wall_stairwell_v02.geo
29554,ArchHumFortWallStraight16mV02,arch_hum_fort_wall_straight_16m_v02.geo
29555,ArchHumFortWallStraight16mV02Destroyed,arch_hum_fort_wall_straight_16m_v02_destroyed.geo
29556,ArchHumFortWallStraight8mV02,arch_hum_fort_wall_straight_8m_v02.geo
29557,ArchHumFortWallStraight8mV02Destroyed,arch_hum_fort_wall_straight_8m_v02_destroyed.geo
29558,ArchHumGateSnakepitV02,arch_hum_gate_snakepit_v02.geo
29559,ArchHumObjGenDestroyedV03,arch_hum_obj_gen_destroyed_v03.geo
29560,ArchHumObjGenDestroyedV04,arch_hum_obj_gen_destroyed_v04.geo
29561,ArchHumOutpostBunkerSandbagsV03,arch_hum_outpost_bunker_sandbags_v03.geo
29562,ArchHumOutpostBunkerSandbagsV04,arch_hum_outpost_bunker_sandbags_v04.geo
29563,ArchHumOutpostBunkerV03,arch_hum_outpost_bunker_v03.geo
29564,ArchHumOutpostBunkerV04,arch_hum_outpost_bunker_v04.geo
29565,ArchHumOutpostDitchCornerInV02,arch_hum_outpost_ditch_corner_in_v02.geo
29566,ArchHumOutpostDitchCornerOutV02,arch_hum_outpost_ditch_corner_out_v02.geo
29567,ArchHumOutpostDitchPipeStraight8V02,arch_hum_outpost_ditch_pipe_straight_8_v02.geo
29568,ArchHumOutpostDitchStraight16V02,arch_hum_outpost_ditch_straight_16_v02.geo
29569,ArchHumOutpostDitchStraight24V03,arch_hum_outpost_ditch_straight_24_v03.geo
29570,ArchHumOutpostDitchStraight24V04,arch_hum_outpost_ditch_straight_24_v04.geo
29571,ArchHumOutpostDitchStraight32V02,arch_hum_outpost_ditch_straight_32_v02.geo
29572,ArchHumOutpostDitchStraight4V02,arch_hum_outpost_ditch_straight_4_v02.geo
29573,ArchHumOutpostDitchStraight48V02,arch_hum_outpost_ditch_straight_48_v02.geo
29574,ArchHumOutpostDitchStraight64V02,arch_hum_outpost_ditch_straight_64_v02.geo
29575,ArchHumOutpostDitchStraight8V02Destroyed,arch_hum_outpost_ditch_straight_8_v02_destroyed.geo
29576,ArchHumOutpostDitchStraight8V03,arch_hum_outpost_ditch_straight_8_v03.geo
29577,ArchHumOutpostDitchStraight8V04,arch_hum_outpost_ditch_straight_8_v04.geo
29578,ArchHumOutpostFenceCornerV06,arch_hum_outpost_fence_corner_v06.geo
29579,ArchHumOutpostFenceCornerV07,arch_hum_outpost_fence_corner_v07.geo
29580,ArchHumOutpostFenceCornerV08,arch_hum_outpost_fence_corner_v08.geo
29581,ArchHumOutpostFenceCornerV09,arch_hum_outpost_fence_corner_v09.geo
29582,ArchHumOutpostFenceCornerV10,arch_hum_outpost_fence_corner_v10.geo
29583,ArchHumOutpostFenceEntranceV03,arch_hum_outpost_fence_entrance_v03.geo
29584,ArchHumOutpostFenceEntranceV04,arch_hum_outpost_fence_entrance_v04.geo
29585,ArchHumOutpostFenceStraight16V03,arch_hum_outpost_fence_straight_16_v03.geo
29586,ArchHumOutpostFenceStraight16V04,arch_hum_outpost_fence_straight_16_v04.geo
29587,ArchHumOutpostFenceStraight24V03,arch_hum_outpost_fence_straight_24_v03.geo
29588,ArchHumOutpostFenceStraight24V03Destroyed,arch_hum_outpost_fence_straight_24_v03_destroyed.geo
29589,ArchHumOutpostFenceStraight24V04,arch_hum_outpost_fence_straight_24_v04.geo
29590,ArchHumOutpostFenceStraight32V03,arch_hum_outpost_fence_straight_32_v03.geo
29591,ArchHumOutpostFenceStraight48V03,arch_hum_outpost_fence_straight_48_v03.geo
29592,ArchHumOutpostFenceStraight48V04,arch_hum_outpost_fence_straight_48_v04.geo
29593,ArchHumOutpostFenceStraight64V03,arch_hum_outpost_fence_straight_64_v03.geo
29594,ArchHumOutpostFenceStraight72V02,arch_hum_outpost_fence_straight_72_v02.geo
29595,ArchHumOutpostFenceStraight8V04,arch_hum_outpost_fence_straight_8_v04.geo
29596,ArchHumOutpostFenceStraight8V04Destroyed,arch_hum_outpost_fence_straight_8_v04_destroyed.geo
29597,ArchHumOutpostFenceStraight8V05,arch_hum_outpost_fence_straight_8_v05.geo
29598,ArchHumOutpostFenceStraight8V05Destroyed,arch_hum_outpost_fence_straight_8_v05_destroyed.geo
29599,ArchHumOutpostFenceStraight8V06,arch_hum_outpost_fence_straight_8_v06.geo
29600,ArchHumOutpostFenceStraightEndcapV03,arch_hum_outpost_fence_straight_endcap_v03.geo
29601,ArchHumOutpostFenceStraightEndcapV04,arch_hum_outpost_fence_straight_endcap_v04.geo
29602,ArchHumOutpostGeneratorV02,arch_hum_outpost_generator_v02.geo
29603,ArchHumOutpostHeadqtrsV02,arch_hum_outpost_headqtrs_v02.geo
29604,ArchHumOutpostHospitalV02,arch_hum_outpost_hospital_v02.geo
29605,ArchHumOutpostOverlook01V02,arch_hum_outpost_overlook01_v02.geo
29606,ArchHumOutpostPlanter01V02,arch_hum_outpost_planter01_v02.geo
29607,ArchHumOutpostTowerDoorV02,arch_hum_outpost_tower_door_v02.geo
29608,ArchHumOutpostTowerFootingV02,arch_hum_outpost_tower_footing_v02.geo
29609,ArchHumOutpostTowerV04Destroyed,arch_hum_outpost_tower_v04_destroyed.geo
29610,ArchHumOutpostTowerV05,arch_hum_outpost_tower_v05.geo
29611,ArchHumOutpostTowerV06,arch_hum_outpost_tower_v06.geo
29612,ArchHumOutpostTrench45CornerInV02,arch_hum_outpost_trench_45_corner_in_v02.geo
29613,ArchHumOutpostTrench45CornerOutV02,arch_hum_outpost_trench_45_corner_out_v02.geo
29614,ArchHumOutpostTrench48mV02,arch_hum_outpost_trench_48m_v02.geo
29615,ArchHumOutpostTrench4mV02,arch_hum_outpost_trench_4m_v02.geo
29616,ArchHumOutpostTrench64mV02,arch_hum_outpost_trench_64m_v02.geo
29617,ArchHumOutpostTrench90CornerInV03,arch_hum_outpost_trench_90_corner_in_v03.geo
29618,ArchHumOutpostTrench90CornerOutV04,arch_hum_outpost_trench_90_corner_out_v04.geo
29619,ArchHumOutpostTrenchBunkerV05,arch_hum_outpost_trench_bunker_v05.geo
29620,ArchHumOutpostTrenchBunkerV06,arch_hum_outpost_trench_bunker_v06.geo
29621,ArchHumOutpostTrenchBunkerV06Destroyed,arch_hum_outpost_trench_bunker_v06_destroyed.geo
29622,ArchHumOutpostTrenchBunkerV07,arch_hum_outpost_trench_bunker_v07.geo
29623,ArchHumOutpostTrenchBunkerV08,arch_hum_outpost_trench_bunker_v08.geo
29624,ArchHumOutpostTrenchObstacle01V01,arch_hum_outpost_trench_obstacle_01_v01.geo
29625,ArchHumOutpostWaypointV02,arch_hum_outpost_waypoint_v02.geo
29626,ArchHumPenumbraBaneMachinaPodDestroyedV02,arch_hum_penumbra_bane_machina_pod_destroyed_v02.geo
29627,ArchHumPenumbraBaneMachinaPodV02,arch_hum_penumbra_bane_machina_pod_v02.geo
29628,ArchHumPenumbraEntrance32mV02,arch_hum_penumbra_entrance_32m_v02.geo
29629,ArchHumPenumbraWall64mV02,arch_hum_penumbra_wall_64m_v02.geo
29630,ArchHumPenumbraWallDoor64mV02,arch_hum_penumbra_wall_door_64m_v02.geo
29631,ArchHumPipesystem45degree40mV02,arch_hum_pipesystem_45degree_40m_v02.geo
29632,ArchHumPipesystemElbow64mV03,arch_hum_pipesystem_elbow_64m_v03.geo
29633,ArchHumPipesystemElbow64mV04,arch_hum_pipesystem_elbow_64m_v04.geo
29634,ArchHumPipesystemElbowV02,arch_hum_pipesystem_elbow_v02.geo
29635,ArchHumPipesystemStraight16mV04,arch_hum_pipesystem_straight_16m_v04.geo
29636,ArchHumPipesystemStraight16mV05,arch_hum_pipesystem_straight_16m_v05.geo
29637,ArchHumPipesystemStraight16mV06,arch_hum_pipesystem_straight_16m_v06.geo
29638,ArchHumPipesystemStraight56mV03,arch_hum_pipesystem_straight_56m_v03.geo
29639,ArchHumPipesystemStraight56mV04,arch_hum_pipesystem_straight_56m_v04.geo
29640,ArchHumSnakepitGateV01,arch_hum_snakepit_gate_v01.geo
29641,ArchHumSpotlightV05,arch_hum_spotlight_v05.geo
29642,ArchHumSpotlightV05Off,arch_hum_spotlight_v05_off.geo
29643,ArchHumSpotlightV06,arch_hum_spotlight_v06.geo
29644,ArchHumSpotlightV06Off,arch_hum_spotlight_v06_off.geo
29645,ArchHumSpotlightV07Bottom,arch_hum_spotlight_v07_bottom.geo
29646,ArchHumSpotlightV07Top,arch_hum_spotlight_v07_top.geo
29647,ArchHumSpotlightV08Bottom,arch_hum_spotlight_v08_bottom.geo
29648,ArchHumTeleporterV02,arch_hum_teleporter_v02.geo
29649,ArchHumTeleporterV02Disabled,arch_hum_teleporter_v02_disabled.geo
29650,ArchHumWormholeBaseV02,arch_hum_wormhole_base_v02.geo
29651,ArchHumWormholePadV02,arch_hum_wormhole_pad_v02.geo
29652,ArchHumWormholeV02,arch_hum_wormhole_v02.geo
29653,PropHumAccentLightV02,prop_hum_accent_light_v02.geo
29654,PropHumAmmoStoresV02,prop_hum_ammo_stores_v02.geo
29655,PropHumAntennaV02,prop_hum_antenna_v02.geo
29656,PropHumArmorcaseV02,prop_hum_armorcase_v02.geo
29657,PropHumBarrelV03,prop_hum_barrel_v03.geo
29658,PropHumBarrelV04,prop_hum_barrel_v04.geo
29659,PropHumBeerkegsV02,prop_hum_beerkegs_v02.geo
29660,PropHumBoxingRingV02,prop_hum_boxing_ring_v02.geo
29661,PropHumBulletLightFlickerBodyV02,prop_hum_bullet_light_flicker_body_v02.geo
29662,PropHumBulletLightFlickerV02,prop_hum_bullet_light_flicker_v02.geo
29663,PropHumCorridorDebrisV06,prop_hum_corridor_debris_v06.geo
29664,PropHumCorridorDebrisV07,prop_hum_corridor_debris_v07.geo
29665,PropHumCorridorDebrisV08,prop_hum_corridor_debris_v08.geo
29666,PropHumCounterArmorV03,prop_hum_counter_armor_v03.geo
29667,PropHumCounterArmorV04,prop_hum_counter_armor_v04.geo
29668,PropHumCounterWeaponV04,prop_hum_counter_weapon_v04.geo
29669,PropHumCounterWeaponV05,prop_hum_counter_weapon_v05.geo
29670,PropHumCounterWeaponV06,prop_hum_counter_weapon_v06.geo
29671,PropHumCraftstationV02,prop_hum_craftstation_v02.geo
29672,PropHumCrateV03,prop_hum_crate_v03.geo
29673,PropHumCrateV04,prop_hum_crate_v04.geo
29674,PropHumDebrisDestroyedV04,prop_hum_debris_destroyed_v04.geo
29675,PropHumDebrisDestroyedV05,prop_hum_debris_destroyed_v05.geo
29676,PropHumDebrisDestroyedV06,prop_hum_debris_destroyed_v06.geo
29677,PropHumDeskV03,prop_hum_desk_v03.geo
29678,PropHumDeskV04,prop_hum_desk_v04.geo
29679,PropHumDestroyedV05,prop_hum_destroyed_v05.geo
29680,PropHumDestroyedV06,prop_hum_destroyed_v06.geo
29681,PropHumDestroyedV07,prop_hum_destroyed_v07.geo
29682,PropHumDestroyedV08,prop_hum_destroyed_v08.geo
29683,PropHumDresserV01,prop_hum_dresser_v01.geo
29684,PropHumDresserV02,prop_hum_dresser_v02.geo
29685,PropHumFluorescentLightV03,prop_hum_fluorescent_light_v03.geo
29686,PropHumFootlockerV02,prop_hum_footlocker_v02.geo
29687,PropHumHanginglightV02,prop_hum_hanginglight_v02.geo
29688,PropHumHighlightV02,prop_hum_highlight_v02.geo
29689,PropHumHighlightV04,prop_hum_highlight_v04.geo
29690,PropHumHospitalbedV02,prop_hum_hospitalbed_v02.geo
29691,PropHumKitchenV02,prop_hum_kitchen_v02.geo
29692,PropHumLightAlarmV02,prop_hum_light_alarm_v02.geo
29693,PropHumLightV04,prop_hum_light_v04.geo
29694,PropHumLightV06,prop_hum_light_v06.geo
29695,PropHumLightV07,prop_hum_light_v07.geo
29696,PropHumLightV08,prop_hum_light_v08.geo
29697,PropHumLightV09,prop_hum_light_v09.geo
29698,PropHumLightV10,prop_hum_light_v10.geo
29699,PropHumLoudspeakerV02,prop_hum_loudspeaker_v02.geo
29700,PropHumManholeV02,prop_hum_manhole_v02.geo
29701,PropHumPathlightV02,prop_hum_pathlight_v02.geo
29702,PropHumPipeV06,prop_hum_pipe_v06.geo
29703,PropHumPipeV07,prop_hum_pipe_v07.geo
29704,PropHumPipeV08,prop_hum_pipe_v08.geo
29705,PropHumPipeV09,prop_hum_pipe_v09.geo
29706,PropHumPipeV10,prop_hum_pipe_v10.geo
29707,PropHumPipegroup16mV02,prop_hum_pipegroup_16m_v02.geo
29708,PropHumPotspansV02,prop_hum_potspans_v02.geo
29709,PropHumRadarV02,prop_hum_radar_v02.geo
29710,PropHumRubbleLargeV02,prop_hum_rubble_large_v02.geo
29711,PropHumRubbleMedV02,prop_hum_rubble_med_v02.geo
29712,PropHumStageV02,prop_hum_stage_v02.geo
29713,PropHumStagelightsV02,prop_hum_stagelights_v02.geo
29714,PropHumStringLightV03,prop_hum_string_light_v03.geo
29715,PropHumStringLightV04,prop_hum_string_light_v04.geo
29716,PropHumV02,prop_hum_v02.geo
29717,PropHumVentilationunitV05,prop_hum_ventilationunit_v05.geo
29718,PropHumVentilationunitV06,prop_hum_ventilationunit_v06.geo
29719,PropHumVentilationunitV07,prop_hum_ventilationunit_v07.geo
29720,PropHumVentilationunitV08,prop_hum_ventilationunit_v08.geo
29721,PropHumWatertowerV06,prop_hum_watertower_v06.geo
29722,PropHumWatertowerV07,prop_hum_watertower_v07.geo
29723,PropHumWatertowerV08,prop_hum_watertower_v08.geo
29724,PropHumWeaponcaseV02,prop_hum_weaponcase_v02.geo
29725,PropHumWeaponshopGunsV02,prop_hum_weaponshop_guns_v02.geo
29726,PropHumWorklightsV04Base,prop_hum_worklights_v04_base.geo
29727,PropHumWorklightsV04Top,prop_hum_worklights_v04_top.geo
29728,PropHumWorklightsV05,prop_hum_worklights_v05.geo
29729,PropHumWorklightsV06,prop_hum_worklights_v06.geo
29730,PropHumWormholeV03,prop_hum_wormhole_v03.geo
29731,TerraForeasCavernRoof500mx280mV05,terra_foreas_cavern_roof_500m_x_280m_v05.geo
29732,ArchForeanElohTempleWallStraightTall24mV01,arch_forean_eloh_temple_wall_straight_tall_24m_v01.geo
29733,ArchForeanVillagePlatform8mV01Destroyed,arch_forean_village_platform_8m_v01_destroyed.geo
29734,ArchForeanVillagePlatform8mV05Destroyed,arch_forean_village_platform_8m_v05_destroyed.geo
29735,COCP_NPC_Wardrobe_Lvl_30,prop_hum_weaponcase_v01.geo
29736,COCP_NPC_Wardrobe_Lvl_40,prop_hum_armorcase_v01.geo
29737,COCP_NPC_Wardrobe_Lvl_50,prop_hum_weaponcase_v01.geo
29738,ArchForeanElohBunkerDestroyedV01,arch_forean_eloh_bunker_destroyed_v01.geo
29739,ArchForeanElohBunkerDestroyedV02,arch_forean_eloh_bunker_destroyed_v02.geo
29740,COCP_NPC_Med_Crate_Lvl_30,prop_hum_crate_medical01_V02.geo
29741,COCP_NPC_Med_Crate_Lvl_35,prop_hum_crate_medical01_V02.geo
29742,COCP_NPC_Med_Crate_Lvl_40,prop_hum_crate_medical01_V02.geo
29743,COCP_NPC_Med_Crate_Lvl_45,prop_hum_crate_medical01_V02.geo
29744,COCP_NPC_Med_Crate_Lvl_50,prop_hum_crate_medical01_V02.geo
29745,COCP_NPC_Supply_Crate_Lvl_30,prop_hum_crate_supplies01_V02.geo
29746,COCP_NPC_Supply_Crate_Lvl_35,prop_hum_crate_supplies01_V02.geo
29747,COCP_NPC_Supply_Crate_Lvl_40,prop_hum_crate_supplies01_V02.geo
29748,COCP_NPC_Supply_Crate_Lvl_45,prop_hum_crate_supplies01_V02.geo
29749,COCP_NPC_Supply_Crate_Lvl_50,prop_hum_crate_supplies01_V02.geo
29750,ArchForeanVillageJunctionStraightV02Destroyed,arch_forean_village_junction_straight_v02_destroyed.geo
29751,ArchForeanElohGateCaveofDonnV01,arch_forean_eloh_room_caveofdonn_v01.geo
29752,DELETEME_Weapon_Avatar_Rifle,hp_hum_rifle_bane_v01.geo
29753,ArchForeanElohTempleBasinV02WaterV01,arch_forean_eloh_temple_basin_v02_water_v01.geo
29754,UsableNPCHumFDyingSoldierV01,prop_hum_f_corpse_v04.geo
29756,Test_Weapon_Avatar_Machinegun_Physical_V2,hp_hum_machinegun_physical_series2_v01.geo
29757,Test_Weapon_Avatar_Machinegun_Physical_V3,hp_hum_machinegun_physical_series3_holstered_v01.geo
29758,Test_Weapon_Avatar_RocketLauncher_Physical_V2,hp_hum_rocketlauncher_physical_medium_v01.geo
29759,Test_Weapon_Avatar_RocketLauncher_Physical_V3,hp_hum_rocketlauncher_physical_heavy_v01.geo
29760,ArchHumBaseElementV06_NoSound,prop_hum_pipe_v02.geo
29762,ArchHumBaseElementV07_NoSound,prop_hum_pipe_v03.geo
29763,ArchHumBaseElementV08_NoSound,prop_hum_pipe_v04.geo
29764,UsableDoorForeanElohCaveofDonnV01,arch_forean_eloh_door_caveofdonn_v01.geo
29765,Redshirt_Human_Soldier_Light_Male_Crouch,npc_redshirt_hum_m_light_v01.geo
29769,Bane_Thrax_Soldier_Grunt_Pistol,creature_thrax_soldier_grunt_v01.geo
29770,ArchHumOutpostHospitalV01Damaged,arch_hum_outpost_hospital_v01_damaged.geo
29771,ArchHumDropshipLandingpadV01Damaged,arch_hum_dropship_landingpad_v03.geo
29773,Bane_Thrax_Soldier_Grunt_Rifle,creature_thrax_soldier_grunt_v02.geo
29774,Bane_Thrax_Soldier_Grunt_Rifle_TEST,creature_thrax_soldier_grunt_v02.geo
29775,ArchHumBaseBarracksDamaged,arch_hum_fort_barracks_v01_damaged.geo
29778,Bane_Linker_Grunt,creature_bane_linker_v01.geo
29780,ArchHumBridge48mV01,arch_hum_bridge_48m_v02.geo
29782,UsableTwoStateHumSoyuzCapsule,prop_hum_soyuz_capsule.geo
29783,UsableTwoStateHumSoyuzCapsuleDebrisV01,prop_hum_soyuz_capsule_debris_v01.geo
29784,UsableTwoStateHumSoyuzCapsuleDebrisV02,prop_hum_soyuz_capsule_debris_v02.geo
29786,ArchForeanBridgeCeremonialBrokenV01,arch_forean_bridge_ceremonial_broken_v01.geo
29787,ArchForeanBridgeCeremonialBrokenV02,arch_forean_bridge_ceremonial_broken_v02.geo
29788,ArchForeanBridgeCeremorialBrokenDebrisV01,arch_forean_bridge_ceremonial_broken_debris_v01.geo
29789,ArchForeanBridgeCeremorialBrokenDebrisV02,arch_forean_bridge_ceremonial_broken_debris_v02.geo
29790,ArchForeanBridgeCeremorialBrokenDebrisV03,arch_forean_bridge_ceremonial_broken_debris_v03.geo
29791,ArchForeanBridgeCeremorialBrokenDebrisV04,arch_forean_bridge_ceremonial_broken_debris_v04.geo
29792,TestArchHumFortCatwalkRamp2m,test_arch_hum_fort_catwlk_ramp_2m.geo
29793,PropHumTunnelSupportV01,prop_hum_tunnel_support_v01.geo
29796,PropHumSoyuzCapsuleParachute,prop_hum_soyuz_capsule_parachute.geo
29797,ArchElohLogosFeelingPuzzle,arch_eloh_logos_feeling_puzzle.geo
29798,ArchElohLogosHealPuzzle,arch_eloh_logos_heal_puzzle.geo
29799,ArchElohLogosTrapPuzzle,arch_eloh_logos_trap_puzzle.geo
29800,ArchForeanBridgeCeremonialSupportV01,arch_forean_bridge_ceremonial_support_v01.geo
29801,ArchElohCorridorCouplerV03,arch_eloh_corridor_coupler_v03.geo
29802,ArchHumGenObjWaterTowerDamagedV01,prop_hum_watertower_v01_damaged.geo
29803,Weapon_Avatar_Pistol_Physical_CMN_01_to_04_Bootcamp,hp_hum_pistol_physical_v01.geo
29806,ArchHumOutpostFenceStraight32V02Damaged,arch_hum_outpost_fence_straight_32_v03_damaged.geo
29812,ArchForeanBridgeCeremonialV04,arch_forean_bridge_ceremonial_v04.geo
29813,Weapon_Avatar_RocketLauncher_v2_Physical_CMN_30_to_32,hp_hum_rocketlauncher_physical_medium_v01.geo
29814,Weapon_Avatar_RocketLauncher_v2_Physical_CMN_33_to_35,hp_hum_rocketlauncher_physical_medium_v01.geo
29815,Weapon_Avatar_RocketLauncher_v2_Physical_CMN_36_to_38,hp_hum_rocketlauncher_physical_medium_v01.geo
29816,Weapon_Avatar_RocketLauncher_v2_Physical_CMN_39_to_41,hp_hum_rocketlauncher_physical_medium_v01.geo
29817,Weapon_Avatar_RocketLauncher_v2_Physical_CMN_42_to_44,hp_hum_rocketlauncher_physical_medium_v01.geo
29818,Weapon_Avatar_RocketLauncher_v2_Physical_CMN_45_to_47,hp_hum_rocketlauncher_physical_medium_v01.geo
29819,Weapon_Avatar_RocketLauncher_v2_Physical_CMN_48_to_49,hp_hum_rocketlauncher_physical_medium_v01.geo
29820,Weapon_Avatar_RocketLauncher_v2_Physical_CMN_50_to_50,hp_hum_rocketlauncher_physical_medium_v01.geo
29821,Weapon_Avatar_RocketLauncher_v2_Physical_ELT_30_to_32,hp_hum_rocketlauncher_physical_medium_v01.geo
29822,Weapon_Avatar_RocketLauncher_v2_Physical_ELT_33_to_35,hp_hum_rocketlauncher_physical_medium_v01.geo
29823,Weapon_Avatar_RocketLauncher_v2_Physical_ELT_36_to_38,hp_hum_rocketlauncher_physical_medium_v01.geo
29824,Weapon_Avatar_RocketLauncher_v2_Physical_ELT_39_to_41,hp_hum_rocketlauncher_physical_medium_v01.geo
29825,Weapon_Avatar_RocketLauncher_v2_Physical_ELT_42_to_44,hp_hum_rocketlauncher_physical_medium_v01.geo
29826,Weapon_Avatar_RocketLauncher_v2_Physical_ELT_45_to_47,hp_hum_rocketlauncher_physical_medium_v01.geo
29827,Weapon_Avatar_RocketLauncher_v2_Physical_ELT_48_to_49,hp_hum_rocketlauncher_physical_medium_v01.geo
29828,Weapon_Avatar_RocketLauncher_v2_Physical_ELT_50_to_50,hp_hum_rocketlauncher_physical_medium_v01.geo
29829,Weapon_Avatar_RocketLauncher_v2_Physical_RAR_30_to_32,hp_hum_rocketlauncher_physical_medium_v01.geo
29830,Weapon_Avatar_RocketLauncher_v2_Physical_RAR_33_to_35,hp_hum_rocketlauncher_physical_medium_v01.geo
29831,Weapon_Avatar_RocketLauncher_v2_Physical_RAR_36_to_38,hp_hum_rocketlauncher_physical_medium_v01.geo
29832,Weapon_Avatar_RocketLauncher_v2_Physical_RAR_39_to_41,hp_hum_rocketlauncher_physical_medium_v01.geo
29833,Weapon_Avatar_RocketLauncher_v2_Physical_RAR_42_to_44,hp_hum_rocketlauncher_physical_medium_v01.geo
29834,Weapon_Avatar_RocketLauncher_v2_Physical_RAR_45_to_47,hp_hum_rocketlauncher_physical_medium_v01.geo
29835,Weapon_Avatar_RocketLauncher_v2_Physical_RAR_48_to_49,hp_hum_rocketlauncher_physical_medium_v01.geo
29836,Weapon_Avatar_RocketLauncher_v2_Physical_RAR_50_to_50,hp_hum_rocketlauncher_physical_medium_v01.geo
29837,Weapon_Avatar_RocketLauncher_v2_Physical_UNC_30_to_32,hp_hum_rocketlauncher_physical_medium_v01.geo
29838,Weapon_Avatar_RocketLauncher_v2_Physical_UNC_33_to_35,hp_hum_rocketlauncher_physical_medium_v01.geo
29839,Weapon_Avatar_RocketLauncher_v2_Physical_UNC_36_to_38,hp_hum_rocketlauncher_physical_medium_v01.geo
29840,Weapon_Avatar_RocketLauncher_v2_Physical_UNC_39_to_41,hp_hum_rocketlauncher_physical_medium_v01.geo
29841,Weapon_Avatar_RocketLauncher_v2_Physical_UNC_42_to_44,hp_hum_rocketlauncher_physical_medium_v01.geo
29842,Weapon_Avatar_RocketLauncher_v2_Physical_UNC_45_to_47,hp_hum_rocketlauncher_physical_medium_v01.geo
29843,Weapon_Avatar_RocketLauncher_v2_Physical_UNC_48_to_49,hp_hum_rocketlauncher_physical_medium_v01.geo
29844,Weapon_Avatar_RocketLauncher_v2_Physical_UNC_50_to_50,hp_hum_rocketlauncher_physical_medium_v01.geo
29845,ZZZ_Delete_Me0,hp_hum_rocketlauncher_physical_heavy_v01.geo
29846,ZZZ_Delete_Me2,hp_hum_rocketlauncher_physical_heavy_v01.geo
29847,ZZZ_Delete_Me3,hp_hum_rocketlauncher_physical_heavy_v01.geo
29848,ZZZ_Delete_Me4,hp_hum_rocketlauncher_physical_heavy_v01.geo
29849,ZZZ_Delete_Me5,hp_hum_rocketlauncher_physical_heavy_v01.geo
29850,ZZZ_Delete_Me6,hp_hum_rocketlauncher_physical_heavy_v01.geo
29851,ZZZ_Delete_Me7,hp_hum_rocketlauncher_physical_heavy_v01.geo
29852,ZZZ_Delete_Me8,hp_hum_rocketlauncher_physical_heavy_v01.geo
29853,ZZZ_Delete_Me9,hp_hum_rocketlauncher_physical_heavy_v01.geo
29854,ZZZ_Delete_Me10,hp_hum_rocketlauncher_physical_heavy_v01.geo
29855,ZZZ_Delete_Me11,hp_hum_rocketlauncher_physical_heavy_v01.geo
29856,ZZZ_Delete_Me12,hp_hum_rocketlauncher_physical_heavy_v01.geo
29857,ZZZ_Delete_Me13,hp_hum_rocketlauncher_physical_heavy_v01.geo
29858,ZZZ_Delete_Me14,hp_hum_rocketlauncher_physical_heavy_v01.geo
29859,ZZZ_Delete_Me15,hp_hum_rocketlauncher_physical_heavy_v01.geo
29860,ZZZ_Delete_Me16,hp_hum_rocketlauncher_physical_heavy_v01.geo
29861,ZZZ_Delete_Me17,hp_hum_rocketlauncher_physical_heavy_v01.geo
29862,ZZZ_Delete_Me18,hp_hum_rocketlauncher_physical_heavy_v01.geo
29863,ZZZ_Delete_Me19,hp_hum_rocketlauncher_physical_heavy_v01.geo
29864,ZZZ_Delete_Me20,hp_hum_rocketlauncher_physical_heavy_v01.geo
29865,ZZZ_Delete_Me21,hp_hum_rocketlauncher_physical_heavy_v01.geo
29866,ZZZ_Delete_Me22,hp_hum_rocketlauncher_physical_heavy_v01.geo
29867,ZZZ_Delete_Me23,hp_hum_rocketlauncher_physical_heavy_v01.geo
29868,ZZZ_Delete_Me24,hp_hum_rocketlauncher_physical_heavy_v01.geo
29869,ZZZ_Delete_Me25,hp_hum_rocketlauncher_physical_heavy_v01.geo
29870,ZZZ_Delete_Me26,hp_hum_rocketlauncher_physical_heavy_v01.geo
29871,ZZZ_Delete_Me27,hp_hum_rocketlauncher_physical_heavy_v01.geo
29872,ZZZ_Delete_Me28,hp_hum_rocketlauncher_physical_heavy_v01.geo
29873,ZZZ_Delete_Me29,hp_hum_rocketlauncher_physical_heavy_v01.geo
29874,ZZZ_Delete_Me30,hp_hum_rocketlauncher_physical_heavy_v01.geo
29875,ZZZ_Delete_Me31,hp_hum_rocketlauncher_physical_heavy_v01.geo
29876,ZZZ_Delete_Me32,hp_hum_rocketlauncher_physical_heavy_v01.geo
29877,UsableTreasureDispHumCrateV06,prop_human_crate_usable_v01.geo
29878,ArchHumBridge48mV02,arch_hum_bridge_48m_v02.geo
29880,ArchHumCorrRoomCenter32mV02,arch_hum_corr_room_center_32m_v02.geo
29881,ArchHumCorrRoomCenter64mV02,arch_hum_corr_room_center_64m_v02.geo
29882,ArchHumCorrRoomPlatformEdgeStraight32mV03,arch_hum_corr_room_platform_edge_straight_32m_v03.geo
29883,ArchHumFortPrisonV02,arch_hum_fort_prison_v02.geo
29884,Weapon_Creature_Bane_Pistol_Bootcamp,hp_thrax_soldier_pistol_v02.geo
29885,Weapon_Creature_Bane_Rifle_Bootcamp,hp_thrax_soldier_rifle_v01.geo
29886,ArchHumOutpostFenceCornerV11,arch_hum_outpost_fence_corner_v11.geo
29887,ArchHumOutpostFenceCornerV12,arch_hum_outpost_fence_corner_v11.geo
29888,ArchHumFortHeadgtrsV02Destroyed,arch_hum_fort_headqtrs_v02_destroyed.geo
29889,ArchHumFortAuctionHouseFrameV01,arch_hum_fort_auction_house_frame_v01.geo
29890,ArchHumFortShopFrameV01,arch_hum_fort_shop_frame_v01.geo
29891,ArchHumFortShopFrameV02,arch_hum_fort_shop_frame_v02.geo
29892,PropHumBuildingMaterialBeamV02,prop_hum_building_material_beam_v02.geo
29893,PropHumBuildingMaterialBeamV03,prop_hum_building_material_beam_v03.geo
29894,PropHumBuildingMaterialBeamV04,prop_hum_building_material_beam_v04.geo
29895,PropHumBuildingMaterialBeamV05,prop_hum_building_material_beam_v05.geo
29897,PropHumBuildingMaterialPannels01V02,prop_hum_building_material_pannels01_v02.geo
29898,PropHumBuildingMaterialPannels01V03,prop_hum_building_material_pannels01_v03.geo
29903,PropHumBuildingMaterialBeamV01,prop_hum_building_material_beam_v01.geo
29905,PropHumBuildingAntenaV01,prop_hum_building_material_antena_v01.geo
29906,PropHumBuildingMaterialGeneratorV01,prop_hum_building_material_generator_v01.geo
29907,PropHumBuildingMaterialTankV01,prop_hum_building_material_tank_v01.geo
29908,Resource_Crafting_Mimeogel,item_canister_hum_v01.geo
29909,ArchHumGenObjSandbags01V19,prop_hum_sandbags01v19.geo
29910,ArchHumGenObjSandbags01V20,prop_hum_sandbags01v20.geo
29911,ArchHumGenObjSandbags01V21,prop_hum_sandbags01v21.geo
29912,ArchHumGenObjSandbags01V22,prop_hum_sandbags01v22.geo
29913,PropHumBuildingMaterialPannels02V01,prop_hum_building_material_pannels02_v01.geo
29914,PropHumBuildingMaterialPannels02V02,prop_hum_building_material_pannels02_v02.geo
29915,PropHumBuildingMaterialPannels02V03,prop_hum_building_material_pannels02_v03.geo
29916,PropHumBuildingMaterialPannels03V01,prop_hum_building_material_pannels03_v01.geo
29917,PropHumBuildingMaterialPannels03V02,prop_hum_building_material_pannels03_v02.geo
29918,PropHumBuildingMaterialPannels03V03,prop_hum_building_material_pannels03_v03.geo
29919,PropHumBuildingMaterialPannels01V01,prop_hum_building_material_pannels01_v01.geo
29921,ArchHumFortAusctionHouseV01Destroyed,arch_hum_fort_auction_house_v01_destroyed.geo
29934,PropHumCrateV05,prop_hum_crate_v05.geo
29935,PropHumCrateOpen01V01,prop_hum_crate_open01_v01.geo
29936,PropHumCrateOpen01V02,prop_hum_crate_open01_v02.geo
29937,PropHumBuildingMaterialAntenaV02,prop_hum_building_material_antena_v02.geo
29938,PropHumBuildingMaterialTankV02,prop_hum_building_material_tank_v02.geo
29939,PropHumBuildingMaterialFrameV01,prop_hum_building_material_frame_v01.geo
29940,Test_Weapon_Avatar_Pistol_Laser_V2,hp_hum_pistol_laser_series2_v01.geo
29941,Test_Weapon_Avatar_Pistol_Laser_V3,hp_hum_pistol_laser_series2_v01.geo
29942,PropHumPalletV01,prop_hum_pallet_v01.geo
29943,Weapon_Creature_Sandorf_Sword_Laser,hp_hum_sword_v01.geo
29944,TEST_terra_foreas_cavern_instance_v01b,terra_foreas_cavern_instance_v01b.geo
29945,TEST_terra_foreas_cavern_instance_v01c,terra_foreas_cavern_instance_v01c.geo
29946,TEST_arch_hum_corridor_instance_v01b,arch_hum_corridor_instance_v01b.geo
29947,TEST_arch_hum_corridor_instance_v01c,arch_hum_corridor_instance_v01c.geo
29948,ArchHumanTentGeneric01DestroyedV01,arch_hum_tent_generic_01_destroyed.geo
29950,ArchHumTentGeneric02Destroyed,arch_hum_tent_generic_02_destroyed.geo
29951,Bane_Caretaker_Grunt,creature_bane_caretaker_v02.geo
29952,ZZZ_Delete_Me,hp_hum_rifle_physical_v01.geo
29953,ArchHumOutpostTrench90CornerOutV03,arch_hum_outpost_trench_90_corner_out_v03.geo
29954,UsableAbilityTemporaryDropship_Reward,vfx_reward_personal_dropship.geo
29956,Weapon_Avatar_MachineGun_v2_Physical_CMN_27_to_29,hp_hum_machinegun_physical_series2_v01.geo
29957,Weapon_Avatar_MachineGun_v2_Physical_CMN_30_to_32,hp_hum_machinegun_physical_series2_v01.geo
29958,Weapon_Avatar_MachineGun_v2_Physical_CMN_33_to_35,hp_hum_machinegun_physical_series2_v01.geo
29959,Weapon_Avatar_MachineGun_v2_Physical_CMN_36_to_38,hp_hum_machinegun_physical_series2_v01.geo
29960,Weapon_Avatar_MachineGun_v2_Physical_CMN_39_to_41,hp_hum_machinegun_physical_series2_v01.geo
29961,Weapon_Avatar_MachineGun_v2_Physical_CMN_42_to_44,hp_hum_machinegun_physical_series2_v01.geo
29962,Weapon_Avatar_MachineGun_v2_Physical_CMN_45_to_47,hp_hum_machinegun_physical_series2_v01.geo
29963,Weapon_Avatar_MachineGun_v2_Physical_CMN_48_to_49,hp_hum_machinegun_physical_series2_v01.geo
29964,Weapon_Avatar_MachineGun_v2_Physical_CMN_50_to_50,hp_hum_machinegun_physical_series2_v01.geo
29965,Weapon_Avatar_MachineGun_v2_Physical_ELT_27_to_29,hp_hum_machinegun_physical_series2_v01.geo
29966,Weapon_Avatar_MachineGun_v2_Physical_ELT_30_to_32,hp_hum_machinegun_physical_series2_v01.geo
29967,Weapon_Avatar_MachineGun_v2_Physical_ELT_33_to_35,hp_hum_machinegun_physical_series2_v01.geo
29968,Weapon_Avatar_MachineGun_v2_Physical_ELT_36_to_38,hp_hum_machinegun_physical_series2_v01.geo
29969,Weapon_Avatar_MachineGun_v2_Physical_ELT_39_to_41,hp_hum_machinegun_physical_series2_v01.geo
29970,Weapon_Avatar_MachineGun_v2_Physical_ELT_42_to_44,hp_hum_machinegun_physical_series2_v01.geo
29971,Weapon_Avatar_MachineGun_v2_Physical_ELT_45_to_47,hp_hum_machinegun_physical_series2_v01.geo
29972,Weapon_Avatar_MachineGun_v2_Physical_ELT_48_to_49,hp_hum_machinegun_physical_series2_v01.geo
29973,Weapon_Avatar_MachineGun_v2_Physical_ELT_50_to_50,hp_hum_machinegun_physical_series2_v01.geo
29974,Weapon_Avatar_MachineGun_v2_Physical_RAR_27_to_29,hp_hum_machinegun_physical_series2_v01.geo
29975,Weapon_Avatar_MachineGun_v2_Physical_RAR_30_to_32,hp_hum_machinegun_physical_series2_v01.geo
29976,Weapon_Avatar_MachineGun_v2_Physical_RAR_33_to_35,hp_hum_machinegun_physical_series2_v01.geo
29977,Weapon_Avatar_MachineGun_v2_Physical_RAR_36_to_38,hp_hum_machinegun_physical_series2_v01.geo
29978,Weapon_Avatar_MachineGun_v2_Physical_RAR_39_to_41,hp_hum_machinegun_physical_series2_v01.geo
29979,Weapon_Avatar_MachineGun_v2_Physical_RAR_42_to_44,hp_hum_machinegun_physical_series2_v01.geo
29980,Weapon_Avatar_MachineGun_v2_Physical_RAR_45_to_47,hp_hum_machinegun_physical_series2_v01.geo
29981,Weapon_Avatar_MachineGun_v2_Physical_RAR_48_to_49,hp_hum_machinegun_physical_series2_v01.geo
29982,Weapon_Avatar_MachineGun_v2_Physical_RAR_50_to_50,hp_hum_machinegun_physical_series2_v01.geo
29983,Weapon_Avatar_MachineGun_v2_Physical_UNC_27_to_29,hp_hum_machinegun_physical_series2_v01.geo
29984,Weapon_Avatar_MachineGun_v2_Physical_UNC_30_to_32,hp_hum_machinegun_physical_series2_v01.geo
29985,Weapon_Avatar_MachineGun_v2_Physical_UNC_33_to_35,hp_hum_machinegun_physical_series2_v01.geo
29986,Weapon_Avatar_MachineGun_v2_Physical_UNC_36_to_38,hp_hum_machinegun_physical_series2_v01.geo
29987,Weapon_Avatar_MachineGun_v2_Physical_UNC_39_to_41,hp_hum_machinegun_physical_series2_v01.geo
29988,Weapon_Avatar_MachineGun_v2_Physical_UNC_42_to_44,hp_hum_machinegun_physical_series2_v01.geo
29989,Weapon_Avatar_MachineGun_v2_Physical_UNC_45_to_47,hp_hum_machinegun_physical_series2_v01.geo
29990,Weapon_Avatar_MachineGun_v2_Physical_UNC_48_to_49,hp_hum_machinegun_physical_series2_v01.geo
29991,Weapon_Avatar_MachineGun_v2_Physical_UNC_50_to_50,hp_hum_machinegun_physical_series2_v01.geo
29992,ArchCormanVentilationV01Destroyed,arch_corman_ventilation_v01_destroyed.geo
29993,PropHumSoyuzCapsuleStand,prop_hum_soyuz_capsule_stand.geo
29994,Weapon_Avatar_Pistol_v2_Laser_CMN_21_to_23,hp_hum_pistol_laser_series2_v01.geo
29995,Weapon_Avatar_Pistol_v2_Laser_CMN_24_to_26,hp_hum_pistol_laser_series2_v01.geo
29996,Weapon_Avatar_Pistol_v2_Laser_CMN_27_to_29,hp_hum_pistol_laser_series2_v01.geo
29997,Weapon_Avatar_Pistol_v2_Laser_CMN_30_to_32,hp_hum_pistol_laser_series2_v01.geo
29998,Weapon_Avatar_Pistol_v2_Laser_CMN_33_to_35,hp_hum_pistol_laser_series2_v01.geo
29999,Weapon_Avatar_Pistol_v2_Laser_CMN_36_to_38,hp_hum_pistol_laser_series2_v01.geo
30000,Weapon_Avatar_Pistol_v2_Laser_CMN_39_to_41,hp_hum_pistol_laser_series2_v01.geo
30001,Weapon_Avatar_Pistol_v2_Laser_CMN_42_to_44,hp_hum_pistol_laser_series2_v01.geo
30002,Weapon_Avatar_Pistol_v2_Laser_CMN_45_to_47,hp_hum_pistol_laser_series2_v01.geo
30003,Weapon_Avatar_Pistol_v2_Laser_CMN_48_to_49,hp_hum_pistol_laser_series2_v01.geo
30004,Weapon_Avatar_Pistol_v2_Laser_CMN_50_to_50,hp_hum_pistol_laser_series2_v01.geo
30005,Weapon_Avatar_Pistol_v2_Laser_ELT_21_to_23,hp_hum_pistol_laser_series2_v01.geo
30006,Weapon_Avatar_Pistol_v2_Laser_ELT_24_to_26,hp_hum_pistol_laser_series2_v01.geo
30007,Weapon_Avatar_Pistol_v2_Laser_ELT_27_to_29,hp_hum_pistol_laser_series2_v01.geo
30008,Weapon_Avatar_Pistol_v2_Laser_ELT_30_to_32,hp_hum_pistol_laser_series2_v01.geo
30009,Weapon_Avatar_Pistol_v2_Laser_ELT_33_to_35,hp_hum_pistol_laser_series2_v01.geo
30010,Weapon_Avatar_Pistol_v2_Laser_ELT_36_to_38,hp_hum_pistol_laser_series2_v01.geo
30011,Weapon_Avatar_Pistol_v2_Laser_ELT_39_to_41,hp_hum_pistol_laser_series2_v01.geo
30012,Weapon_Avatar_Pistol_v2_Laser_ELT_42_to_44,hp_hum_pistol_laser_series2_v01.geo
30013,Weapon_Avatar_Pistol_v2_Laser_ELT_45_to_47,hp_hum_pistol_laser_series2_v01.geo
30014,Weapon_Avatar_Pistol_v2_Laser_ELT_48_to_49,hp_hum_pistol_laser_series2_v01.geo
30015,Weapon_Avatar_Pistol_v2_Laser_ELT_50_to_50,hp_hum_pistol_laser_series2_v01.geo
30016,Weapon_Avatar_Pistol_v2_Laser_RAR_21_to_23,hp_hum_pistol_laser_series2_v01.geo
30017,Weapon_Avatar_Pistol_v2_Laser_RAR_24_to_26,hp_hum_pistol_laser_series2_v01.geo
30018,Weapon_Avatar_Pistol_v2_Laser_RAR_27_to_29,hp_hum_pistol_laser_series2_v01.geo
30019,Weapon_Avatar_Pistol_v2_Laser_RAR_30_to_32,hp_hum_pistol_laser_series2_v01.geo
30020,Weapon_Avatar_Pistol_v2_Laser_RAR_33_to_35,hp_hum_pistol_laser_series2_v01.geo
30021,Weapon_Avatar_Pistol_v2_Laser_RAR_36_to_38,hp_hum_pistol_laser_series2_v01.geo
30022,Weapon_Avatar_Pistol_v2_Laser_RAR_39_to_41,hp_hum_pistol_laser_series2_v01.geo
30023,Weapon_Avatar_Pistol_v2_Laser_RAR_42_to_44,hp_hum_pistol_laser_series2_v01.geo
30024,Weapon_Avatar_Pistol_v2_Laser_RAR_45_to_47,hp_hum_pistol_laser_series2_v01.geo
30025,Weapon_Avatar_Pistol_v2_Laser_RAR_48_to_49,hp_hum_pistol_laser_series2_v01.geo
30026,Weapon_Avatar_Pistol_v2_Laser_RAR_50_to_50,hp_hum_pistol_laser_series2_v01.geo
30027,Weapon_Avatar_Pistol_v2_Laser_UNC_21_to_23,hp_hum_pistol_laser_series2_v01.geo
30028,Weapon_Avatar_Pistol_v2_Laser_UNC_24_to_26,hp_hum_pistol_laser_series2_v01.geo
30029,Weapon_Avatar_Pistol_v2_Laser_UNC_27_to_29,hp_hum_pistol_laser_series2_v01.geo
30030,Weapon_Avatar_Pistol_v2_Laser_UNC_30_to_32,hp_hum_pistol_laser_series2_v01.geo
30031,Weapon_Avatar_Pistol_v2_Laser_UNC_33_to_35,hp_hum_pistol_laser_series2_v01.geo
30032,Weapon_Avatar_Pistol_v2_Laser_UNC_36_to_38,hp_hum_pistol_laser_series2_v01.geo
30033,Weapon_Avatar_Pistol_v2_Laser_UNC_39_to_41,hp_hum_pistol_laser_series2_v01.geo
30034,Weapon_Avatar_Pistol_v2_Laser_UNC_42_to_44,hp_hum_pistol_laser_series2_v01.geo
30035,Weapon_Avatar_Pistol_v2_Laser_UNC_45_to_47,hp_hum_pistol_laser_series2_v01.geo
30036,Weapon_Avatar_Pistol_v2_Laser_UNC_48_to_49,hp_hum_pistol_laser_series2_v01.geo
30037,Weapon_Avatar_Pistol_v2_Laser_UNC_50_to_50,hp_hum_pistol_laser_series2_v01.geo
30038,ArchCormanEmergencyWaterPumpV01Destroyed,arch_corman_emergency_water_pump_v01_destroyed.geo
30039,UsableStatelessNPCAfsMechConstructionV01,creature_human_mech_construction_v01.geo
30042,PropCormanCabinetDestroyedV01,prop_corman_cabinet_destroyed_v01.geo
30043,SkyForeasPalisadesDefaultClouds_Nue,sky_foreas_palisade_default_clouds_nue.geo
30044,SkyAriekiTordenMiresClouds_Nue,sky_arieki_torden_mires_clouds_nue.geo
30045,PropHumFanDestroyedV01,prop_hum_fan_destroyedv01.geo
30046,PropHumanBedDestroyed,prop_hum_bed_destroyed_v01.geo
30047,PropHumPersonalVendorDONOTUSE,prop_hum_personal_vendor_bot_v01.geo
30052,ArchCormanWindmillDestroyedV01,arch_corman_windmill_destroyed_v01.geo
30053,ArchCormanWindmillDestroyedV02,arch_corman_windmill_destroyed_v02.geo
30054,Sky_Foreas_SunShadow_Helper,sky_foreas_sunshadow_helper.geo
30055,FloraForeasCropCornDestroyedV01,flora_foreas_crop_corn_destroyed_v01.geo
30058,FloraForeasCropCornDestroyedV02,flora_foreas_crop_corn_destroyed_v02.geo
30059,FloraForeasCropCornDestroyedV03,flora_foreas_crop_corn_destroyed_v03.geo
30060,FloraForeasCropCornV02,flora_foreas_crop_corn_v02.geo
30061,FloraForeasCropCornV03,flora_foreas_crop_corn_v03.geo
30062,FloraForeasCropCornV04,flora_foreas_crop_corn_v04.geo
30063,FloraForeasCropTeeksV02,flora_foreas_crop_teeks_v02.geo
30064,TEST_Vendor_kgs,ambient_f_medic_monitor_v01.geo
30065,PropHumHighlightDestroyedV03,prop_hum_highlight_destroyed_v03.geo
30066,PropHumHighlightDestroyedV04,prop_hum_highlight_destroyed_v04.geo
30068,ArchBrannTowerCommArcV01,arch_brann_tower_comm_arc_v01.geo
30069,Creature_AccountReward_Resupply_Vendor_Bot,prop_hum_personal_vendor_bot_v01.geo
30073,PAU_Vehicle_GRENDEL,human_pau_grendel_v01.geo
30074,PropHumBaseFlagV01,prop_hum_base_flag_v01.geo
30076,PAU_Vehicle_ORSON,human_pau_orson_v01.geo
30077,PAU_Vehicle_CRAB,human_pau_crab_v01.geo
30078,PAU_Vehicle_CUTTER,human_pau_cutter_v01.geo
30079,PAU_Vehicle_ANGEL,human_pau_angel_v01.geo
30080,Vehicle_Bane_Ravager,creature_thrax_stalker_mini_v01.geo
30081,Bane_Berserker_TEST,creature_bane_overseer_myrquar_v01.geo
30082,SkyAriekiTordenPlainsClouds_Nue,sky_arieki_torden_plains_clouds_nue.geo
30083,SkyAriekiDefaultClouds_Nue,sky_arieki_default_clouds_nue.geo
30084,ArchWardenbotCorridorRoom01PatchV02,arch_wardenbot_corridor_room_01_patch_v02.geo
30085,SkyAriekiTordenMountains_Nue,sky_arieki_torden_mountains.geo
30086,ArchHumGenObjSandbags01V23,prop_hum_sandbags01v23.geo
30087,ArchHumGenObjSandbags01V24,prop_hum_sandbags01v24.geo
30088,ArchBrannPrisonwallStraight0164mV01Destroyed,arch_brann_prisonwall_straight_01_64m_v01_destroyed.geo
30089,Weapon_Avatar_Pistol_v3_laser_CMN_31_to_33,hp_hum_pistol_laser_series2_v01.geo
30090,Weapon_Avatar_Pistol_v3_laser_CMN_34_to_36,hp_hum_pistol_laser_series2_v01.geo
30091,Weapon_Avatar_Pistol_v3_laser_CMN_37_to_39,hp_hum_pistol_laser_series2_v01.geo
30092,Weapon_Avatar_Pistol_v3_laser_CMN_40_to_42,hp_hum_pistol_laser_series2_v01.geo
30093,Weapon_Avatar_Pistol_v3_laser_CMN_43_to_45,hp_hum_pistol_laser_series2_v01.geo
30094,Weapon_Avatar_Pistol_v3_laser_CMN_46_to_48,hp_hum_pistol_laser_series2_v01.geo
30095,Weapon_Avatar_Pistol_v3_laser_CMN_49_to_49,hp_hum_pistol_laser_series2_v01.geo
30096,Weapon_Avatar_Pistol_v3_laser_CMN_50_to_50,hp_hum_pistol_laser_series2_v01.geo
30097,Weapon_Avatar_Pistol_v3_laser_ELT_31_to_33,hp_hum_pistol_laser_series2_v01.geo
30098,Weapon_Avatar_Pistol_v3_laser_ELT_34_to_36,hp_hum_pistol_laser_series2_v01.geo
30099,Weapon_Avatar_Pistol_v3_laser_ELT_37_to_39,hp_hum_pistol_laser_series2_v01.geo
30100,Weapon_Avatar_Pistol_v3_laser_ELT_40_to_42,hp_hum_pistol_laser_series2_v01.geo
30101,Weapon_Avatar_Pistol_v3_laser_ELT_43_to_45,hp_hum_pistol_laser_series2_v01.geo
30102,Weapon_Avatar_Pistol_v3_laser_ELT_46_to_48,hp_hum_pistol_laser_series2_v01.geo
30103,Weapon_Avatar_Pistol_v3_laser_ELT_49_to_49,hp_hum_pistol_laser_series2_v01.geo
30104,Weapon_Avatar_Pistol_v3_laser_ELT_50_to_50,hp_hum_pistol_laser_series2_v01.geo
30105,Weapon_Avatar_Pistol_v3_laser_RAR_31_to_33,hp_hum_pistol_laser_series2_v01.geo
30106,Weapon_Avatar_Pistol_v3_laser_RAR_34_to_36,hp_hum_pistol_laser_series2_v01.geo
30107,Weapon_Avatar_Pistol_v3_laser_RAR_37_to_39,hp_hum_pistol_laser_series2_v01.geo
30108,Weapon_Avatar_Pistol_v3_laser_RAR_40_to_42,hp_hum_pistol_laser_series2_v01.geo
30109,Weapon_Avatar_Pistol_v3_laser_RAR_43_to_45,hp_hum_pistol_laser_series2_v01.geo
30110,Weapon_Avatar_Pistol_v3_laser_RAR_46_to_48,hp_hum_pistol_laser_series2_v01.geo
30111,Weapon_Avatar_Pistol_v3_laser_RAR_49_to_49,hp_hum_pistol_laser_series2_v01.geo
30112,Weapon_Avatar_Pistol_v3_laser_RAR_50_to_50,hp_hum_pistol_laser_series2_v01.geo
30113,Weapon_Avatar_Pistol_v3_laser_UNC_31_to_33,hp_hum_pistol_laser_series2_v01.geo
30114,Weapon_Avatar_Pistol_v3_laser_UNC_34_to_36,hp_hum_pistol_laser_series2_v01.geo
30115,Weapon_Avatar_Pistol_v3_laser_UNC_37_to_39,hp_hum_pistol_laser_series2_v01.geo
30116,Weapon_Avatar_Pistol_v3_laser_UNC_40_to_42,hp_hum_pistol_laser_series2_v01.geo
30117,Weapon_Avatar_Pistol_v3_laser_UNC_43_to_45,hp_hum_pistol_laser_series2_v01.geo
30118,Weapon_Avatar_Pistol_v3_laser_UNC_46_to_48,hp_hum_pistol_laser_series2_v01.geo
30119,Weapon_Avatar_Pistol_v3_laser_UNC_49_to_49,hp_hum_pistol_laser_series2_v01.geo
30120,Weapon_Avatar_Pistol_v3_laser_UNC_50_to_50,hp_hum_pistol_laser_series2_v01.geo
30121,Vehicle_Bane_Stalker_Inflitrator_TEST,Thrax_Stalker_v01.geo
30122,Vehicle_Bane_Predator_Epic,creature_thrax_rendobar_v01.geo
30123,ArchBrannPrisonwallEntranceIrendasV01,arch_brann_prisonwall_entrance_irendas_v01.geo
30124,ArchBrannBarracksIrendasV01Destroyed,arch_brann_barracks_irendas_v01_destroyed.geo
30125,ArchBrannPrisonIrendasV01,arch_brann_prison_irendas_v01.geo
30126,SkyCommonNycSkyline,sky_foreas_default_mountainrange.geo
30127,ArchBrannPrisonwallCorner1016mV02Destroyed,arch_brann_prisonwall_corner_01_16m_v02_destroyed.geo
30128,ArchBrannPrisonwallStraight1016mV02Destroyed,arch_brann_prisonwall_straight_01_16m_v02_destroyed.geo
30129,ArchBrannPrisonwallStraight108mV02Destroyed,arch_brann_prisonwall_straight_01_8m_v02_destroyed.geo
30130,SkyEarthNycSkyline,sky_common_nycskyline.geo
30132,Bane_Hunter_Lightning_Miniboss_EPIC,creature_bane_hunter_v03.geo
30134,UseableThreeStateHumanMechHologram,creature_human_mech_hologram.geo
30136,Redshirt_Human_Swapset_Female_Boss,avatar_hum_f_nude_caucasian_v01.geo
30137,Redshirt_Human_Swapset_Male_Boss,avatar_hum_m_nude_caucasian_v01.geo
30138,NPCElohObeliskV01,arch_eloh_obelisk_v02.geo
30139,ArchEarthStreetBroken01V01,arch_earth_street_broken_01_v01.geo
30140,ArchEarthPavementStraightV04,arch_earth_pavement_straight_01_v04.geo
30141,ArchEarthPavementStraightV05,arch_earth_pavement_straight_01_v05.geo
30142,SkyEarthDefaultMoon,sky_earth_default_moon.geo
30143,SkyEarthDefaultMoonMatte,sky_common_earthmoon_matte.geo
30144,ArchEarthStreetPiece01V01,arch_earth_street_piece_01_v01.geo
30145,ArchEarthPavementTurn01V01,arch_earth_pavement_turn_01_v01.geo
30146,ArchEarthPavementTurn01V02,arch_earth_pavement_turn_01_v02.geo
30147,ArchEarthMidgroundNYCBuildingsAllOne,arch_earth_midground_nycbuildings_onepiece.geo
30148,ArchEarthBuildingDestroyedV01,arch_earth_building_destroyed_v01.geo
30154,ArchEarthBuildingDestroyedV02,arch_earth_building_destroyed_v02.geo
30156,UsableControlPointWardenbotComputerSwitch_Raksha_DONOTUSE,prop_wardenbot_keycard_scanner_v02.geo
30157,PropEarthSubwayCarV01,prop_earth_subway_car_v01.geo
30158,PropEarthSubwayCarV02,prop_earth_subway_car_v02.geo
30160,PropEarthColumnV01,prop_earth_column_v01.geo
30161,ArchEarthMidgroundNYCBuildingsV00,arch_earth_midground_nycbuildings_v00.geo
30162,PropEarthStoplightV01,prop_earth_stoplight_v01.geo
30163,ArchEarthMidgroundNYCBuildingsV01,arch_earth_midground_nycbuildings_v01.geo
30164,ArchEarthMidgroundNYCBuildingsV02,arch_earth_midground_nycbuildings_v02.geo
30165,ArchEarthMidgroundNYCBuildingsV03,arch_earth_midground_nycbuildings_v03.geo
30166,ArchEarthMidgroundNYCBuildingsV04,arch_earth_midground_nycbuildings_v04.geo
30167,ArchEarthMidgroundNYCBuildingsV05,arch_earth_midground_nycbuildings_v05.geo
30168,ArchEarthMidgroundNYCBuildingsV06,arch_earth_midground_nycbuildings_v06.geo
30169,ArchEarthMidgroundNYCBuildingsV07,arch_earth_midground_nycbuildings_v07.geo
30170,ArchEarthMidgroundNYCBuildingsV08,arch_earth_midground_nycbuildings_v08.geo
30171,ArchEarthMidgroundNYCBuildingsV09,arch_earth_midground_nycbuildings_v09.geo
30172,ArchEarthMidgroundNYCBuildingsV10,arch_earth_midground_nycbuildings_v10.geo
30173,ArchEarthMidgroundNYCBuildingsV11,arch_earth_midground_nycbuildings_v11.geo
30174,ArchEarthMidgroundNYCBuildingsV12,arch_earth_midground_nycbuildings_v12.geo
30175,ArchEarthMidgroundNYCBuildingsV13,arch_earth_midground_nycbuildings_v13.geo
30176,ArchEarthMidgroundNYCBuildingsV14,arch_earth_midground_nycbuildings_v14.geo
30177,ArchEarthMidgroundNYCBuildingsV15,arch_earth_midground_nycbuildings_v15.geo
30178,ArchEarthMidgroundNYCBuildingsV16,arch_earth_midground_nycbuildings_v16.geo
30179,ArchEarthMidgroundNYCBuildingsV17,arch_earth_midground_nycbuildings_v17.geo
30180,ArchEarthMidgroundNYCBuildingsV18,arch_earth_midground_nycbuildings_v18.geo
30181,ArchEarthMidgroundNYCBuildingsV19,arch_earth_midground_nycbuildings_v19.geo
30182,PropEarthStoplightV02,prop_earth_stoplight_v02.geo
30183,PropEarthSlabV01,prop_earth_broken_slab_v01.geo
30184,ArchEarthStreetStraight01V01,arch_earth_street_straight_01_v01.geo
30186,PropEarthBarrelv01,prop_earth_barrel_v01.geo
30187,PropEarthBarrelv02,prop_earth_barrel_v02.geo
30188,PropEarthTrashcanV01,prop_earth_trashcan_v01.geo
30189,Bane_Howler_Lightning_MiniBoss_EPIC,creature_bane_howler_v03.geo
30190,ArchHumOutpostFenceStraight32V02Damaged_IrendasDynamic,arch_hum_outpost_fence_straight_32_v03_damaged.geo
30191,Redshirt_Creature_AFS_Junkbot,creature_bot_junkbucket_v01.geo
30192,PropEarthMailboxV01,prop_earth_mailbox_v01.geo
30193,PropEarthPayphoneV01,prop_earth_payphone_v01.geo
30194,PropEarthCarRustedV01,prop_earth_car_rusted_v01.geo
30195,Bane_Pyroglazer,creature_bane_nitroglazer_v01.geo
30196,Bane_Pyroglazer_Boss,creature_bane_nitroglazer_v01.geo
30197,ArchEarthStreetCross01V01,arch_earth_street_cross_01_v01.geo
30199,VfxEarthSmokePlumev01,vfx_earth_smokeplume_v01.geo
30200,VfxEarthFogFlat32mx32m,vfx_earth_fog_flat_32x32.geo
30201,VfxEarthAshRainv01,vfx_earth_raining_ash_32x32.geo
30202,VfxEarthPapersDustv01,vfx_earth_dust_papers_32x32.geo
30203,PropEarthCarTaxi,vehicle_hum_taxidestroyed_v01.geo
30204,Weapon_Avatar_MachineGun_v3_Physical_CMN_37_to_39,hp_hum_machinegun_physical_series3_holstered_v01.geo
30205,Weapon_Avatar_MachineGun_v3_Physical_CMN_40_to_42,hp_hum_machinegun_physical_series3_holstered_v01.geo
30206,Weapon_Avatar_MachineGun_v3_Physical_CMN_43_to_45,hp_hum_machinegun_physical_series3_holstered_v01.geo
30207,Weapon_Avatar_MachineGun_v3_Physical_CMN_46_to_48,hp_hum_machinegun_physical_series3_holstered_v01.geo
30208,Weapon_Avatar_MachineGun_v3_Physical_CMN_49_to_49,hp_hum_machinegun_physical_series3_holstered_v01.geo
30209,Weapon_Avatar_MachineGun_v3_Physical_CMN_50_to_50,hp_hum_machinegun_physical_series3_holstered_v01.geo
30210,Weapon_Avatar_MachineGun_v3_Physical_ELT_37_to_39,hp_hum_machinegun_physical_series3_holstered_v01.geo
30211,Weapon_Avatar_MachineGun_v3_Physical_ELT_40_to_42,hp_hum_machinegun_physical_series3_holstered_v01.geo
30212,Weapon_Avatar_MachineGun_v3_Physical_ELT_43_to_45,hp_hum_machinegun_physical_series3_holstered_v01.geo
30213,Weapon_Avatar_MachineGun_v3_Physical_ELT_46_to_48,hp_hum_machinegun_physical_series3_holstered_v01.geo
30214,Weapon_Avatar_MachineGun_v3_Physical_ELT_49_to_49,hp_hum_machinegun_physical_series3_holstered_v01.geo
30215,Weapon_Avatar_MachineGun_v3_Physical_ELT_50_to_50,hp_hum_machinegun_physical_series3_holstered_v01.geo
30216,Weapon_Avatar_MachineGun_v3_Physical_RAR_37_to_39,hp_hum_machinegun_physical_series3_holstered_v01.geo
30217,Weapon_Avatar_MachineGun_v3_Physical_RAR_40_to_42,hp_hum_machinegun_physical_series3_holstered_v01.geo
30218,Weapon_Avatar_MachineGun_v3_Physical_RAR_43_to_45,hp_hum_machinegun_physical_series3_holstered_v01.geo
30219,Weapon_Avatar_MachineGun_v3_Physical_RAR_46_to_48,hp_hum_machinegun_physical_series3_holstered_v01.geo
30220,Weapon_Avatar_MachineGun_v3_Physical_RAR_49_to_49,hp_hum_machinegun_physical_series3_holstered_v01.geo
30221,Weapon_Avatar_MachineGun_v3_Physical_RAR_50_to_50,hp_hum_machinegun_physical_series3_holstered_v01.geo
30222,Weapon_Avatar_MachineGun_v3_Physical_UNC_37_to_39,hp_hum_machinegun_physical_series3_holstered_v01.geo
30223,Weapon_Avatar_MachineGun_v3_Physical_UNC_40_to_42,hp_hum_machinegun_physical_series3_holstered_v01.geo
30224,Weapon_Avatar_MachineGun_v3_Physical_UNC_43_to_45,hp_hum_machinegun_physical_series3_holstered_v01.geo
30225,Weapon_Avatar_MachineGun_v3_Physical_UNC_46_to_48,hp_hum_machinegun_physical_series3_holstered_v01.geo
30226,Weapon_Avatar_MachineGun_v3_Physical_UNC_49_to_49,hp_hum_machinegun_physical_series3_holstered_v01.geo
30227,Weapon_Avatar_MachineGun_v3_Physical_UNC_50_to_50,hp_hum_machinegun_physical_series3_holstered_v01.geo
30228,PropEarthBusStop,prop_earth_busstop_v01.geo
30229,ArchEarthBuildingDestroyedV03,arch_earth_building_destroyed_v03.geo
30230,PropEarthBusV01,prop_earth_bus_v01.geo
30231,PAU_Vehicle_GHOUL,human_pau_ghoul_v01.geo
30232,PropEarthHydrant,prop_earth_hydrant_v01.geo
30233,Weapon_Avatar_RocketLauncher_v3_Physical_CMN_44_to_46,hp_hum_rocketlauncher_physical_heavy_v01.geo
30234,Weapon_Avatar_RocketLauncher_v3_Physical_CMN_47_to_49,hp_hum_rocketlauncher_physical_heavy_v01.geo
30235,Weapon_Avatar_RocketLauncher_v3_Physical_CMN_50_to_50,hp_hum_rocketlauncher_physical_heavy_v01.geo
30236,Weapon_Avatar_RocketLauncher_v3_Physical_ELT_44_to_46,hp_hum_rocketlauncher_physical_heavy_v01.geo
30237,Weapon_Avatar_RocketLauncher_v3_Physical_ELT_47_to_49,hp_hum_rocketlauncher_physical_heavy_v01.geo
30238,Weapon_Avatar_RocketLauncher_v3_Physical_ELT_50_to_50,hp_hum_rocketlauncher_physical_heavy_v01.geo
30239,Weapon_Avatar_RocketLauncher_v3_Physical_RAR_44_to_46,hp_hum_rocketlauncher_physical_heavy_v01.geo
30240,Weapon_Avatar_RocketLauncher_v3_Physical_RAR_47_to_49,hp_hum_rocketlauncher_physical_heavy_v01.geo
30241,Weapon_Avatar_RocketLauncher_v3_Physical_RAR_50_to_50,hp_hum_rocketlauncher_physical_heavy_v01.geo
30242,Weapon_Avatar_RocketLauncher_v3_Physical_UNC_44_to_46,hp_hum_rocketlauncher_physical_heavy_v01.geo
30243,Weapon_Avatar_RocketLauncher_v3_Physical_UNC_47_to_49,hp_hum_rocketlauncher_physical_heavy_v01.geo
30244,Weapon_Avatar_RocketLauncher_v3_Physical_UNC_50_to_50,hp_hum_rocketlauncher_physical_heavy_v01.geo
30245,ArchEarthCorridorSubwayStraight32mV01,arch_earth_corridor_subway_straight_32m_v01.geo
30251,TEST_Mount_Turret,test_mount_turret_v01.geo
30253,PropEarthPayphoneV02,prop_earth_payphone_v02.geo
30255,PropEarthStreetlightV01,prop_earth_streetlight_v01.geo
30256,ArchEarthBarnV01,arch_earth_barn_v01.geo
30260,PropWardenbotGeneratorDestroyedV02,prop_wardenbot_generator_v02_destroyed.geo
30261,TEST_MorphTemplateOne,prop_hum_bomb_v02_horiz.geo
30262,ArchEarthCorridorSubwayStraight32mV02,arch_earth_corridor_subway_straight_32m_v02.geo
30263,Weapon_Avatar_TargetPainter_TEST,hp_hum_rocketlauncher_electric.geo
30264,Weapon_Avatar_GrenadeLauncher_EPIC_TEST,hp_hum_grenadelauncher_epic_v01.geo
30265,Weapon_Avatar_InjectionGun_Epic_TEST,hp_hum_injectiongun_epic_v01.geo
30266,Weapon_Avatar_Rifle_Electric_Epic_TEST,hp_hum_rifle_epic_v01.geo
30267,Weapon_Avatar_Pistol_Epic_Test,hp_hum_pistol_epic_v01.geo
30268,Weapon_Avatar_Shotgun_v1_Epic_TEST,hp_hum_shotgun_epic_v01.geo
30269,Weapon_Avatar_RocketLauncher_Epic_TEST,hp_hum_rocketlauncher_epic_v01.geo
30270,Weapon_Avatar_PropellantGun_Epic_TEST,hp_hum_propellant_gun_epic_v01.geo
30271,Weapon_Avatar_PolarityGun_Epic_TEST,hp_hum_polaritygun_epic_v01.geo
30272,ArchEarthFireEscape6m,arch_earth_fire_escape_3m.geo
30273,ArchEarthFireEscape6mx4tall,arch_earth_fire_escape_3m_4tall.geo
30274,PropEarthAwningRed,prop_earth_awning_red_4m.geo
30275,PropEarthAwningGreen,prop_earth_awning_green_4m.geo
30276,PropEarthAwningPurple,prop_earth_awning_purple_4m.geo
30277,PropEarthAwningGreenDestroyedv01,prop_earth_awning_green_4m_destroyed_v01.geo
30278,PropEarthAwningGreenDestroyedv02,prop_earth_awning_green_4m_destroyed_v02.geo
30279,PropEarthAwningPurpleDestroyedv01,prop_earth_awning_purple_4m_destroyed_v01.geo
30280,PropEarthAwningPurpleDestroyedv02,prop_earth_awning_purple_4m_destroyed_v02.geo
30281,PropEarthAwningRedDestroyedv01,prop_earth_awning_red_4m_destroyed_v01.geo
30282,PropEarthAwningRedDestroyedv02,prop_earth_awning_red_4m_destroyed_v02.geo
30283,PropEarthAwningNoCloth,prop_earth_awning_no_cloth.geo
30284,ArchEarthStreetCross01V02,arch_earth_street_cross_01_v02.geo
30286,ArchEarthStreetStraight01V02,arch_earth_street_straight_01_v02.geo
30287,ArchEarthStreetCross01V03,arch_earth_street_cross_01_v03.geo
30288,ArchEarthCorridorSubwayCoupler8mV01,arch_earth_corridor_subway_coupler_8m_v01.geo
30289,PropHumWormholeConstructionV01,prop_hum_wormhole_construction_v01.geo
30290,ArchEarthStreetTee01V01,arch_earth_street_tee_01_v01.geo
30291,ArchEarthStreetTee01V02,arch_earth_street_tee_01_v02.geo
30292,ArchEarthStreetTee01V03,arch_earth_street_tee_01_v03.geo
30293,ArchEarthDebrisWallV01,arch_earth_junkpile_v01.geo
30295,ArchEarthCorridorSubwayEndcap8mV02,arch_earth_corridor_subway_endcap_8m_v02.geo
30296,ArchEarthCorridorSubwaySpacer32mv01,arch_earth_corridor_subway_spacer_32m_v01.geo
30297,ArchEarthCorridorSubwaySpacer32mV02,arch_earth_corridor_subway_spacer_32m_v02.geo
30298,ArchEarthCorridorSubwayStraight32mV03,arch_earth_corridor_subway_straight_32m_v03.geo
30299,ArchEarthCorridorSubwayTurn80mV01,arch_earth_corridor_subway_turn_80m_v01.geo
30300,ArchEarthCorridorSubwayEndcap8mV01,arch_earth_corridor_subway_endcap_8m_v01.geo
30301,ArchEarthCorridorSubwayCoupler8mV02,arch_earth_corridor_subway_coupler_8m_v02.geo
30302,ArchEarthCorridorSubwayEndcap8mV03,arch_earth_corridor_subway_endcap_8m_v03.geo
30303,ArchEarthDebrisWallV02,arch_earth_debris_wall_v02.geo
30304,ArchEarthCorridorSubwayEndcap8mv04,arch_earth_corridor_subway_endcap_8m_v04.geo
30305,PropEarthDebrisIBeamV01,prop_earth_debris_v02.geo
30306,PropEarthDebrisConcreteSlabV01,prop_earth_debris_v03.geo
30307,PropEarthDebrisRebarColumnV01,prop_earth_debris_v04.geo
30308,PropEarthDebrisRebarCageV01,prop_earth_debris_v05.geo
30309,PropEarthDebrisConcreteSlabV02,prop_earth_debris_v06.geo
30310,PropEarthDebrisConcreteSlabV03,prop_earth_debris_v07.geo
30311,ArchEarthCorridorSubwayStraight32mV04,arch_earth_corridor_subway_straight_32m_v04.geo
30312,ArchHumVehicleTransitPoint,arch_hum_vehicle_transit_point_v01.geo
30313,Test_Weapon_Avatar_Rifle_Physical_V3,hp_hum_rifle_physical_v01.geo
30314,Test_Weapon_Avatar_Rifle_EMP_V2,hp_hum_rifle_emp_v01.geo
30315,ArchEarthMetLifeTowerV01,arch_earth_metlifetower_v01.geo
30317,ArchEarthBuildingV01,arch_earth_building_v01.geo
30318,ArchEarthBuildingPlugV01,arch_earth_building_plug_v01.geo
30319,ArchEarthBuildingPlugV02,arch_earth_building_plug_v02.geo
30320,ArchEarthBuildingPlugV03,arch_earth_building_plug_v03.geo
30321,ArchEarthBuildingPlugV04,arch_earth_building_plug_v04.geo
30322,ArchHumOutpostBunkerSandbagsV05,arch_hum_outpost_bunker_sandbags_v05.geo
30323,ArchEarthMetLifeTowerTopV01,arch_earth_metlifetowertop_v01.geo
30325,ArchEarthBuildingPlugV05,arch_earth_building_plug_v05.geo
30326,Bane_Seeker_Boss,creature_bane_gridbug_v01.geo
30347,PropEarthDeliveryTruckWreckWhiteV01,prop_earth_delivery_truck_wreck_v01.geo
30387,ArchEarthBuildingPlugV06,arch_earth_building_plug_v06.geo
30388,SkyEarthNycEmpireStateBldg,sky_earth_nyc_empirestatebldg.geo
30391,ArchEarthBuildingV01Top,arch_earth_building_v01_top.geo
30392,PropEarthDeliveryVanWreckBrownV01,prop_earth_delivery_van_wreck_v01.geo
30393,PropEarthCarWreckBlackV01,prop_earth_car_wreck_v01.geo
30394,ArchEarthBuildingV02,arch_earth_building_v02.geo
30395,ArchEarthBuildingV02Top,arch_earth_building_v02_top.geo
30396,ArchEarthEmpireStateV01,arch_earth_empirestate_v01.geo
30397,PropEarthTreeIntactV01,prop_earth_tree_intact_v01.geo
30398,PropEarthTreeBurnedV01,prop_earth_tree_burned_v01.geo
30399,FloraEarthGenTree02V01,flora_earth_gen_tree02_v01.geo
30405,ArchEarthStreetCross01V02_Destroyed,arch_earth_street_cross_01_v02_destroyed.geo
30406,ArchElohLogosSignEarth,arch_eloh_logos_sign_earth.geo
30407,ItemElohLogosEarth,item_crate_hum_v01.geo
30408,UsableItemDispElohLogosEarthV01,arch_eloh_logos_earth_v01.geo
30411,PropEarthStoplightV02Animated,prop_earth_stoplight_v02_animated.geo
30412,ArchEarthBuildingV03,arch_earth_building_v03.geo
30413,ArchEarthCorridorSubwaySpacer32mV03,arch_earth_corridor_subway_spacer_32m_v03.geo
30414,TEST_MMoore_Turret_Base,prop_hum_turret_platform_v01.geo
30415,EPIC_Caretaker,creature_bane_caretaker_v03.geo
30416,EPIC_Thrax_Grenadier,creature_thrax_lieutenant_v03.geo
30417,EPIC_Thrax_Soldier_Pistol,creature_thrax_soldier_v04_pistol.geo
30418,EPIC_Thrax_Soldier_Rifle,creature_thrax_soldier_v04_rifle.geo
30419,EPIC_Thrax_Technician,creature_thrax_technician_v02.geo
30420,PropEarthLamppostV01,prop_earth_lamppost_v01.geo
30421,TEST_KGS_Mechpad,creature_thrax_soldier_grunt_v01.geo
30422,Weapon_Creature_Bane_Pistol_V02,hp_thrax_soldier_pistol_v02.geo
30423,PropEarthPlanterboxV01,prop_earth_planterbox_v01.geo
30424,PropEarthPlanterboxV02,prop_earth_planterbox_v02.geo
30425,ArchEarthStreetStraight01V02Destroyed,arch_earth_street_straight_01_v02_destroyed.geo
30426,ArchEarthFencePark8m,arch_earth_fence_park_8m.geo
30427,ArchEarthFencePark32m,arch_earth_fence_park_32m.geo
30428,ArchEarthFencePark8mBroken,arch_earth_fence_park_8m_broken.geo
30429,ArchEarthFencePark1mBroken,arch_earth_fence_park_broken_1m.geo
30430,ArchEarthFencePark3mTurnLeft,arch_earth_fence_park_turn_left_3m.geo
30431,ArchEarthFencePark3mTurnRight,arch_earth_fence_park_turn_right_3m.geo
30432,ArchEarthFencePost,arch_earth_fence_park_post.geo
30433,PropEarthBench3m,prop_earth_park_bench_3m.geo
30434,PropEarthBench12m,prop_earth_park_bench_12m.geo
30435,PropEarthParkingMeterV01,prop_earth_parking_meter_v01.geo
30436,PropEarthCarRustedBlueV01,prop_earth_car_rusted_v01.geo
30437,PropEarthCarRustedWhiteV01,prop_earth_car_rusted_v01.geo
30438,PropEarthCarRustedRedV01,prop_earth_car_rusted_v01.geo
30439,PropEarthCarWreckGreenV01,prop_earth_car_wreck_v01.geo
30440,PropEarthDeliveryVanWreckWhiteV01,prop_earth_delivery_van_wreck_v01.geo
30441,PropEarthMSPStatueRoscoe,prop_earth_park_statue_roscoe.geo
30442,PropEarthMSPStatueGlascow,prop_earth_park_statue_glascow.geo
30443,Weapon_Creature_Thrax_Technician_V02,hp_thrax_soldier_pistol_v02.geo
30445,TEST_Creature_Tesla_Coil,arch_bane_outpost_teslacoil.geo
30446,Weapon_Creature_Bane_Grenade_V02,hp_bane_launcher_v02.geo
30447,Weapon_Creature_Bane_Rifle_V02,hp_thrax_soldier_rifle_v02.geo
30448,SkyEarthNycEmpireStateBldgLOD0,sky_earth_nyc_empirestatebldg_lod0.geo
30449,SkyEarthNycCryslerBldg,sky_earth_nyc_chryslerbldg_lod0.geo
30450,SkyEarthNycCryslerBldgLOD1,sky_earth_nyc_chryslerbldg_lod1.geo
30451,PropEarthCityBusWreckV01,prop_earth_citybus_wreck_v01.geo
30452,PropEarthStoplightV01Animated,prop_earth_stoplight_v01_animated.geo
30453,PropEarthStoplightLeaningV01,prop_earth_stoplight_leaning_v01.geo
30454,PropEarthStoplightLeaningV02,prop_earth_stoplight_leaning_v02.geo
30455,PropEarthCarWreckBlueV02,prop_earth_car_wreck_v02.geo
30457,PropHumHolidayLightsString8M,prop_hum_holiday_lights_string_v01_8m.geo
30458,PropHumHolidayLightsString16M,prop_hum_holiday_lights_string_v01_16m.geo
30460,DELETE_UsableTreasureDispElohReliquary_Gold,arch_eloh_reliquary_v01.geo
30461,PropEarthStoplightV03,prop_earth_stoplight_v03.geo
30462,PropEarthStoplightPoleV02,prop_earth_stoplight_pole_v02.geo
30463,PropEarthStoplightFixtureV01,prop_earth_stoplight_fixture_v01.geo
30464,UsableOwnableMechStation,arch_hum_vehicle_transit_point_v01.geo
30465,ArchEarthBuildingDestroyedCloseupV01,arch_earth_building_destroyed_closeup_v01.geo
30468,Test_Weapon_Avatar_Torqueshell_Pistol_V2_Fire,hp_hum_torquepistol_fire_v01.geo
30469,ArchEarthLibertyV01,arch_earth_liberty_v01.geo
30470,EVENT_Attack_TwoState_Light,prop_hum_loudspeaker_v01.geo
30471,EVENT_TwoStateHumAlarmLight_DELETE,prop_hum_light_alarm_v01.geo
30472,ArchHumCorrRoomStraight64mV14,arch_hum_corr_room_straight_64m_v14.geo
30473,PropEarthSignStopV01,prop_earth_sign_stop_v01.geo
30474,PropEarthSignStopV02,prop_earth_sign_stop_v02.geo
30475,PropEarthSignOnewayV01,prop_earth_sign_oneway_v01.geo
30476,ArchHumCorrRoomOfficeV11,arch_hum_corr_room_office_v11.geo
30477,PropEarthStreetlightV02,prop_earth_streetlight_v02.geo
30478,PropEarthStreetlightV03,prop_earth_streetlight_v03.geo
30479,PropEarthSignStopV01Destroyed,prop_earth_sign_stop_v01_destroyed.geo
30480,PropEarthSignSignalV01,prop_earth_sign_signal_v01.geo
30544,PropEarthSignYieldV01,prop_earth_sign_yield_v01.geo
30545,PropEarthSignArrowV01,prop_earth_sign_arrow_v01.geo
30548,AccountReward_Weapon_Avatar_Snowball_Launcher,hp_hum_grenadelauncher_snowball_v01.geo
30549,FloraEarthTreeV01Destroyed,flora_earth_tree_v01_destroyed.geo
30550,FloraEarthTreeV02Destroyed,flora_earth_tree_v02_destroyed.geo
30551,UsableInertDestWardenbotPylonV01TEST,prop_wardenbot_patch_pylon_v01_test.geo
30552,FloraEarthTreeV03Destroyed,flora_earth_tree_v03_destroyed.geo
30554,PAU_Vehicle_VULCAN,human_pau_vulcan_v01.geo
30555,TEST_Creature_Arieki_Bomb_Bot,creature_arieki_bot_bomb_v01.geo
30556,ArchEarthCorridorSubwayStraight32mV05,arch_earth_corridor_subway_straight_32m_v05.geo
30557,ArchEarthCorridorSubwayCorner8mV01,arch_earth_corridor_subway_corner_8m_v01.geo
30558,ArchEarthCorridorSubwayCorner8mV02,arch_earth_corridor_subway_corner_8m_v02.geo
30559,ArchEarthCorridorSubwaySpacer32mV04,arch_earth_corridor_subway_spacer_32m_v04.geo
30561,ArchEarthCorridorSubwayStraight32mV06,arch_earth_corridor_subway_straight_32m_v06.geo
30562,ArchEarthCorridorSubwayStraight32mV07,arch_earth_corridor_subway_straight_32m_v07.geo
30563,WaterEarthDeepWater128mDark,water_deep_ripples_128x128.geo
30564,PropEarthGeneratorV01,prop_earth_generator_v01.geo
30565,ArchEarthCorridorSubwayStraight32mV08,arch_earth_corridor_subway_straight_32m_v08.geo
30567,ArchEarthCorridorSubwayCoupler8mV03,arch_earth_corridor_subway_coupler_8m_v03.geo
30568,ArchEarthCorridorSubwayCoupler8mV04,arch_earth_corridor_subway_coupler_8m_v04.geo
30569,SkyEarthNycFreedomTower,sky_earth_nyc_freedomtower.geo
30570,ArchEarthCorridorSubwayCorner8mV03,arch_earth_corridor_subway_corner_8m_v03.geo
30571,ArchEarthCorridorSubwayCorner8mV04,arch_earth_corridor_subway_corner_8m_v04.geo
30572,ArchEarthCorridorSubwayCorner8mV05,arch_earth_corridor_subway_corner_8m_v05.geo
30573,ArchEarthCorridorSubwayCorner8mV06,arch_earth_corridor_subway_corner_8m_v06.geo
30574,ArchEarthCorridorSubwaySpacer32mV05,arch_earth_corridor_subway_spacer_32m_v05.geo
30575,ArchEarthCorridorSubwaySpacer32mV06,arch_earth_corridor_subway_spacer_32m_v06.geo
30588,ArchHumFortWallThunderheadBaseV03,arch_hum_fort_wall_thunderhead_base_v03.geo
30589,Test_Shard_Bomb,arch_bane_shard.geo
30592,ArchHumFortWallThunderheadBaseV04,arch_hum_fort_wall_thunderhead_base_v04.geo
30619,Ambient_Pet_Cavern_Creepa,creature_arieki_creepa_v01.geo
30620,Ambient_Pet_Geyser_Hopper,creature_arieki_geyser_hopper_v01.geo
30621,Ambient_Pet_Grisel,creature_bane_grisel_v01.geo
30622,Ambient_Pet_Kalastride,creature_arieki_kalastride_v01.geo
30623,Ambient_Pet_Lavar,creature_arieki_lavar_v01.geo
30624,Ambient_Pet_Lognar,creature_foreas_lognar_v01.geo
30625,Ambient_Pet_Mush_Digger,creature_mycon_mushdigger_v01.geo
30626,Ambient_Pet_Rhegit,creature_foreas_rhegit_v01.geo
30627,Ambient_Pet_Salvage_Bot_Reconstructor,creature_arieki_bot_reconstructor_salvage_v01.geo
30628,Ambient_Pet_Skitterin,creature_foreas_skitterin_v01.geo
30629,Ambient_Pet_Spore_Hitcher,creature_mycon_sporehitcher_v01.geo
30630,Ambient_Pet_Swamp_Rat,creature_foreas_swamp_rat_v01.geo
30631,Ambient_Pet_Yimma,creature_foreas_yimma_v01.geo
30645,ArchHumOutpostFenceStraight32V04,arch_hum_outpost_fence_straight_32_v04.geo
30646,UsableTwoStateHumToroidCannonv02,arch_hum_toroid_cannon_v02.geo
30647,ArchHumFortCatwalkForeasBaseV02,arch_hum_fort_catwlk_foreas_base_v02.geo
30649,ArchHumOutpostFenceStraight32V03Damaged,arch_hum_outpost_fence_straight_32_v03_damaged.geo
30650,ArchHumOutpostFenceStraight4V03,arch_hum_outpost_fence_straight_4_v03.geo
30652,Weapon_PAU_ANGEL_LeechGun_Physical,hp_hum_densitygun_physical_v01.geo
30666,Weapon_Avatar_Sunset_Blade_Laser_MisterGlass,hp_hum_sword_laser_v01.geo
30667,Weapon_Avatar_Sunset_GrenadeLauncher_Sonic_Jarvis,hp_hum_grenadelauncher_sonic.geo
30668,Weapon_Avatar_Sunset_InjectionGun_Virulent_Andriss,hp_hum_injectiongun_viral.geo
30669,Weapon_Avatar_Sunset_LeechGun_Physical_Rokanov,hp_hum_densitygun_physical_v01.geo
30670,Weapon_Avatar_Sunset_MachineGun_Electric_Valashar,hp_hum_machinegun_electric.geo
30671,Weapon_Avatar_Sunset_NetGun_Ice_DeadRinger,hp_hum_netgun_ice_v01.geo
30672,Weapon_Avatar_Sunset_MachineGun_v2_Physical_Fuzzball,hp_hum_machinegun_physical_series2_v01.geo
30673,Weapon_Avatar_Sunset_MachineGun_v3_Physical_Lanster,hp_hum_machinegun_physical_series3_holstered_v01.geo
30674,Weapon_Avatar_Sunset_Pistol_Sonic_Adele,hp_hum_pistol_physical_v01.geo
30675,Weapon_Avatar_Sunset_Pistol_v2_Laser_Klauen,hp_hum_pistol_laser_series2_v01.geo
30676,Weapon_Avatar_Sunset_Pistol_v3_Laser_Grahamgraham,hp_hum_pistol_laser_series2_v01.geo
30677,Weapon_Avatar_Sunset_PolarityGun_Fire_Erisson,hp_hum_polaritygun_fire.geo
30678,Weapon_Avatar_Sunset_PropellantGun_Fire_Adree,hp_hum_propellant_gun_fire.geo
30679,Weapon_Avatar_Sunset_Rifle_Sonic_Ichiro,hp_hum_rifle_sonic_v01.geo
30680,Weapon_Avatar_Sunset_RocketLauncher_Laser_Atreties,hp_hum_rocketlauncher_laser.geo
30681,Weapon_Avatar_Sunset_RocketLauncher_v2_Physical_Talonus,hp_hum_rocketlauncher_physical_medium_v01.geo
30682,Weapon_Avatar_Sunset_RocketLauncher_v3_Physical_Mcloskey,hp_hum_rocketlauncher_physical_heavy_v01.geo
30683,Weapon_Avatar_Sunset_Shotgun_v1_Ice_Arion,hp_hum_shotgun_ice.geo
30684,Weapon_Avatar_Sunset_Shotgun_v2_Fire_Tankhardrive,hp_hum_shotgun_fire_medium.geo
30685,Weapon_Avatar_Sunset_Shotgun_v3_Fire_Vortech,hp_hum_shotgun_fire_heavy.geo
30686,Weapon_Avatar_Sunset_Staff_Fire_Tankenstein,hp_hum_staff_fire_v01.geo
30687,Weapon_Avatar_Sunset_Torqueshell_Rifle_Physical_Adele,hp_hum_sniperrifle_physcial.geo
30688,Weapon_Avatar_Sunset_Field_Repair_Direct_Boinger,hp_hum_field_repair.geo
30689,Weapon_Avatar_Sunset_Healing_Disc_Direct_Cyxult,hp_hum_tool_healing_disc_v01.geo
30690,Weapon_Avatar_Sunset_Healing_Disc_Area_Ravensberg,hp_hum_tool_healing_disc_v01.geo
30691,Weapon_Avatar_Sunset_Field_Repair_Area_Dralnu,hp_hum_field_repair.geo
30692,Weapon_Avatar_Sunset_Rifle_Laser_Bethel,hp_hum_rifle_laser_v01.geo
30693,Weapon_Avatar_Sunset_PolarityGun_Ice_Chandler,hp_hum_propellant_gun_ice.geo
30694,Weapon_Avatar_Sunset_InjectionGun_Fire_Wepdesign,hp_hum_injectiongun_fire_v01.geo
30695,Weapon_Avatar_Sunset_Blade_Ice_Gangrel,hp_hum_sword_ice_v01.geo
30696,Weapon_Avatar_Sunset_InjectionGun_Ice_Apsalar,hp_hum_injectiongun_ice_v01.geo
30697,Weapon_Avatar_Sunset_PolarityGun_Electric_Lomez,hp_hum_polaritygun_electric_v01.geo
30698,Weapon_Avatar_Sunset_MachineGun_v2_Physical_Teskon,hp_hum_machinegun_physical_series2_v01.geo
30699,Weapon_Avatar_Sunset_Field_Repair_Direct_Yolegion,hp_hum_field_repair.geo
30700,Weapon_Avatar_Sunset_LeechGun_Fire_Plukh,hp_hum_densitygun_fire.geo
30701,Weapon_Avatar_Sunset_LeechGun_Ice_Shawn,hp_hum_densitygun_ice.geo
30702,Weapon_Avatar_Sunset_NetGun_Electric_Shuttler,hp_hum_netgun_electric_v01.geo
30703,Weapon_Avatar_Sunset_RocketLauncher_v3_Physical_HeavyTank,hp_hum_rocketlauncher_physical_heavy_v01.geo
30704,Weapon_Avatar_Sunset_GrenadeLauncher_Fire_LorDragon,hp_hum_grenadelauncher_fire.geo
30705,Weapon_Avatar_Sunset_PropellantGun_Ice_Oyoel,hp_hum_propellant_gun_ice.geo
30706,Weapon_Avatar_Sunset_Staff_Ice_Babinski,hp_hum_staff_ice_v01.geo
30707,Weapon_Avatar_Sunset_Torqueshell_Rifle_Laser_Line,hp_hum_sniperrifle_laser.geo
30708,Weapon_Avatar_Sunset_Blade_Fire_Zekkangel,hp_hum_sword_fire_v01.geo
30709,Weapon_Avatar_Sunset_GrenadeLauncher_Physical_Kstor9,hp_hum_grenadelauncher_physical_v01.geo
30710,Weapon_Avatar_Sunset_NetGun_Electric_Chipacola,hp_hum_netgun_electric_v01.geo
30711,Weapon_Avatar_Sunset_PropellantGun_Sonic_MaXxX,hp_hum_propellant_gun_sonic.geo
30712,Weapon_Avatar_Sunset_Rifle_EMP_Willbrind,hp_hum_rifle_emp_v01.geo
30713,Weapon_Avatar_Sunset_Staff_Virulent_Oklysh,hp_hum_staff_viral_v01.geo
30714,Weapon_Avatar_Sunset_MachineGun_v3_Physical_Sajud_Soljar ,hp_hum_machinegun_physical_series3_holstered_v01.geo
30715,Weapon_Avatar_Sunset_Torqueshell_Rifle_Sonic_Chazor,hp_hum_sniperrifle_sonic.geo
30716,Weapon_Avatar_Sunset_Shotgun_v2_Fire_Pixxie,hp_hum_shotgun_fire_medium.geo
30717,Weapon_Avatar_Sunset_Shotgun_v3_Fire_Kaczmanchoy,hp_hum_shotgun_fire_heavy.geo
30718,Weapon_Avatar_Sunset_Healing_Disc_Direct_Erhardt,hp_hum_tool_healing_disc_v01.geo
30720,UseableThreeStateHumanGrendelHologram,human_pau_grendel_hologram_v01.geo
30721,UseableThreeStateHumanOrsonHologram,human_pau_orson_hologram_v01.geo
30722,UseableThreeStateHumanVulcanHologram,human_pau_vulcan_hologram_v01.geo
30723,UseableThreeStateHumanAngelHologram,human_pau_angel_hologram_v01.geo
30724,ArchHumOutpostFenceEntranceV05,arch_hum_outpost_fence_entrance_v05.geo
10000020,UsableCrSpawnerHumDropshipDELETE,vehicle_hum_dropship_v01.geo
10000025,Mygone_Creature_Impaler_Boss,creature_mycon_impaler_v01.geo
10000035,CorpseLootDispenser,null_geo.geo
10000043,Sys_GameEffect_Proxy,particle_proxy.geo
10000044,TerraAriekiLigoLavaWall32m32V01,terra_arieki_ligo_lava_wall_32m_32_v01.geo
10000045,TerraAriekiCavernMineRoof500X280V01,terra_arieki_cavern_mine_roof_500m_x_280m_v01.geo
10000046,TerraAriekiLigoLavaWall32m32V02,terra_arieki_ligo_lava_wall_32m_32_v02.geo
10000047,TerraAriekiLigoLavaWall32m16V01,terra_arieki_ligo_lava_wall_32m_16_v01.geo
10000048,UsableStatelessBrannGenObjOSMonitorV01,prop_brann_os_monitor_v01.geo
10000049,ArchBrannTowerCommRoomV01,arch_brann_tower_comm_room_v01.geo
10000050,BWR_Bane_Detonator,prop_hum_bomb_v01.geo
10000053,UsableAbilityHortimonculus,vfx_ability_hortimunculus_plant_v01.geo
10000058,Consumable_Bomb_EMP_01_05,prop_hum_bomb_v02_horiz.geo
10000059,UsableAbilityPlaceBomb,prop_hum_bomb_v02_horiz.geo
10000063,UsableClanLockboxV01,prop_hum_clan_lockbox_v01.geo
10000071,UsableControlPoint_OwnablePvP_ElohV01,arch_eloh_controlpoint_v02_pvp.geo
10000077,test_jsavinelli_dropship_landpad_TEMP_DONOTUSE,arch_bane_landingpad_dropship_destroyed_transition_v01.geo
10000078,TEST_Weapon_Avatar_Forean_Club,hp_loper_club_v01.geo
10000079,TEST_Weapon_Avatar_Loper_Spear,hp_loper_spear.geo
10000080,Weapon_Avatar_Blade_Epic_Test,hp_hum_sword_epic_v01.geo
10000081,Weapon_Avatar_Staff_Epic_Test,hp_hum_staff_emp_v01.geo
10000083,UsableOwnableForceFieldHumOutpostV01,arch_hum_outpost_fence_entrance_v01_forcefield_hued.geo
20000001,UsableForceFieldHumOutpostGateV01,arch_hum_outpost_fence_entrance_v01_forcefield.geo
20000003,UsableForceFieldBaneOutpostWallMinorV01,arch_bane_outpost_wall_minor_entrance_v01_forcefield.geo
20000013,MisWildernessItemPravusKey,item_keycard_v01_bane.geo
20000014,UsableTwoStateBaneObjConsoleLockDisplayDELETEDUPE,prop_bane_console_monitor_v01_v02.geo
20000015,UsableStatelessBaneObjConsoleLockTerminalDELETEDUPE,prop_bane_console_switch_door_v01.geo
20000032,UsableStatelessBaneMachinaFactoryBase02DELETEDUPE,arch_bane_machina_factory_core.geo
20000033,TerraAriekiAttaCavernLightCurvedV01,terra_arieki_atta_cavern_light_curved_v01.geo
20000034,TerraAriekiAttaCavernLightCurvedV02,terra_arieki_atta_cavern_light_curved_v02.geo
20000035,TerraAriekiAttaCavernLightCurvedV03,terra_arieki_atta_cavern_light_curved_v03.geo
20000036,TerraAriekiAttaCavernLightPillarV01,terra_arieki_atta_cavern_light_pillar_v01.geo
20000037,TerraAriekiAttaCavernLightPillarV02,terra_arieki_atta_cavern_light_pillar_v02.geo
20000038,TerraAriekiAttaCavernLightPillarV03,terra_arieki_atta_cavern_light_pillar_v03.geo
20000039,TerraAriekiAttaCavernLightV01,terra_arieki_atta_cavern_light_v01.geo
20000040,TerraAriekiAttaCavernLightV02,terra_arieki_atta_cavern_light_v02.geo
20000041,TerraAriekiAttaCavernLightV03,terra_arieki_atta_cavern_light_v03.geo
20000042,TerraAriekiCavernRockyEndcapV01,terra_arieki_cavern_rocky_endcap_v01.geo
20000043,TerraAriekiCavernRockyEntrance24mV01,terra_arieki_cavern_rocky_entrance_24m_v01.geo
20000044,TerraAriekiCavernRockyEntrance24mV02,terra_arieki_cavern_rocky_entrance_24m_v02.geo
20000045,TerraAriekiCavernRockyInstance,terra_arieki_cavern_rocky_instance.geo
20000046,TerraAriekiCavernRockyOffset1624mLV01,terra_arieki_cavern_rocky_offset16_24m_l_v01.geo
20000047,TerraAriekiCavernRockyOffset16,terra_arieki_cavern_rocky_offset16_24m_r_v01.geo
20000048,TerraAriekiCavernRockyOffset824mLV01,terra_arieki_cavern_rocky_offset8_24m_l_v01.geo
20000049,TerraAriekiCavernRockyOffset824mRV01,terra_arieki_cavern_rocky_offset8_24m_r_v01.geo
20000050,TerraAriekiCavernRockyRamp1624mV01,terra_arieki_cavern_rocky_ramp16_24m_v01.geo
20000051,TerraAriekiCavernRockyRamp824mV01,terra_arieki_cavern_rocky_ramp8_24m_v01.geo
20000052,TerraAriekiCavernRockyRampleft824mV01,terra_arieki_cavern_rocky_rampleft8_24m_v01.geo
20000053,TerraAriekiCavernRockyRoomV01,terra_arieki_cavern_rocky_room_v01.geo
20000054,FloraForeasVistaTree01V01,flora_foreas_vista_tree_01_v01.geo
20000055,FloraForeasSwampPlant08V04,flora_foreas_swamp_plant08_v04.geo
20000056,FloraForeasSwampPlant08V05,flora_foreas_swamp_plant08_v05.geo
20000057,FloraForeasSwampPlant08V06,flora_foreas_swamp_plant08_v06.geo
20000058,UsableInertDestHumDropshipDestroyedV03,prop_hum_dropship_v03_destroyed.geo
20000059,FloraForeasVistaTree01V02,flora_foreas_vista_tree_01_v02.geo
20000060,FloraForeasVistaTree01V03,flora_foreas_vista_tree_01_v03.geo
20000062,MisBootcampBombMortarBomb,prop_hum_bomb_v01.geo
20000064,MisBootCampToTrenchesBomb,prop_hum_bomb_v01.geo
20000065,FloraForeasGenTree01SaplingV01,flora_foreas_gen_tree01_sapling_v01.geo
20000066,FloraForeasGenTree01SaplingV02,flora_foreas_gen_tree01_sapling_v02.geo
20000067,ArchForeanElohStatueBurnedV01_02,arch_forean_eloh_statue_burned_v01_02.geo
20000068,ArchForeanElohStatueBurnedV01_05,arch_forean_eloh_statue_burned_v01_05.geo
20000069,ArchForeanElohStatueBurnedV01_06,arch_forean_eloh_statue_burned_v01_06.geo
20000070,ArchForeanElohStatueBurnedV01_07,arch_forean_eloh_statue_burned_v01_07.geo
20000071,TerraForeasMountainTopV01,terra_foreas_mountain_top_v01.geo
20000072,ArchHumOutpostDitchStraight8V01Destroyed,arch_hum_outpost_ditch_straight_8_v02_destroyed.geo
20000073,FloraForeasSwampTreesV01,flora_foreas_swamp_trees_v01.geo
20000074,FloraForeasSwampTreesV02,flora_foreas_swamp_trees_v02.geo
20000075,FloraForeasSwampTreeDead01V02,flora_foreas_swamp_tree_dead01_v02.geo
20000078,Weapon_Avatar_Sunset_Shotgun_Sonic_Justify,hp_hum_shotgun_sonic.geo
20000079,Weapon_Avatar_Sunset_Shotgun_Laser_Schneebruch,hp_hum_shotgun_laser_v01.geo
20000080,Weapon_Avatar_Sunset_RocketLauncher_Laser_Xray2ia,hp_hum_rocketlauncher_laser.geo
20000081,Weapon_Avatar_Sunset_RocketLauncher_Sonic_Kelvan,hp_hum_rocketlauncher_sonic.geo
20000082,Weapon_Avatar_Sunset_RocketLauncher_V2_Physical_Zdenka,hp_hum_rocketlauncher_physical_medium_v01.geo
20000083,Weapon_Avatar_Sunset_Field_Repair_Area_MentalFS,hp_hum_field_repair.geo
20000084,Weapon_Avatar_Sunset_MachineGun_Laser_Campbell,hp_hum_machinegun_laser_v01.geo
20000085,Weapon_Avatar_Sunset_MachineGun_EMP_ClassX,hp_hum_machinegun_emp.geo
20000086,Weapon_Avatar_Sunset_NetGun_Fire_Obitus,hp_hum_netgun_fire.geo
20000087,Weapon_Avatar_Sunset_Blade_Physical_Astrid,hp_hum_sword_v01.geo
20000088,Weapon_Avatar_Sunset_GrenadeLauncher_Ice_Cavallari,hp_hum_grenadelauncher_ice.geo
20000089,Weapon_Avatar_Sunset_LeechGun_Virulent_Battle,hp_hum_densitygun_viral_v01.geo
